title,description,price,area,address,province_city,district,direction,type,bedroom,toilet,floor,law,type_estate,width,image_links,geo_code
"BÃ¡n CHDV Ä‘Æ°á»ng ÄoÃ n VÄƒn BÆ¡, PhÆ°á»ng 14, Quáº­n 4 , 68m2 giÃ¡ 4 tá»· 2","CHDV Ä‘Æ°á»ng ÄoÃ n VÄƒn BÆ¡, PhÆ°á»ng 14, Quáº­n 4. KhÃ´ng quy hoáº¡ch. ThÃ´ng kháº¯p nÆ¡i: TÃ´n Äáº£n, XÃ³m Chiáº¿u, Nguyá»…n Táº¥t ThÃ nh, TÃ´n Tháº¥t Thuyáº¿t. SÃ¡t vÃ¡ch Quáº­n 1 - 2 - 5 - 7.

_ Diá»‡n tÃ­ch: 68 m2 (4,28 m x 15,5 m). Dtsd: 181 m2.

_ NhÃ  3 táº§ng BTCT gá»“m: 1 trá»‡t, 2 láº§u, 5 phÃ²ng ngá»§, 5 WC, ban cÃ´ng. HoÃ n cÃ´ng Ä‘á»§.

_ Ná»™i tháº¥t Ä‘áº§u tÆ° xá»‹n, 5 phÃ²ng ï¸ngá»§ Ä‘á»u cÃ³: báº¿p tá»« + mÃ¡y hÃºt mÃ¹i + tá»§ ká»‡ báº¿p + sofa bed + tá»§ quáº§n Ã¡o + gÆ°Æ¡ng soi + bÃ n gháº¿ Äƒn + bÃ n sofa + ká»‡ TV + mÃ¡y láº¡nh + WC riÃªng + phÃ²ng khÃ³a tá»« + sÃ n gá»— má»›i lÃ¡t T5/2024. CÃ³ bÃ n sáº¡c pin Ä‘iá»‡n thoáº¡i khÃ´ng dÃ¢y kiÃªm loa Bluetooth. Cho thuÃª doanh thu 32 triá»‡u/ thÃ¡ng.",4.2,68,"ÄÆ°á»ng ÄoÃ n VÄƒn BÆ¡,  PhÆ°á»ng 14, Quáº­n 4, Há»“ ChÃ­ Minh",Há»“ ChÃ­ Minh,4,,Mua BÃ¡n,5.0,5.0,3.0,Sá»• há»“ng/ Sá»• Ä‘á»,NhÃ  Trong NgÃµ,4,https://alonhadat.com.vn//files/properties/2024/6/30/images/014711834-4037-ban-nha-trong-hem-ho-chi-minh-gia-re.jpg,"[10.7595494, 106.7108411]"
"CÄƒn gÃ³c 2MT Ä‘Æ°á»ng 19 P8 GÃ² Váº¥p.DT 69,6m2 GiÃ¡:2.740 tá»· gáº§n Mercedes Quang Trung ThuÃª 17Tr/T","SiÃªu pháº©m 2 máº·t tiá»n GÃ² Váº¥p

5.8m x 12m - Diá»‡n tÃ­ch sÃ n: 175m2
2 máº·t tiá»n, Ä‘Æ°á»ng 10m, vá»‰a hÃ¨ rá»™ng
Oto ngá»§ trong nhÃ 
1 trá»‡t - 1 lá»­ng - 3 láº§u, nhÃ  má»›i tinh

Khu phÃ¢n lÃ´ cao cáº¥p, dÃ¢n trÃ­ cao
á», kinh doanh, má»Ÿ vp Ä‘á»u ráº¥t tiá»‡n
Äá»‘i diá»‡n Mercedes Quang Trung Ä‘i vÃ o, gáº§n cv LÃ ng Hoa, cÃ³ cÃ´ng viÃªn ná»™i khu
GiÃ¡ chá»‘t 2.740 tá»· áº¡.",2.74,70,"ÄÆ°á»ng sá»‘ 19,  PhÆ°á»ng 8, Quáº­n GÃ² Váº¥p, Há»“ ChÃ­ Minh",Há»“ ChÃ­ Minh,GÃ² Váº¥p,,Mua BÃ¡n,4.0,4.0,3.0,Sá»• há»“ng/ Sá»• Ä‘á»,NhÃ  Trong NgÃµ,"5,8",https://alonhadat.com.vn//files/properties/2024/6/30/images/014712158-5439-ban-nha-trong-hem-quan-go-vap.jpg,"[10.8393253, 106.6549729]"
"Ngang khá»§ng 7m TÃ”I Cáº¦N BÃN NHÃ€ ÄÆ¯á»œNG TÄ‚NG Báº T Há»”, BÃŒNH THáº NH.GiÃ¡ 2.660 tá»·/DT 70m2.SHR","Vá»‹ trÃ­: TÄƒng Báº¡t Há»•, PhÆ°á»ng 11, BÃ¬nh Tháº¡nh
Diá»‡n tÃ­ch: 7m x 10m
Káº¿t cáº¥u: 1trá»‡t 1láº§u 3pn 3wc
ÄÆ°á»ng trÆ°á»›c nhÃ  6m xe hÆ¡i thoáº£i mÃ¡i
PhÃ¡p lÃ½: Sá»• há»“ng chÃ­nh chá»§, khÃ´ng cáº¯m ngÃ¢n hÃ ng
LiÃªn há»‡: em Nhá»±t Minh Ä‘á»ƒ Ä‘Æ°á»£c Ä‘i Xem nhÃ  trá»±c tiáº¿p",2.66,70,"ÄÆ°á»ng TÄƒng Báº¡t Há»•,  PhÆ°á»ng 11, Quáº­n BÃ¬nh Tháº¡nh, Há»“ ChÃ­ Minh",Há»“ ChÃ­ Minh,BÃ¬nh Tháº¡nh,,Mua BÃ¡n,3.0,3.0,1.0,Sá»• há»“ng/ Sá»• Ä‘á»,NhÃ  Trong NgÃµ,7,https://alonhadat.com.vn//files/properties/2024/6/30/images/014711615-5144-ban-nha-trong-hem-ho-chi-minh.jpg,"[10.8120073, 106.6940784]"
"GiÃ¡ tá»‘t chá»‘t ngay !!! NhÃ  ÄoÃ n Thá»‹ Äiá»ƒm,PhÃº nhuáº­n,58m2 giÃ¡ 2Tá»¶340tr cho thuÃª 13tr/thÃ¡ng","ğŸ‘‰Vá»‹ trÃ­: háº»m 1 sáº¹c ÄoÃ n Thá»‹ Äiá»ƒm thÃ´ng ra Ä‘Æ°á»ng lá»›n Phan XÃ­ch Long
- khu vá»±c cÃ³ Ä‘áº§y Ä‘á»§ tiá»‡n Ã­ch xung quanh khÃ´ng thiáº¿u thá»© gÃ¬,háº»m trÆ°á»›c nhÃ  gáº§n 5m xe hÆ¡i trÃ¡nh nhau

* Hiá»‡n Tráº¡ng : NhÃ  Ä‘ang cho thuÃª 13 triá»‡u / thÃ¡ng

ğŸ€ Káº¿t cáº¥u : 1 trá»‡t 2 láº§u ,nhÃ  Ä‘Æ°á»£c thiáº¿t káº¿  3 phÃ²ng ngá»§,3 wc,phÃ²ng thá»,...

-Diá»‡n tÃ­ch : 57,6m2 ( 4x14,4 ) hoÃ n cÃ´ng Ä‘áº§y Ä‘á»§
-PhÃ¡p lÃ½ : sá»• há»“ng riÃªng chÃ­nh chá»§,sang tÃªn cÃ´ng chá»©ng trong ngÃ y

ğŸGiÃ¡ bÃ¡n:2 tá»· 340 triá»‡u (cÃ²n thÆ°Æ¡ng lÆ°á»£ng) .Táº·ng háº¿t ná»™i tháº¥t xá»‹n sÃ² nhÆ° hÃ¬nh cÃ³ trong nhÃ ",2.34,58,"ÄÆ°á»ng ÄoÃ n Thá»‹ Äiá»ƒm,  PhÆ°á»ng 1, Quáº­n PhÃº Nhuáº­n, Há»“ ChÃ­ Minh",Há»“ ChÃ­ Minh,PhÃº Nhuáº­n,,Mua BÃ¡n,3.0,3.0,2.0,Sá»• há»“ng/ Sá»• Ä‘á»,NhÃ  Trong NgÃµ,4,https://alonhadat.com.vn//files/properties/2024/6/29/images/014707318-0046-ban-nha-trong-hem-ho-chi-minh.jpg,"[10.7998104, 106.6818678]"
Äá»‹nh cÆ° nÆ°á»›c ngoÃ i bÃ¡n nhÃ  62m2/2.550 tá»· 2láº§u+3PN Ä‘.Nguyá»…n TrÃ£i-Q5.Cho thuÃª cao 16tr/ThÃ¡ng,"Vá»‹ trÃ­: Náº±m táº¡i trá»¥c háº»m 1/Nguyá»…n TrÃ£i PhÆ°á»ng 14 quáº­n 5, Ä‘Æ°á»ng rá»™ng 7m. ThÃ´ng kháº¯p, xe hÆ¡i cháº¡y thoáº£i mÃ¡i.
ğŸ¤© Äang cho thuÃª 16 triá»‡u/1 thÃ¡ng. KhÃ¡ch cÃ³ thá»ƒ giá»¯ há»£p Ä‘á»“ng hoáº·c láº¥y láº¡i.
ğŸ¥³ BÃ¡n kÃ­nh 500m Ä‘áº§y Ä‘á»§ tiá»‡n Ã­ch nhÆ°: TrÆ°á»ng há»c cÃ¡c cáº¥p, UBND TP, Big C, bá»‡nh viá»‡n, chá»£, ngÃ¢n hÃ ng, cÃ´ng viÃªn,...
- Diá»‡n tÃ­ch nhÃ : 4.2x15.8m (62mÂ²).
- GiÃ¡: 2.550 tá»·
- Káº¿t cáº¥u nhÃ : 1 trá»‡t, 2 láº§u. 3 phÃ²ng ngá»§, 4WC.
- PhÃ¡p lÃ½: Sá»• há»“ng riÃªng, sang tÃªn ngay.ğŸ˜ğŸ˜


LiÃªn há»‡ ngay Ä‘á»ƒ Ä‘Æ°á»£c há»— trá»£ thÃ´ng tin chi tiáº¿t",2.55,62,"ÄÆ°á»ng Nguyá»…n TrÃ£i,  PhÆ°á»ng 14, Quáº­n 5, Há»“ ChÃ­ Minh",Há»“ ChÃ­ Minh,5,,Mua BÃ¡n,3.0,3.0,2.0,Sá»• há»“ng/ Sá»• Ä‘á»,NhÃ  Trong NgÃµ,"4,2",https://alonhadat.com.vn//files/properties/2024/6/12/images/014617270-3240-ban-nha-trong-hem-ho-chi-minh-gia-re.jpg,"[10.752751, 106.6528193]"
NhÃ  siÃªu pháº©m ngay Nguyá»…n Huy ThÃ´ng Quáº­n GÃ² Váº¥p 55m2 giÃ¡ 2ty350 1 trá»‡t 2 láº§u sá»• há»“ng riÃªng,"LÃªn sÃ³ng em siÃªu pháº©m diá»‡n tÃ­ch cá»±c ká»³ á»•n Ã¡p thiáº¿t káº¿ cá»±c Ä‘áº¹p ngay GÃ² Váº¥p 

Vá»‹ trÃ­: Nguyá»…n Huy ThÃ´ng - P. 14 - Quáº­n GÃ² Váº¥p- HCM. CÃ¡ch MT 30m, khu vá»±c sáº§m uáº¥t tiá»‡n kinh doanh hoáº·c á»Ÿ Ä‘á»u phÃ¹ há»£p
Káº¿t cáº¥u: 1 trá»‡t 2 láº§u cÃ´ng nÄƒng gá»“m sÃ¢n Ä‘á»ƒ xe rá»™ng phÃ²ng khÃ¡ch báº¿p 4 pn 4 toilet sÃ¢n thÆ°á»£ng
ÄÆ°á»ng: 6m xe hÆ¡i thoáº£i mÃ¡i.
Diá»‡n tÃ­ch: Ngang 5m dÃ i 11m.
PhÃ¡p lÃ½: Sá»• há»“ng riÃªng.
Ná»™i tháº¥t bÃ n giao: Full option.",2.35,55,"ÄÆ°á»ng Nguyá»…n Huy ThÃ´ng,  PhÆ°á»ng 14, Quáº­n GÃ² Váº¥p, Há»“ ChÃ­ Minh",Há»“ ChÃ­ Minh,GÃ² Váº¥p,,Mua BÃ¡n,4.0,4.0,2.0,Sá»• há»“ng/ Sá»• Ä‘á»,NhÃ  Trong NgÃµ,5,https://alonhadat.com.vn//files/properties/2024/6/30/images/014711678-0627-ban-nha-trong-hem-ho-chi-minh-chinh-chu.jpg,"[10.83592, 106.67197]"
"NhÃ  ngá»™p giÃ¡ ráº» Ä. Tráº§n Huy Liá»‡u, Quáº­n PhÃº Nhuáº­n / 68m2 / 2 Tá»· 460 (Sá»• Há»“ng RiÃªng)","NhÃ  bÃ¡n ngá»™p Ä. Tráº§n Huy Liá»‡u, Quáº­n PhÃº Nhuáº­n / 68m2 / 2 Tá»· 460 (Sá»• Há»“ng RiÃªng)
---------------------------------------
+ Vá»‹ trÃ­ : cÃ¡ch Ä‘Æ°á»ng Phan ÄÄƒng LÆ°u 600m vÃ  Ä‘áº¿n Ä‘áº¡i há»c HUTECH TPHCM chá»‰ vá»›i 3 phÃºt
+ XÃ¢y dá»±ng : 1 trá»‡t, 2 láº§u, 4 phÃ²ng ngá»§ rá»™ng rÃ£i, nhÃ  cÃ³ chá»— Ä‘áº­u xe, á»Ÿ Ä‘Æ°á»£c 5 - 7 ngÆ°á»i
+ Diá»‡n tÃ­ch nhÃ  : 68m2
+ Sá»• Há»“ng RiÃªng
+ GiÃ¡ bÃ¡n: 2 Tá»· 460
---------------------------------------
â˜ï¸ LiÃªn há»‡ gáº·p Duy Báº¯c Ä‘á»ƒ Ä‘i xem nhÃ  ngay nhÃ© !! (Cam káº¿t khÃ´ng thu phÃ­ khi Ä‘i xem nhÃ )",2.46,68,"ÄÆ°á»ng Tráº§n Huy Liá»‡u,  PhÆ°á»ng 17, Quáº­n PhÃº Nhuáº­n, Há»“ ChÃ­ Minh",Há»“ ChÃ­ Minh,PhÃº Nhuáº­n,,Mua BÃ¡n,4.0,4.0,2.0,Sá»• há»“ng/ Sá»• Ä‘á»,NhÃ  Trong NgÃµ,5,https://alonhadat.com.vn//files/properties/2024/6/30/images/014711627-5427-ban-nha-trong-hem-ho-chi-minh-chinh-chu.jpg,"[10.7969339, 106.6780123]"
"CHÃNH CHá»¦ Bá»Š SIáº¾T Ná»¢ BÃN CÄ‚N NHÃ€ Láº¦U , Sá»” Há»’NG RIÃŠNG , ÄANG CHO THUÃŠ 9TR/ 1THÃNG","CHÃNH CHá»¦ Bá»Š SIáº¾T Ná»¢ BÃN CÄ‚N NHÃ€ Láº¦U 120M2 CHá»ˆ 1TY3
- NHÃ€ CHO THUÃŠ 9TR/ THÃNG
- - NhÃ  máº·t tiá»n Ä‘Æ°á»ng, Ä‘Æ°á»£c xÃ¢y dá»±ng kiÃªn cá»‘, phÃ­a trÆ°á»›c cÃ³ cÃ´ng viÃªn rá»™ng rÃ£i
- TÃ´i cÃ³ 2 cÄƒn bÃ¡n gáº¥p phÃ¹ há»£p cÄƒn nÃ o gá»i tÃ´i
+ cÄƒn 1 láº§u 120m2 giÃ¡ 1ty3
+ cÄƒn 1 láº§u 200m2 giÃ¡ 1ty8
- Sá»• há»“ng riÃªng, Äi cÃ´ng chá»©ng sang tÃªn trong ngÃ y, khu dÃ¢n cÆ° Ä‘Ã´ng Ä‘Ãºc tiá»‡n buÃ´n bÃ¡n, kinh doanh
-  Tiá»‡n Ã­ch : Náº±m liá»n ká» CHá»¢ BÃŒNH CHÃNH, vá» bÃ¬nh tÃ¢n, quáº­n 5 máº¥t 20- 25â€™
- CÃ’N 1 LÃ” Äáº¤T DÃNH LIá»€N Náº°M Gáº¦N CÄ‚N NHÃ€ GIÃ 600 TRIá»†U / 1 LÃ”
- Náº¿u tÃ i chÃ­nh khÃ´ng Ä‘á»§ chá»‰ cáº§n cÃ³ 500tr mua Ä‘Æ°á»£c nhÃ  cÃ²n láº¡i há»— trá»£ bÃ  con vay ngÃ¢n hÃ ng
ïƒ° Äang káº¹t tiá»n nÃªn khÃ´ng tiáº¿p cÃ² lÃ¡i bÃ  con mua liÃªn há»‡ trá»±c tiáº¿p tÃ´i",1.3,120,"ÄÆ°á»ng Äinh Äá»©c Thiá»‡n,  XÃ£ BÃ¬nh ChÃ¡nh, Huyá»‡n BÃ¬nh ChÃ¡nh, Há»“ ChÃ­ Minh",Há»“ ChÃ­ Minh,BÃ¬nh ChÃ¡nh,,Mua BÃ¡n,4.0,4.0,1.0,Sá»• há»“ng/ Sá»• Ä‘á»,NhÃ  Máº·t Phá»‘,6,https://alonhadat.com.vn//files/properties/2024/6/26/images/014315298-0532-ban-nha-mat-tien-ho-chi-minh-gia-re.jpg,"[10.70326, 106.56508]"
"BÃ¡n nhÃ  Ä‘Æ°á»ng Nguyá»…n Kiá»‡m, P.9, Quáº­n PhÃº Nhuáº­n chá»‰ 1 tá»· 9 nhÃ  41 m2 Ä‘ang thuÃª 10 triá»‡u","ğŸ«  Nguyá»…n Kiá»‡m, phÆ°á»ng 09, quáº­n PhÃº Nhuáº­n
- Diá»‡n tÃ­ch: 41 m2
- Káº¿t Cáº¥u: 1 trá»‡t 2 láº§u 3 phÃ²ng ngá»§ 3 nhÃ  vá»‡ sinh
- GiÃ¡ bÃ¡n: 1.9 tá»·
- Tiá»‡n Ã­ch xung quanh
- Gáº§n chá»£ GÃ² Váº¥p, trÆ°á»ng há»c cÃ¡c cáº¥p 1,2,3 tá»« nhÃ  qua Äáº¡i há»c cÃ´ng nghiá»‡p chá»‰ máº¥t 5 phÃºt
- Khu dÃ¢n trÃ­ cao, an sinh, sáº¡ch sáº½
- NhÃ  cÃ¡ch sÃ¢n bay TÃ¢n SÆ¡n nháº¥t chá»‰ 5-7 phÃºt di chuyá»ƒn sang cÃ¡c quáº­n trung tÃ¢m chá»‰ máº¥y tá»« 15 phÃºt
LiÃªn há»‡ ngay Ä‘á»ƒ Ä‘c há»— trá»£ tÆ° váº¥n",1.9,41,"ÄÆ°á»ng Nguyá»…n Kiá»‡m,  PhÆ°á»ng 9, Quáº­n PhÃº Nhuáº­n, Há»“ ChÃ­ Minh",Há»“ ChÃ­ Minh,PhÃº Nhuáº­n,,Mua BÃ¡n,3.0,3.0,3.0,Sá»• há»“ng/ Sá»• Ä‘á»,NhÃ  Trong NgÃµ,4,https://alonhadat.com.vn//files/properties/2024/6/26/images/014689943-0908-ban-nha-trong-hem-quan-phu-nhuan-gia-re.jpg,"[10.8032667, 106.6789874]"
"BÃ¡n nhÃ  Ä‘Æ°á»ng sá»‘ 20, Thá»§ Äá»©c chá»‰ 2 tá»· 650 nhÃ  1 trá»‡t 2 láº§u Ä‘ang cho thuÃª 14 tr/thÃ¡ng","- Háº»m 1/ sáº¹c Ä‘Æ°á»ng sá»‘ 20 Hiá»‡p BÃ¬nh ChÃ¡nh, TP Thá»§ Äá»©c
+ Káº¿t cáº¥u: 1 trá»‡t, 2láº§u  sÃ¢n thÆ°á»£ng.
+ Diá»‡n tÃ­ch 60m2 4x15
+ GiÃ¡ BÃ¡n : 2 tá»· 650
+ NhÃ  1 trá»‡t 2 láº§u
+ NhÃ  má»›i Ä‘áº¹p vá»›i 3PN, 3WC . 
+ Háº»m xe hÆ¡i ngá»§ trong nhÃ  , thoÃ¡ng mÃ¡t sáº¡ch sáº», khu dÃ¢n cÆ° an ninh sÃ¡t bÃªn trung tÃ¢m thÆ°Æ¡ng máº¡i.
LiÃªn há»‡ ngay Ä‘á»ƒ Ä‘Æ°á»£c há»— trá»£ tÆ° váº¥n",2.65,56,"ÄÆ°á»ng Sá»‘ 20,  PhÆ°á»ng Hiá»‡p BÃ¬nh ChÃ¡nh, ThÃ nh phá»‘ Thá»§ Äá»©c, Há»“ ChÃ­ Minh",Há»“ ChÃ­ Minh,Thá»§ Äá»©c,,Mua BÃ¡n,3.0,3.0,2.0,Sá»• há»“ng/ Sá»• Ä‘á»,NhÃ  Trong NgÃµ,4,https://alonhadat.com.vn//files/properties/2024/6/26/images/014691018-5330-ban-nha-trong-hem-ho-chi-minh-chinh-chu.jpg,"[10.8293227, 106.7222808]"
"Giáº£m sÃ¢u 200 tr cÃ²n 1.9 tá»· sá»Ÿ há»¯u nhÃ  háº»m 173 KhuÃ´ng Viá»‡t, TÃ¢n PhÃº nhÃ  hÆ¡n 29m2  sá»• riÃªng","- NhÃ  háº»m 173 KhuÃ´ng Viá»‡t, PhÃº Trung, TÃ¢n PhÃº
- Diá»‡n tÃ­ch: 29.4 m2
- NhÃ  1 trá»‡t 2 láº§u, 3 phÃ²ng ngá»§, 2 nhÃ  vá»‡ sinh.
- GiÃ¡: 1 Tá»¶ 9
- Sá»• há»“ng riÃªng chÃ­nh chá»§.
- NhÃ  thiáº¿t káº¿ hiá»‡n Ä‘áº¡i, ná»™i tháº­t ngoáº¡i nháº­p, giÃ¡ thÆ°Æ¡ng lÆ°á»£ng khÃ¡ch thiá»‡n chÃ­.
- Háº»m trÆ°á»›c nhÃ  5m Ã´ tÃ´ ra vÃ o thoáº£i mÃ¡i
- khu vá»±c an ninh , tiá»‡n Ã­ch Ä‘áº§y Ä‘á»§ an sinh cá»±c thÃ­ch há»£p.
LiÃªn há»‡ ngay Ä‘á»ƒ tiá»‡n há»— trá»£ tÆ° váº¥n.",1.9,29,"ÄÆ°á»ng KhuÃ´ng Viá»‡t,  PhÆ°á»ng PhÃº Trung, Quáº­n TÃ¢n PhÃº, Há»“ ChÃ­ Minh",Há»“ ChÃ­ Minh,TÃ¢n PhÃº,,Mua BÃ¡n,3.0,3.0,2.0,Sá»• há»“ng/ Sá»• Ä‘á»,NhÃ  Äáº¥t Thá»• CÆ°,4,https://alonhadat.com.vn//files/properties/2023/10/6/images/013490012-1103-ban-dat-tho-cu-dat-o-quan-tan-phu-gia-re.jpg,"[10.777084, 106.6403733]"
NHÃ€ Máº¶T TIá»€N KINH DOANH - ÄANG CHO THUÃŠ 8 triá»‡u / thÃ¡ng - Sá»” Há»’NG RIÃŠNG - ÄÆ¯á»¢C TRáº¢ GÃ“P,"NgÃ¢n hÃ ng siáº¿t ná»£ nÃªn chá»‹ PhÆ°Æ¡ng cáº§n bÃ¡n gáº¥p 2 cÄƒn nhÃ   má»›i xÃ¢y 99,999% Khu Vá»±c Chá»£ BÃŒNH CHÃNH.

+ 5 x 20 ( 100m2 ) : giÃ¡ 1 tá»· Ä‘á»“ng

    5 x 16 ( 80m2 ) : giÃ¡ 800 triá»‡u .

- Chá»‰ cáº§n 400 triá»‡u lÃ  cÃ³ thá»ƒ mua nhÃ  , ngÃ¢n hÃ ng há»• trá»£ sá»‘ cÃ²n láº¡i náº¿u khÃ¡ch thiáº¿u tÃ i chÃ­nh .

- 2 cÄƒn nhÃ  cÃ¡ch chá»£ BÃ¬nh ChÃ¡nh chá»‰ 500mÃ©t. Cam káº¿t ráº» nháº¥t khu vá»±c .
 
- Vá»‹ trÃ­ nhÃ  kinh doanh cá»±c ká»³ tá»‘t, xung quanh dÃ¢n cÆ° Ä‘Ã´ng Ä‘Ãºc , nhÃ  hÃ ng quÃ¡n Äƒn Ä‘áº§y Ä‘á»§. Ráº¥t thuáº­n tiá»‡n buÃ´n bÃ¡n , cho thuÃª,....

 - Äang cho thuÃª 8 triá»‡u / thÃ¡ng (  máº·t tiá»n kinh doanh ) .

- NhÃ  thiáº¿t káº¿: 3 phÃ²ng ngá»§ , 2 nhÃ  vá»‡ sinh. CÃ³ sÃ¢n thÆ°á»£ng Ä‘á»ƒ trá»“ng cÃ¢y cáº£nh , phÆ¡i Ä‘á»“ ,â€¦.

- Sá»” Há»’NG RIÃŠNG - cÃ´ng chá»©ng trong ngÃ y ( bao sang tÃªn )

- BÃ¡n kÃ­nh 500m lÃ : Chá»£ BÃ¬nh ChÃ¡nh , bÃ¡ch hoÃ¡ xanh , TrÆ°á»ng cáº¥p 1 , 2 , 3 . Bá»‡nh viá»‡n , nhÃ  thuá»‘c Long ChÃ¢u,â€¦.

- Chá»‹ Ä‘ang cáº§n tiá»n gáº¥p trong tuáº§n nÃªn khÃ¡ch thiá»‡n chÃ­ sáº½ thÆ°Æ¡ng lÆ°á»£ng Ä‘Æ°á»£c giÃ¡ tá»‘t .

Gá»i em Thá»‹nh Ä‘á»ƒ xem nhÃ  ( xin cÃ¡m Æ¡n ).

Miá»…n tiáº¿p cÃ² lÃ¡i trÃ¡nh máº¥t thá»i gian!!",0.8,100,"ÄÆ°á»ng Äinh Äá»©c Thiá»‡n,  XÃ£ BÃ¬nh ChÃ¡nh, Huyá»‡n BÃ¬nh ChÃ¡nh, Há»“ ChÃ­ Minh",Há»“ ChÃ­ Minh,BÃ¬nh ChÃ¡nh,,Mua BÃ¡n,3.0,3.0,2.0,Sá»• há»“ng/ Sá»• Ä‘á»,NhÃ  Máº·t Phá»‘,5,https://alonhadat.com.vn//files/properties/2024/5/31/images/014546236-1100-ban-nha-mat-tien-ho-chi-minh-chinh-chu.jpg,"[10.70326, 106.56508]"
BÃ¡n nhÃ  MT KINH DOANH mua bÃ¡n NGAY CHá»¢ BÃŒNH CHÃNH - 5x16m2 - shr - 620tr,"NHÃ€ Äáº¸P - Máº¶T TIá»€N KINH DOANH NGAY CHá»¢ BÃŒNH CHÃNH  - 620tr 5x16m2

âœ… NhÃ  Ä‘ang cho thuÃª kinh doanh bÃ¡n Há»§ Tiáº¿u 7,5tr 
TrÆ°á»ng há»£p mua nhÃ , giá»¯ há»£p Ä‘á»“ng cho thuÃª tiáº¿p tá»¥c, hoáº·c Giao nhÃ  trong vÃ²ng 1 ThÃ¡ng.
- GiÃ¡ Cho thuÃª hiá»‡n táº¡i 7,5tr/ thÃ¡ng.
-NhÃ  1 trá»‡t 1 láº§u 3 phÃ²ng ngá»§ , 2 nhÃ  vá»‡ sinh. PhÃ²ng khÃ¡ch Ä‘á»ƒ hÃ ng buÃ´n bÃ¡n , nhÃ  báº¿p riÃªng biá»‡t 
- BÃ¡n kÃ­nh 200m cÃ³ Ä‘á»§ Chá»£ , TrÆ°á»ng máº«u giÃ¡o cáº¥p 1 , 2 , 3 . Bá»‡nh viá»‡n Quá»‘c táº¿ BÃ¬nh ChÃ¡nh, uá»· ban nhÃ  nÆ°á»›c ...
- Sá»• há»“ng riÃªng, há»— trá»£ vay ngÃ¢n hÃ ng
-----Xem nhÃ  gá»i trá»±c tiáº¿p hoáº·c Ä‘á»ƒ láº¡i sá»‘ Ä‘iá»‡n thoáº¡i tÃ´i trao Ä‘á»•i chi tiáº¿t",0.62,80,"ÄÆ°á»ng Trá»‹nh NhÆ° KhuÃª,  XÃ£ BÃ¬nh ChÃ¡nh, Huyá»‡n BÃ¬nh ChÃ¡nh, Há»“ ChÃ­ Minh",Há»“ ChÃ­ Minh,BÃ¬nh ChÃ¡nh,,Mua BÃ¡n,3.0,3.0,1.0,Sá»• há»“ng/ Sá»• Ä‘á»,NhÃ  Máº·t Phá»‘,5,https://alonhadat.com.vn//files/properties/2024/6/17/images/014644029-3254-ban-nha-mat-tien-ho-chi-minh-chinh-chu.jpg,"[10.6604339, 106.5633953]"
"nhÃ  ngá»™p chá»‰ 2tá»·230, Ä‘Æ°á»ng Nguyá»…n Kiá»‡m, PhÃº Nhuáº­n. 60m2 - 3 láº§u. gáº§n CoopMart, Ä‘Æ°á»ng lá»›n","NgÃ y Ä‘Äƒng: HÃ´m nay
Ä‘ang cho thuÃª 18tr/thÃ¡ng
nhÃ  rá»™ng rÃ£i thÃ´ng thoÃ¡ng, má»›i xÃ¢y dá»±ng gáº§n Ä‘Ã¢y
khu an ninh
nhÃ  Ä‘áº¹p, chuáº©n thiáº¿t káº¿ hiá»‡n Ä‘áº¡i
ná»n nhÃ  tá»‘t khÃ´ng lo trÆ¡n trÆ°á»£t
tiá»‡n Ã­ch Ä‘áº§y Ä‘á»§, kinh doanh buÃ´n bÃ¡n vÃ´ cÃ¹ng sáº§m uáº¥t",2.32,60,"ÄÆ°á»ng Nguyá»…n Kiá»‡m,  PhÆ°á»ng 9, Quáº­n PhÃº Nhuáº­n, Há»“ ChÃ­ Minh",Há»“ ChÃ­ Minh,PhÃº Nhuáº­n,,Mua BÃ¡n,3.0,3.0,3.0,Sá»• há»“ng/ Sá»• Ä‘á»,NhÃ  Trong NgÃµ,,https://alonhadat.com.vn//files/properties/2024/6/30/images/014712758-3334-ban-nha-trong-hem-quan-phu-nhuan.jpg,"[10.8032667, 106.6789874]"
GIáº¢M Máº NH 300TR chá»‰ cÃ²n 3tá»·2 cho cÄƒn Nguyá»…n VÄƒn Äáº­u 63m2 2 láº§u cho thuÃª 14TR/ThÃ¡ng sá»• há»“ng,"-Vá»‹ TrÃ­: háº»m 1/ Nguyá»…n VÄƒn Äáº­u, PhÆ°á»ng 6, BÃ¬nh Tháº¡nh, Há»“ ChÃ­ Minh
*Diá»‡n tÃ­ch 63m2   4,2X15
-GiÃ¡ 3 tá»· 2
*NhÃ  1 trá»‡t 2 Láº§u 4 PhÃ²ng 3 NhÃ  vá»‡ sinh
-ÄÆ°á»ng oto 6m thÃ´ng thoÃ¡ng
*Khu vá»±c an ninh thuáº­n tiá»‡n kinh doanh, cho thuÃª cá»±c kÃ¬ tá»‘t
HIá»†N ÄANG CÃ“ Há»¢P Äá»’NG THUÃŠ 14TR/THÃNG
-NhÃ  cÃ²n má»›i chá»‘t ngay sáº½ Ä‘Æ°á»£c thÆ°Æ¡ng lÆ°á»£ng máº¡nh
*LiÃªn há»‡ ngay Ä‘á»ƒ Ä‘Æ°á»£c tÆ° váº¥n miá»…n phÃ­",3.2,63,"ÄÆ°á»ng Nguyá»…n VÄƒn Äáº­u,  PhÆ°á»ng 6, Quáº­n BÃ¬nh Tháº¡nh, Há»“ ChÃ­ Minh",Há»“ ChÃ­ Minh,BÃ¬nh Tháº¡nh,,Mua BÃ¡n,4.0,4.0,2.0,Sá»• há»“ng/ Sá»• Ä‘á»,NhÃ  Trong NgÃµ,"4,2",https://alonhadat.com.vn//files/properties/2024/6/30/images/014711656-0007-ban-nha-trong-hem-quan-binh-thanh-chinh-chu.jpg,"[10.8105219, 106.6904743]"
SIÃŠU PHáº¨M DÃ’NG TIá»€N TÃ¢n Ká»³ TÃ¢n QuÃ½ 48m2 1trá»‡t 2láº§u Ä‘ang thuÃª 14Tr/ThÃ¡ng,"-Vá»‹ TrÃ­: háº»m1/ Ä. TÃ¢n Ká»³ TÃ¢n QuÃ½, TÃ¢n SÆ¡n NhÃ¬, TÃ¢n PhÃº, Há»“ ChÃ­ Minh
*Diá»‡n tÃ­ch 48m2   4,2X11,5
-GiÃ¡ 2 tá»· 750
*NhÃ  1 trá»‡t 2 Láº§u 4 PhÃ²ng 3 NhÃ  vá»‡ sinh
-ÄÆ°á»ng oto 5m thÃ´ng thoÃ¡ng
*Khu vá»±c an ninh thuáº­n tiá»‡n kinh doanh, cho thuÃª cá»±c kÃ¬ tá»‘t
HIá»†N ÄANG CÃ“ Há»¢P Äá»’NG THUÃŠ 14TR/THÃNG
-NhÃ  cÃ²n má»›i chá»‘t ngay sáº½ Ä‘Æ°á»£c thÆ°Æ¡ng lÆ°á»£ng máº¡nh
*LiÃªn há»‡ ngay Ä‘á»ƒ Ä‘Æ°á»£c tÆ° váº¥n miá»…n phÃ­",2.75,48,"ÄÆ°á»ng TÃ¢n Ká»³ TÃ¢n QuÃ½,  PhÆ°á»ng TÃ¢n SÆ¡n NhÃ¬, Quáº­n TÃ¢n PhÃº, Há»“ ChÃ­ Minh",Há»“ ChÃ­ Minh,TÃ¢n PhÃº,,Mua BÃ¡n,4.0,4.0,2.0,Sá»• há»“ng/ Sá»• Ä‘á»,NhÃ  Trong NgÃµ,"4,2",https://alonhadat.com.vn//files/properties/2024/6/30/images/014711557-3716-ban-nha-trong-hem-ho-chi-minh.jpg,"[10.8020099, 106.6325128]"
"nhÃ  Nguyá»…n VÄƒn LÆ°á»£ng - GÃ² Váº¥p, 65m2 giÃ¡ má»m 2tá»·070. 1 trá»‡t 2 láº§u. nhÃ  Ä‘áº¹p nhÃ¡ tá»‘t","gáº§n lotte mart gÃ² váº¥p
khu dÃ¢n cÆ°
an ninh tuyá»‡t Ä‘á»‘i
cho thuÃª tá»‘t: Ä‘ang cho thuÃª 15tr/thÃ¡ng
tiá»‡n Ã­ch xung quanh Ä‘a dáº¡ng
Ä‘Æ°á»ng lá»›n thÃ´ng thoÃ¡ng, Ä‘Æ°á»ng lá»›n 2 Ã´ tÃ´ di chuyá»ƒn Ä‘Æ°á»£c 
ngoÃ i cÄƒn nÃ y ra bÃªn em cÃ³ nhá»¯ng cÄƒn khÃ¡c giÃ¡ tá»‘t, quáº­n khÃ¡c nhau
há»— trá»£ tÃ¬m kiáº¿m nhÃ  quanh khu vá»±c thÃ nh phá»‘
liÃªn há»‡ qua sá»‘ Ä‘iá»‡n thoáº¡i Ä‘á»ƒ Ä‘Æ°á»£c tÆ° váº¥n ká»¹ hÆ¡n",2.37,65,"ÄÆ°á»ng Nguyá»…n VÄƒn LÆ°á»£ng,  PhÆ°á»ng 17, Quáº­n GÃ² Váº¥p, Há»“ ChÃ­ Minh",Há»“ ChÃ­ Minh,GÃ² Váº¥p,,Mua BÃ¡n,3.0,3.0,3.0,Sá»• há»“ng/ Sá»• Ä‘á»,NhÃ  Trong NgÃµ,,https://alonhadat.com.vn//files/properties/2024/6/30/images/014711517-2334-ban-nha-trong-hem-ho-chi-minh-chinh-chu.jpg,"[10.8385063, 106.6779522]"
"BÃN NHÃ€ DÃ‚N Máº¶T TIá»€N NHÃ€ NÆ¯á»šC CHá»¢ BÃŒNH CHÃNH  -CHO THUÃŠ 8TR1 THÃNG(BÃN Táº¬P HOÃ) - 98,4m2","Cáº¦N BÃN Gáº®P CÄ‚N NHÃ€-PHÃA SAU CHá»¢ BÃŒNH CHÃNH QL1A-ÄÆ¯á»œNG -TRá»ŠNH NHÆ¯ KHUÃŠ GiÃ¡:790 triá»‡u + bao sang tÃªn. ( chá»‰ cáº§n 300 triá»‡u lÃ  cÃ³ thá»ƒ mua nhÃ  - ngÃ¢n hÃ ng cho vay hÆ¡n 600tr! - NhÃ  hiá»‡n Ä‘ang kinh doanh SAPA Tá»T VÃ€ Ä‘á»§ loáº¡i máº·t hÃ ng cá»±c ká»³ tá»‘t, cÃ³ lÆ°á»£ng khÃ¡ch mua bÃ¡n-hÃ ng hoÃ¡ & dá»‹ch vá»¥ lÃ¢u nÄƒm, - Äang cho thuÃª 8 triá»‡u / thÃ¡ng ( máº·t tiá»n kinh doanh ) . - NhÃ  thiáº¿t káº¿: 3 phÃ²ng ngá»§ , 2 nhÃ  vá»‡ sinh. PhÃ²ng khÃ¡ch Ä‘á»ƒ buÃ´n bÃ¡n ,â€¦. - Diá»‡n tÃ­ch : 5 x 19,67 .(98,4m2)sá»• há»“ riÃªng 100% cÃ²n thÆ°Æ¡ng lÆ°á»£ng tá»‘t cÄƒn nÃ y- cÃ´ng chá»©ng liá»n ( vay Ä‘Æ°á»£c ngÃ¢n hÃ ng ) - BÃ¡n kÃ­nh 1km lÃ : TrÆ°á»ng cáº¥p 1 , 2 , 3 vÃ  chá»£, bÃ¡ch hoÃ¡ xanh , bá»‡nh viá»‡n , nhÃ  thuá»‘c An Khang , â€¦v.v..v. - Chá»‹ Ä‘ang cáº§n tiá»n gáº¥p trong tuáº§n nÃªn khÃ¡ch thiá»‡n chÃ­ sáº½ thÆ°Æ¡ng lÆ°á»£ng Ä‘Æ°á»£c giÃ¡ tá»‘t .
#Gá»i em mr PHÃšC!
 Ä‘á»ƒ xem nhÃ  ( xin cÃ¡m Æ¡n ). Miá»…n tiáº¿p cÃ² lÃ¡i trÃ¡nh máº¥t thá»i gian!!",0.79,98,"59 ÄÆ°á»ng Trá»‹nh NhÆ° KhuÃª,  XÃ£ BÃ¬nh ChÃ¡nh, Huyá»‡n BÃ¬nh ChÃ¡nh, Há»“ ChÃ­ Minh",Há»“ ChÃ­ Minh,BÃ¬nh ChÃ¡nh,ÄÃ´ng Báº¯c,Mua BÃ¡n,3.0,3.0,1.0,Sá»• há»“ng/ Sá»• Ä‘á»,NhÃ  Máº·t Phá»‘,5,https://alonhadat.com.vn//files/properties/2024/6/30/images/014143306-5831-ban-nha-mat-tien-huyen-binh-chanh.jpg,"[10.6604339, 106.5633953]"
ğŸ’¥ğŸ’¥ BÃN Äáº¤T Táº¶NG NHÃ€ - DIá»†N TÃCH KHá»¦NG.ğŸ’¥ğŸ’¥,"ğŸ’¥ğŸ’¥ğŸ’¥ BÃN Äáº¤T Táº¶NG NHÃ€ DIá»†N TÃCH KHá»¦NG 142m2. ÄÆ°á»ng THáº¾ Lá»® - QUáº¬N SÆ N TRÃ€- GIÃ Äáº¦U TÆ¯.ğŸ’¥ğŸ’¥ğŸ’¥
- Diá»‡n tÃ­ch 142m2, ngang 5m. ÄÆ°á»ng 5m5.
- XÃ¢y dá»±ng nhÃ  cáº¥p 3. Táº·ng miá»…n bÃ n.
- Vá»‹ trÃ­ vÃ´ cÃ¹ng thuáº­n tiá»‡n, sÃ¡t SÃ´ng gáº§n Biá»ƒn. Song song NgÃ´ Quyá»n. Äáº§u Ä‘Æ°á»ng KhÃºc Háº¡o. 
- CÃ¡ch Biá»ƒn 3 phÃºt xe mÃ¡y. Gáº§n trÆ°á»ng há»c cÃ¡c cáº¥p. DÃ¢n cÆ° sáº§m uáº¥t.
- ThÃ­ch há»£p xÃ¢y cÄƒn há»™ , KhÃ¡ch Sáº¡n. Vv
- Hiá»‡n chá»§ cáº§n bÃ¡n gáº¥p.
- GiÃ¡ Ä‘áº§u tÆ° 5,9 tá»·. TL",5.9,142,"ÄÆ°á»ng Tháº¿ Lá»¯,  PhÆ°á»ng An Háº£i Báº¯c, Quáº­n SÆ¡n TrÃ , ÄÃ  Náºµng",ÄÃ  Náºµng,SÆ¡n TrÃ ,,Mua BÃ¡n,3.0,3.0,1.0,,NhÃ  Máº·t Phá»‘,5,https://alonhadat.com.vn//files/properties/2024/6/30/images/014713169-3111-ban-nha-mat-tien-quan-son-tra-chinh-chu.jpg,"[16.0797779, 108.2328641]"
"BÃ¡n gáº¥p nhÃ  Nguyá»…n VÄƒn LÆ°á»£ng, PhÆ°á»ng 10, GÃ² Váº¥p. 61m2. 1 trá»‡t 2 láº§u. SHR. 3 tá»· 550.","VÃ¬ Ä‘i Ä‘á»‹nh cÆ° nÃªn cáº§n bÃ¡n gáº¥p nhÃ  Nguyá»…n VÄƒn LÆ°á»£ng, PhÆ°á»ng 10, GÃ² Váº¥p.
Diá»‡n tÃ­ch 61m2. Ngang 4.15m.
Káº¿t cáº¥u nhÃ  1 trá»‡t 2 láº§u 4 phÃ²ng ngá»§, 4 toilet.
GiÃ¡ 3 tá»· 550 triá»‡u. Bá»›t lá»™c cho khÃ¡ch hÃ ng thiá»‡n chÃ­.
Vá»‹ trÃ­ gáº§n Lotte Mart GÃ² Váº¥p. 
Khu vá»±c dÃ¢n cÆ° Ä‘Ã´ng Ä‘Ãºc. Thuáº­n tiá»‡n kinh doanh mua bÃ¡n.
Há»£p Ä‘á»“ng thuÃª 16 triá»‡u/thÃ¡ng.
ÄÆ°á»ng trÆ°á»›c nhÃ  Ã´ tÃ´ di chuyá»ƒn thoáº£i mÃ¡i.
Sá»• há»“ng riÃªng. Sang tÃªn ngay.
NgÃ¢n hÃ ng há»— trá»£ 50%.
NgoÃ i ra, phÃ¢n khÃºc nhÃ  tÃ i chÃ­nh 3-5 tá»·, giá» hÃ ng em Ä‘a dáº¡ng. CÃ´ chÃº anh chá»‹ quan tÃ¢m liÃªn há»‡ em Tiá»n ngay nhÃ©.",3.55,61,"ÄÆ°á»ng Nguyá»…n VÄƒn LÆ°á»£ng,  PhÆ°á»ng 10, Quáº­n GÃ² Váº¥p, Há»“ ChÃ­ Minh",Há»“ ChÃ­ Minh,GÃ² Váº¥p,,Mua BÃ¡n,4.0,4.0,2.0,Sá»• há»“ng/ Sá»• Ä‘á»,NhÃ  Trong NgÃµ,,https://alonhadat.com.vn//files/properties/2024/6/24/images/014679797-0506-ban-nha-trong-hem-ho-chi-minh.jpg,"[10.8385273, 106.6742527]"
"Giáº£m sÃ¢u bÃ¡n gáº¥p nhÃ  Nguyá»…n Gia TrÃ­, P25, BÃ¬nh Tháº¡nh. 54m2. 1T2L. Cho thuÃª 27triá»‡u/thÃ¡ng","Giáº£m sÃ¢u 500triá»‡u bÃ¡n ngay nhÃ  Nguyá»…n Gia TrÃ­, P25, BÃ¬nh Tháº¡nh.
Diá»‡n tÃ­ch 54m2. Ngang 4.15m.
GiÃ¡ 3 tá»· 800 triá»‡u.
Káº¿t cáº¥u 1 trá»‡t 2 láº§u, 4 phÃ²ng ngá»§, 4 wc, sÃ¢n thÆ°á»£ng.
Khu kinh doanh buÃ´n bÃ¡n sáº§m uáº¥t. 
Há»£p Ä‘á»“ng thuÃª dÃ i háº¡n 27triá»‡u/thÃ¡ng.
ÄÆ°á»ng trÆ°á»›c nhÃ  Ã´ tÃ´ di chuyá»ƒn thoáº£i mÃ¡i.
Sá»• há»“ng riÃªng. Sang tÃªn cÃ´ng chá»©ng ngay.
NgoÃ i ra, giá» hÃ ng nhÃ  tÃ i chÃ­nh 3-5 tá»· em cÃ³ hÆ¡n 10 cÄƒn khu vá»±c nÃ y. CÃ´ chÃº anh chá»‹ quan tÃ¢m liÃªn há»‡ em Tiá»n ngay nhÃ©.",3.8,54,"ÄÆ°á»ng Nguyá»…n Gia TrÃ­,  PhÆ°á»ng 25, Quáº­n BÃ¬nh Tháº¡nh, Há»“ ChÃ­ Minh",Há»“ ChÃ­ Minh,BÃ¬nh Tháº¡nh,,Mua BÃ¡n,4.0,4.0,2.0,Sá»• há»“ng/ Sá»• Ä‘á»,NhÃ  Trong NgÃµ,,https://alonhadat.com.vn//files/properties/2024/5/22/images/014509878-1130-ban-nha-trong-hem-ho-chi-minh-chinh-chu.jpg,"[10.8022907, 106.7161761]"
"NhÃ  ngá»™p cáº§n bÃ¡n gáº¥p Huá»³nh VÄƒn BÃ¡nh, P.14, PhÃº Nhuáº­n, 1T2L, SHR, 67m2, chá»‰ 3ty2, SHR","BÃ¡n nhÃ  Ä‘Æ°á»ng Huá»³nh VÄƒn BÃ¡nh, P. 14, PhÃº Nhuáº­n.
- DT: 67mÂ². Ngang 4.5m dÃ i 14.88m.
- Káº¿t cáº¥u: 1T 2L, 4PN, 4WC, láº§u BTCT.
- Vá»‹ trÃ­: Háº»m nhá»±a lá»›n sáº¡ch Ä‘áº¹p nhÆ° máº·t tiá»n, sÃ¡t Ä‘Æ°á»ng TrÆ°á»ng Sa thÃ´ng vá»›i LÃª VÄƒn Sá»¹, Äáº·ng VÄƒn Ngá»¯,
- PhÃ¡p lÃ½: PhÃ¡p lÃ½ rÃµ rÃ ng, sá»• ná»Ÿ háº­u, cÃ´ng chá»©ng ngay.
= Chá»§ kinh doanh thua lá»— cáº§n bÃ¡n gáº¥p nhÃ  Ä‘áº¹p cÃ²n má»›i,...
Nhanh tay liÃªn há»‡ Huy Ä‘á»ƒ Ä‘c há»— trá»£ Ä‘i xem nhÃ  liá»n áº¡.",3.2,67,"ÄÆ°á»ng Huá»³nh VÄƒn BÃ¡nh,  PhÆ°á»ng 14, Quáº­n PhÃº Nhuáº­n, Há»“ ChÃ­ Minh",Há»“ ChÃ­ Minh,PhÃº Nhuáº­n,,Mua BÃ¡n,4.0,4.0,2.0,,NhÃ  Máº·t Phá»‘,5,https://alonhadat.com.vn//files/properties/2024/5/26/images/014529963-0458-ban-nha-mat-tien-quan-phu-nhuan.jpg,"[10.7929503, 106.6800195]"
"chá»§ bÃ¡n nhÃ  63m2 MT Nguyá»…n VÄƒn Láº¡c, BÃ¬nh Tháº¡nh. Sá»• sáºµn. BCC","Chá»§ nhÃ  Ä‘i Äá»©c bÃ¡n nhÃ  Nguyá»…n VÄƒn Láº¡c, PhÆ°á»ng 21, Quáº­n BÃ¬nh Tháº¡nh.
Diá»‡n tÃ­ch 63m2. ngang 4.15m
GiÃ¡: 4 tá»· 250 triá»‡u. Bao cÃ´ng chá»©ng. Giáº£m 500 cho khÃ¡ch thiá»‡n chÃ­.
Káº¿t cáº¥u 1 trá»‡t 2 láº§u, sÃ¢n thÆ°á»£ng, 4 phÃ²ng ngá»§, 4 WC.
ÄÆ°á»ng nhá»±a, buÃ´n bÃ¡n kinh doanh sáº§m uáº¥t.
PhÃ¹ há»£p á»Ÿ, cho thuÃª, kinh doanh buÃ´n bÃ¡n táº¡i nhÃ .
Khu vá»±c Ä‘Ã´ng dÃ¢n cÆ°.
Sá»• sáºµn táº¡i nhÃ .
Há»— trá»£ ngÃ¢n hÃ ng 60%.
LiÃªn há»‡ em Kim Tiá»n ngay em há»— trá»£ nhanh nháº¥t.",4.25,63,"ÄÆ°á»ng Nguyá»…n VÄƒn Láº¡c,  PhÆ°á»ng 21, Quáº­n BÃ¬nh Tháº¡nh, Há»“ ChÃ­ Minh",Há»“ ChÃ­ Minh,BÃ¬nh Tháº¡nh,,Mua BÃ¡n,4.0,4.0,3.0,Sá»• há»“ng/ Sá»• Ä‘á»,NhÃ  Máº·t Phá»‘,,https://alonhadat.com.vn//files/properties/2023/12/23/images/013858670-2926-ban-nha-mat-tien-quan-binh-thanh-chinh-chu.jpg,"[10.7944798, 106.709713]"
"BÃ¡n nhanh nhÃ  40m2 1T1L Nguyá»…n Kiá»‡m, P3, GÃ² Váº¥p. Chá»‰ 2tá»·190. Sá»• sáºµn. BCC","Vá»‹ trÃ­ háº»m 1/, an ninh, Ä‘Ã´ng dÃ¢n cÆ°, buÃ´n bÃ¡n, cho thuÃª Ä‘á»u phÃ¹ há»£p.
Diá»‡n tÃ­ch 40,8m2.
Káº¿t cáº¥u 1 trá»‡t 1 láº§u 2 phÃ²ng ngá»§, 2 wc.
GiÃ¡ bÃ¡n 2 tá»· 190 triá»‡u.
Sá»• há»“ng riÃªng.
Sang tÃªn ngay.
ÄÆ°á»ng trÆ°á»›c nhÃ  4m.
LiÃªn há»‡ em Kim Tiá»n há»— trá»£ trá»±c tiáº¿p.",2.19,40,"ÄÆ°á»ng Nguyá»…n Kiá»‡m,  PhÆ°á»ng 3, Quáº­n GÃ² Váº¥p, Há»“ ChÃ­ Minh",Há»“ ChÃ­ Minh,GÃ² Váº¥p,,Mua BÃ¡n,2.0,2.0,1.0,Sá»• há»“ng/ Sá»• Ä‘á»,NhÃ  Trong NgÃµ,,https://alonhadat.com.vn//files/properties/2024/5/19/images/014491639-2359-ban-nha-trong-hem-ho-chi-minh-gia-re.jpg,"[10.8117413, 106.6784815]"
"BÃ¡n gáº¥p nhÃ  Ä‘ang cho thuÃª 35triá»‡u/thÃ¡ng Ä‘Æ°á»ng Báº¡ch Äáº±ng, P2, TÃ¢n BÃ¬nh. Chá»‰ 4 tá»· nhá»‰nh. SHR","VÃ¬ Ä‘i nÆ°á»›c ngoÃ i Ä‘á»‹nh cÆ° nÃªn cáº§n bÃ¡n gáº¥p nhÃ  Báº¡ch Äáº±ng, phÆ°á»ng 2, TÃ¢n BÃ¬nh.
Diá»‡n tÃ­ch 47,8m2. Ngang 4,2m.
Káº¿t cáº¥u 1 trá»‡t 2 láº§u, 4 phÃ²ng  ngá»§, 4 toilet, phÃ²ng khÃ¡ch, báº¿p, ban cÃ´ng.
GiÃ¡ 4 tá»· 790 triá»‡u. Bá»›t lá»™c. Giáº£m sÃ¢u cho cÃ´ chÃº lá»›n tuá»•i.
Äang cho thuÃª 35 triá»‡u/thÃ¡ng. Há»£p Ä‘á»“ng dÃ i háº¡n.
Vá»‹ trÃ­ cÃ¡ch máº·t tiá»n  Ä‘Æ°á»ng vá» sÃ¢n bay 150m.
Ã” tÃ´ di chuyá»ƒn thoáº£i mÃ¡i, ngá»§ ngÃ y Ä‘Ãªm ngoÃ i Ä‘Æ°á»ng.
Sá»• há»“ng riÃªng. Sang tÃªn ngay.",4.79,47,"ÄÆ°á»ng Báº¡ch Äáº±ng,  PhÆ°á»ng 2, Quáº­n TÃ¢n BÃ¬nh, Há»“ ChÃ­ Minh",Há»“ ChÃ­ Minh,TÃ¢n BÃ¬nh,,Mua BÃ¡n,4.0,4.0,2.0,,NhÃ  Trong NgÃµ,,https://alonhadat.com.vn//files/properties/2024/5/8/images/014431737-5853-ban-nha-trong-hem-quan-tan-binh-gia-re.jpg,"[10.8154251, 106.6747107]"
"SiÃªu Pháº©m 2máº·t tiá»n Phan XÃ­ch Long,PhÃº Nhuáº­n 15tá»· 850/214m2.Sá»• RiÃªng,Cho thuÃª:100tr/thÃ¡ng.","NhÃ  siÃªu Ä‘áº¹p nhÆ° hÃ¬nh khu Phan XÃ­ch Long Quáº­n PhÃº Nhuáº­n, TPHCM.

Vá»‹ trÃ­ cá»±c ká»³ Ä‘áº¯c Ä‘á»‹a cÃ¡ch Quáº­n 1 chá»‰ 500m, cÃ¡ch coopmart Ráº¡ch Miá»…u 100m, cÃ¡ch Phá»‘ áº©m thá»±c Phan XÃ­ch Long 50m.Â 
Diá»‡n tÃ­ch: 5.5m x 39m. NhÃ  khÃ´ng lá»™ giá»›i.Â 200m2
Káº¿t cáº¥u: Â 01 Háº§m + 7 táº§ng ná»•i + sÃ¢n thÆ°á»£ng, 02 Thang mÃ¡y
- DTXD 1.200m2 sÃ n
Sáº£nh PhÃ²ng khÃ¡ch thiáº¿t káº¿ theo phong cÃ¡ch ChÃ¢u Ã¢u, 
- 26 PhÃ²ng CÄƒn há»™ dá»‹ch vá»¥ 
- 01 táº§ng kinh doanh CÃ  phÃª phÃ²ng trÃ   
ThÃ­ch há»£p cho Ä‘áº§u tÆ° sinh lá»i. Trung tÃ¢m nha khoa, Trung tÃ¢m tháº©m má»¹, VÄƒn phÃ²ng, KhÃ¡ch sáº¡n ....
Æ¯u tiÃªn KhÃ¡ch hÃ ng mua cho chá»§ nhÃ  thuÃª láº¡i Ã­t nháº¥t 05 nÄƒm (giÃ¡ thuÃª khá»Ÿi Ä‘iá»ƒm 100 triá»‡u/thÃ¡ng)
Sá»• há»“ng Ä‘áº§y Ä‘á»§, chÃ­nh chá»§; KhÃ¡ch xem nhÃ  báº£o Ä‘áº£m thÃ­ch ngay. Â 
GiÃ¡ bÃ¡n: 15 tá»· 850 . Váº«n cÃ²n thÆ°Æ¡ng lÆ°á»£ng cho khÃ¡ch thiá»‡n chÃ­!",15.85,214,"ÄÆ°á»ng Phan XÃ­ch Long,  PhÆ°á»ng 2, Quáº­n PhÃº Nhuáº­n, Há»“ ChÃ­ Minh",Há»“ ChÃ­ Minh,PhÃº Nhuáº­n,,Mua BÃ¡n,26.0,26.0,7.0,Sá»• há»“ng/ Sá»• Ä‘á»,NhÃ  Máº·t Phá»‘,"5,5",https://alonhadat.com.vn//files/properties/2024/6/29/images/014706995-1105-ban-nha-mat-tien-quan-phu-nhuan-gia-re.jpg,"[10.8006534, 106.6842854]"
"ChÃ­nh chá»§ bÃ¡n nhanh lÃ´ Ä‘áº¥t 220m2 DuyÃªn Háº£i, Cáº§n Tháº¡nh, Cáº§n Giá», giÃ¡ 3tá»·200, Sá»• há»“ng riÃªng.","Náº±m máº·t tiá»n Ä‘Æ°á»ng DuyÃªn Háº£i, thá»‹ tráº¥n Cáº§n Tháº¡nh, Cáº§n Giá», thÃ nh phá»‘ Há»“ ChÃ­ Minh.
Diá»‡n tÃ­ch 220mÂ² ngang 10m dÃ i 22m.
GiÃ¡ 3 tá»· 200 triá»‡u.
Khu vá»±c dÃ¢n cÆ° Ä‘Ã´ng Ä‘Ãºc, cÃ³ nhiá»u tiá»‡n Ã­ch nhÆ°: Chá»£, Coop Mart, BÃ¡ch HÃ³a Xanh, Äiá»‡n MÃ¡y Xanh, trÆ°á»ng há»c liÃªn cáº¥p tá»« tiá»ƒu há»c Ä‘áº¿n THPT,... ThÃ­ch há»£p kinh doanh buÃ´n bÃ¡n, xÃ¢y dá»±ng Ä‘á»‹nh cÆ°, phÃ¡t triá»ƒn du lá»‹ch.
Äáº¥t thá»• cÆ° 100%, sá»• há»“ng riÃªng sang tÃªn cÃ´ng chá»©ng trong ngÃ y.",3.2,220,"ÄÆ°á»ng DuyÃªn Háº£i,  Thá»‹ tráº¥n Cáº§n Tháº¡nh, Huyá»‡n Cáº§n Giá», Há»“ ChÃ­ Minh",Há»“ ChÃ­ Minh,Cáº§n Giá»,,Mua BÃ¡n,,,,Sá»• há»“ng/ Sá»• Ä‘á»,NhÃ  Äáº¥t Thá»• CÆ°,10,https://alonhadat.com.vn//files/properties/2024/6/29/images/014707806-5945-ban-dat-tho-cu-dat-o-huyen-can-gio-gia-re.jpg,"[10.4010644, 106.9375875]"
"Káº¹t vá»‘n bÃ¡n nhanh nhÃ  Nguyá»…n Trá»ng Tuyá»ƒn, P 15, PhÃº Nhuáº­n, DT 108m2, giÃ¡ 3tá»·550tr, SHR.","Chá»§ káº¹t tiá»n bÃ¡n gáº¥p nhÃ  háº»m xe hÆ¡i, Ä‘Æ°á»ng Nguyá»…n Trá»ng Tuyá»ƒn, PhÆ°á»ng 15, Quáº­n PhÃº Nhuáº­n, sá»• há»“ng riÃªng, sáºµn há»£p Ä‘á»“ng cho thuÃª 22tr/thÃ¡ng.
- Ngay gáº§n chá»£, trÆ°á»ng cao Ä‘áº³ng, trÆ°á»ng há»c, siÃªu thá»‹, quÃ¡n Äƒn uá»‘ng.
- Diá»‡n tÃ­ch: 108m2 (6x18m).
- GÃ­a 3 tá»· 550tr.
- Káº¿t cáº¥u: 1 trá»‡t, 2 láº§u, 1 sÃ¢n thÆ°á»£ng. Báº¿p + phÃ²ng khÃ¡ch rá»™ng rÃ£i, 4 phÃ²ng ngá»§, 4WC. 1 ban cÃ´ng trÆ°á»›c sau.
- Khu dÃ¢n cÆ° yÃªn tÄ©nh, nhiá»u cÃ¢y xanh thoÃ¡ng mÃ¡t, ráº¥t thÃ­ch há»£p vá» Ä‘á»ƒ á»Ÿ cho thuÃª cÃ³ giÃ¡, khu sáº§m uáº¥t, buÃ´n bÃ¡n táº¥p náº­p, dÃ¢n trÃ­ cao, an ninh cá»±c tá»‘t.
- Sá»• sáºµn sang tÃªn cÃ´ng chá»©ng ngay.",3.55,108,"ÄÆ°á»ng Nguyá»…n Trá»ng Tuyá»ƒn,  PhÆ°á»ng 15, Quáº­n PhÃº Nhuáº­n, Há»“ ChÃ­ Minh",Há»“ ChÃ­ Minh,PhÃº Nhuáº­n,,Mua BÃ¡n,4.0,4.0,2.0,Sá»• há»“ng/ Sá»• Ä‘á»,NhÃ  Trong NgÃµ,6,https://alonhadat.com.vn//files/properties/2024/4/20/images/014341993-4902-ban-nha-mat-tien-ho-chi-minh.jpg,"[10.797566, 106.6784947]"
Háº¡ giÃ¡ bÃ¡n nhanh nhÃ  Nguyá»…n Du - P7 - GÃ² Váº¥p chá»‰ vá»›i 3tá»·4,"ğŸ  BÃ¡n nhanh cÄƒn nhÃ  Ä‘áº¹p táº¡i Nguyá»…n Du - PhÆ°á»ng 7 - GÃ² Váº¥p 
 ğŸ”¥ GIáº¢M 100 TRIá»†U 
( giÃ¡ cÅ© 3tá»·500 )
 âœ¨ Diá»‡n tÃ­ch: 100m2 ( ngang 5m - dÃ i 20m ) gá»“m 3p ngá»§ - 4wc - 1 khÃ¡ch - 1 thá» - báº¿p - ban cÃ´ng 
 âœ¨ HÆ°á»›ng TÃ¢y Nam
 âœ¨ Hiá»‡n tráº¡ng Ä‘Æ°á»ng trÆ°á»›c nhÃ  rá»™ng 14m
 âœ¨ Äá»ƒ láº¡i ná»™i tháº¥t (trá»« mÃ¡y láº¡nh, mÃ¡y giáº·t) - Thiáº¿t káº¿ sang trá»ng 
 âœ¨ Di chuyá»ƒn Ä‘áº¿n trung tÃ¢m - chá»‰ máº¥t 10-15â€™
 âœ¨ Xung quanh tiá»‡n Ã­ch sinh sá»‘ng Ä‘áº§y Ä‘á»§ - cao cáº¥p
 âœ¨ ThÃ­ch há»£p vá»›i gia Ä‘Ã¬nh Ä‘Ã´ng ngÆ°á»i - khÃ´ng gian rá»™ng rÃ£i
 ğŸ‘‰ PhÃ¡p lÃ½: Há»£p Ä‘á»“ng mua bÃ¡n - Chá»§ bao thuáº¿ phÃ­ sang tÃªn
 ğŸ’µ GiÃ¡: 3tá»·400 triá»‡u ( cÃ³ thÆ°Æ¡ng lÆ°á»£ng )",3.4,100,"ÄÆ°á»ng Nguyá»…n Du,  PhÆ°á»ng 7, Quáº­n GÃ² Váº¥p, Há»“ ChÃ­ Minh",Há»“ ChÃ­ Minh,GÃ² Váº¥p,,Mua BÃ¡n,4.0,4.0,2.0,Sá»• há»“ng/ Sá»• Ä‘á»,NhÃ  Trong NgÃµ,5,https://alonhadat.com.vn//files/properties/2024/6/30/images/014713016-4604-ban-nha-trong-hem-ho-chi-minh.jpg,"[10.8260654, 106.686192]"
"NhÃ  sÃ¡t bÃªn GÃ² Váº¥p, Ä‘Æ°á»ng Tháº¡nh XuÃ¢n 21, DT:4X13M, 1 Láº§u, 2 PN, SÃ¢n trÆ°á»›c sau, 3 VS, Q12","BÃN NHÃ€ Sá»” Há»’NG RIÃŠNG - Gáº¦N Ä.THá»NG NHáº¤T GÃ’ Váº¤P
âœ”ï¸NhÃ  1 sáº¹c Ä‘Æ°á»ng TX21, Tháº¡nh XuÃ¢n, Quáº­n 12
âœ”Háº»m xe hÆ¡i quay Ä‘áº§u
âœ”ï¸DT 4*13m, 1 trá»‡t 1 láº§u, 2 P.Ngá»§, 3 WC
ğŸ‘‰ Gáº§n Chá»£ Minh PhÃ¡t, chung cÆ° Picity Quáº­n 12
HÆ°á»›ng TÃ¢y Báº¯c 
GiÃ¡ 1,9 tá»· bá»›t Lá»™c",1.9,52,"ÄÆ°á»ng Tháº¡nh XuÃ¢n 21,  PhÆ°á»ng Tháº¡nh XuÃ¢n, Quáº­n 12, Há»“ ChÃ­ Minh",Há»“ ChÃ­ Minh,12,,Mua BÃ¡n,2.0,2.0,1.0,,NhÃ  Trong NgÃµ,4,https://alonhadat.com.vn//files/properties/2024/6/30/images/014713080-0213-ban-nha-trong-hem-quan-12-gia-re.jpg,"[10.8662788, 106.6716565]"
"NhÃ  khu phÃ¢n lÃ´ 6 cÄƒn LÃª VÄƒn Thá», F11, GÃ² Váº¥p - 4*17m CÃ“ THANG MÃY CHá»ˆ 3,9 Tá»·","ğŸ˜ LÃŠN SÃ“NG SIÃŠU PHáº¨M THANG MÃY Vá»Š TRÃ SIÃŠU Äáº¸P Ä.Sá» 1 - PHÆ¯á»œNG 16 - GÃ’ Váº¤P
â€”â€”â€”â€”â€”â€”â€”â€”â€”â€”
 â—‹ GiÃ¡ bÃ¡n: 3,9 Tá»· thÆ°Æ¡ng lÆ°á»£ng
 â—‹ Diá»‡n tÃ­ch: Ngang 4m dÃ i 17m ( 68m2 )
 â—‹ Káº¿t cáº¥u: 1 trá»‡t 1 lá»­ng 3 láº§u gá»“m gara xe hÆ¡i phÃ²ng khÃ¡ch báº¿p 4 pn 5 tolet phÃ²ng thá» phÃ²ng giáº·t sÃ¢n thÆ°á»£ng trÆ°á»›c sau.
 â—‹ ÄÆ°á»ng oto 6m 1 trá»¥c sÃ¡t máº·t tiá»n
 â—‹ NhÃ  hÆ°á»›ng: TÃ¢y Báº¯c
 â—‹ Ná»™i tháº¥t bÃ n giao: Full option nhÃ  thiáº¿t káº¿ cÃ³ thang mÃ¡y",3.9,68,"ÄÆ°á»ng LÃª VÄƒn Thá»,  PhÆ°á»ng 11, Quáº­n GÃ² Váº¥p, Há»“ ChÃ­ Minh",Há»“ ChÃ­ Minh,GÃ² Váº¥p,,Mua BÃ¡n,4.0,4.0,3.0,Sá»• há»“ng/ Sá»• Ä‘á»,NhÃ  Trong NgÃµ,4,https://alonhadat.com.vn//files/properties/2024/6/30/images/014712698-1157-ban-nha-trong-hem-ho-chi-minh-gia-re.jpg,"[10.8447508, 106.6570629]"
"SiÃªu pháº©m cá»§a siÃªu pháº©m HXH GÃ² CÃ´ng,P13,Q5,75m2,2Ty560tr,SHR","-Vá»‹ TrÃ­ : Háº»m HXH 51 GÃ² CÃ´ng,PhÆ°á»ng 13, Quáº­n 5 , háº»m thÃ´ng ra Ä‘Æ°á»ng lá»›n NgÃ´ NhÃ¢n Tá»‹nh
 -Diá»‡n tÃ­ch: 75m2 (5) x (15m), sá»• cÃ´ng nháº­n Ä‘á»§ 75.m
- Káº¿t cáº¥u : 1 trá»‡t 2 láº§u,3 phÃ²ng ngá»§,3 toliet,...
- Háº»m trÆ°á»›c nhÃ  hÆ¡n 5m
- NhÃ  cÃ³ sÃ¢n trÆ°á»›c sau, cÃ³ cá»­a sau
- Tiá»‡n Ã­ch xung quanh tiá»‡n nghi,bÃ¡ch hoÃ¡ xanh,trung tÃ¢m thá»ƒ thao,...
- ThÃ­ch há»£p mua Ä‘áº§u tÆ° xÃ¢y má»›i hoáº·c cho thuÃª.
ğŸ’°GiÃ¡: 2 tá»· 560 triá»‡u,thÆ°Æ¡ng lÆ°á»£ng trá»±c tiáº¿p vá»›i chá»§
- PhÃ¡p lÃ½ : sá»• há»“ng riÃªng,cÃ´ng chá»©ng ngay trong ngÃ y    
 LiÃªn há»‡ Vá»¹ Ä‘á»ƒ xem nhÃ ",2.56,75,"ÄÆ°á»ng GÃ² CÃ´ng,  PhÆ°á»ng 13, Quáº­n 5, Há»“ ChÃ­ Minh",Há»“ ChÃ­ Minh,5,,Mua BÃ¡n,3.0,3.0,2.0,Sá»• há»“ng/ Sá»• Ä‘á»,NhÃ  Máº·t Phá»‘,5,https://alonhadat.com.vn//files/properties/2024/6/29/images/014707857-0539-ban-nha-mat-tien-quan-5-chinh-chu.jpg,"[10.7507452, 106.654587]"
"Chá»§ kÃ­ gá»­i bÃ¡n gáº¥p nhÃ  HXH 189 Cá»‘ng Quá»³nh,P.Nguyá»…n CÆ° Trinh, Q1, 71m2, 3ty550tr ,SHR","Vá»Š trÃ­: Háº»m xe hÆ¡i 189 Cá»‘ng Quá»³nh, PhÆ°á»ng Nguyá»…n CÆ° Trinh, Quáº­n 1
- Hiá»‡n Tráº¡ng : Ä‘ang cho thuÃª 19 triá»‡u/thÃ¡ng
- Diá»‡n tÃ­ch: 71m2 (4,5x15,7)
- Káº¿t cáº¥u: 1 trá»‡t, 1 láº§u,3 phÃ²ng ngá»§,3 nhÃ  vá»‡ sinh.
- Vá»‹ trÃ­ thuáº­n tiá»‡n di chuyá»ƒn qua cÃ¡c quáº­n trung tÃ¢m
- xung quanh Ä‘áº§y Ä‘á»§ cÃ¡c tiá»‡n Ã­ch,chá»£ bÃ¡ch hoÃ¡,trÆ°á»ng há»c,bá»‡nh viá»‡n,...
- DÃ¢n cÆ° xung quanh vÄƒn minh, gáº§n chá»£, háº»m xe hÆ¡i.
- PhÃ¡p lÃ½ sá»• há»“ng riÃªng
- GiÃ¡: 3 tá»· 550 triá»‡u cÃ³ thÆ°Æ¡ng lÆ°á»£ng",3.55,71,"ÄÆ°á»ng Cá»‘ng Quá»³nh,  PhÆ°á»ng Nguyá»…n CÆ° Trinh, Quáº­n 1, Há»“ ChÃ­ Minh",Há»“ ChÃ­ Minh,1,,Mua BÃ¡n,3.0,3.0,1.0,,NhÃ  Trong NgÃµ,"4,5",https://alonhadat.com.vn//files/properties/2024/6/29/images/014708151-4249-ban-nha-trong-hem-quan-1-chinh-chu.jpg,"[10.7632889, 106.6897809]"
Cá»°C HIáº¾M !TOÃ€ CCMN DT120m2x9T- PHÃ‚N LÃ” OTO Táº¢I -2 THOÃNG - 27 PHÃ’NG -DT 150TR/TH-GIÃ 24 Tá»¶,"HÃ€NG Cá»°C PHáº¨M  - NHÃ€ DÃ’NG TIá»€N NGÃ• PHÃ‚N LÃ” OTO Táº¢I VÃ€O !

8 Táº¦NG 1 Háº¦M - Tá»”NG 27 PHÃ’NG - NGÃ• Ã” TÃ” Táº¢I - THáº²NG Táº®P - 2 THOÃNG TRÆ¯á»šC SAU - Há»¢P Äá»’NG ÄÆ N Vá»Š THá»¨ 3 THUÃŠ 130TR/THÃNG - GIÃ 24 Tá»¶ 

NgÃµ 6 Äá»™i NhÃ¢n, Ba ÄÃ¬nh 120m2 x 9 táº§ng

- MÃ´ táº£ : 
+ NhÃ  2 thoÃ¡ng vÄ©nh viá»…n, phÃ­a sau lÃ  sÃ¢n chung cÆ°, ngÃµ trÆ°á»›c xe táº£i vÃ o nhÃ .
+ NhÃ  Ä‘áº§y Ä‘á»§ GPXD, há»‡ thá»‘ng PCCC, ...

- Thiáº¿t káº¿: Tá»•ng 27 phÃ²ng
+ Táº§ng 1,2 má»—i táº§ng 3 phÃ²ng. 
+ Táº§ng: 3,4,5,6,7 má»—i táº§ng 4 phÃ²ng. 
+ Táº§ng 8 : 1 phÃ²ng rá»™ng 60 m2. 

- Sá»• Ä‘áº¹p, vuÃ´ng váº¯n, sáºµn sÃ ng giao dá»‹ch.
- GiÃ¡ : 24 Tá»¶ ( CÃ³ ThÆ°Æ¡ng LÆ°á»£ng ) 
- LiÃªn há»‡ xem nhÃ  24/7:EM TRANG  (Gá»i trá»±c tiáº¿p hoáº·c inb Zalo) 

ğŸ”ºHá»— trá»£ xem nhÃ  miá»…n phÃ­ 24/7
ğŸ”ºGáº·p trá»±c tiáº¿p chá»§ nhÃ  Ä‘á»ƒ lÃ m viá»‡c 
ğŸ”ºGiÃ¡ tá»‘t nháº¥t thá»‹ trÆ°á»ng
ğŸ”ºLiÃªn há»‡ Ä‘á»ƒ biáº¿t thÃªm nhiá»u nhÃ  Ä‘áº¥t thá»• cÆ° HÃ  Ná»™i giÃ¡ ráº»",24,120,"ÄÆ°á»ng Äá»™i NhÃ¢n,  PhÆ°á»ng VÄ©nh PhÃºc, Quáº­n Ba ÄÃ¬nh, HÃ  Ná»™i",HÃ  Ná»™i,Ba ÄÃ¬nh,,Mua BÃ¡n,27.0,27.0,9.0,Sá»• há»“ng/ Sá»• Ä‘á»,NhÃ  Máº·t Phá»‘,5,https://alonhadat.com.vn//files/properties/2024/6/29/images/014711028-5534-ban-nha-mat-tien-quan-ba-dinh-gia-re.jpg,"[21.0411713, 105.8100837]"
"Thu Nháº­p 18tr/th HXH 6m BÃ¡n NhÃ  ÄÆ°á»ng King DÆ°Æ¡ng VÆ°Æ¡ng Quáº­n 6 , DT 86m2 GiÃ¡ 2tá»·250 SHR","NÃ³ng chá»§ nhÃ  sang Ä‘á»‹nh cÆ° Ãšc cáº§n bÃ¡n gáº¥p cÄƒn nhÃ  Ä‘á»ƒ sang di cÆ°, KhÃ¡ch thiá»‡n chÃ­ chá»§ nhÃ  Ä‘á»ƒ láº¡i toÃ n bá»™ ná»™i tháº¥t.
âœ”ï¸ Vá»‹ trÃ­ : Háº»m 27 King DÆ°Æ¡ng VÆ°Æ¡ng phÆ°á»ng 12 Quáº­n 6 
+ Diá»‡n TÃ­ch 86m2 ngang 5 dÃ i 17,2 m 
ğŸ’ Káº¿t cáº¥u 1Trá»‡t 3 láº§u gá»“m 5 phÃ²ng ngá»§ 6 phÃ²ng vá»‡ sinh, cÃ³ sÃ¢n thÆ°á»£ng, ban cÃ´ng thoÃ¡t mÃ¡t , cÃ³ gara Ã´ tÃ´ 
âœ… Háº»m trÆ°á»›c nhÃ  6m Ã´ tÃ´ nÃ© nhau thoáº£i mÃ¡i
Khu vá»±c sáº§m uáº¥t cÃ¡ch vÃ²ng xoay 10p di chuyá»ƒn
ğŸ‘‰ PhÃ¡p lÃ½ sá»• há»“ng riÃªng chÃ­nh chá»§ sang tÃªn cÃ´ng chá»©ng trong ngÃ y 
ğŸ’¥ GiÃ¡ bÃ¡n gáº¥p 2tá»·250 Chá»‘t 
+ nhÃ  cÃ³ dÃ²ng tiá»n cho thuÃª sáºµn 18tr/1 thÃ¡ng 
- cÃ³ ngÃ¢n hÃ ng há»— trá»£ cho vay 70% giÃ¡ trá»‹ cÄƒn nhÃ  
â˜ï¸ LiÃªn há»‡ ÃšT LIÃŠN Ä‘á»ƒ Ä‘Æ°á»£c há»— trá»£ xem nhÃ  miá»…n phÃ­ nhÃ©",2.25,86,"ÄÆ°á»ng Kinh DÆ°Æ¡ng VÆ°Æ¡ng,  PhÆ°á»ng 10, Quáº­n 6, Há»“ ChÃ­ Minh",Há»“ ChÃ­ Minh,6,,Mua BÃ¡n,5.0,5.0,3.0,Sá»• há»“ng/ Sá»• Ä‘á»,NhÃ  Trong NgÃµ,5,https://alonhadat.com.vn//files/properties/2024/6/29/images/014708037-2631-ban-nha-trong-hem-ho-chi-minh-chinh-chu.jpg,"[10.7500736, 106.6283243]"
