title,price,area,address,description,type,type_estate,law,floor,bedroom,toilet,direction,image_links,geo_code,district,province_city,width
"Cho thuÃª nhÃ  nguyÃªn cÄƒn sá»‘ 10 Ä‘Æ°á»ng Hoa Sá»¯a, P.7, Q.PhÃº Nhuáº­n",50.0,64,"ÄÆ°á»ng Hoa Sá»¯a, PhÆ°á»ng 7, Quáº­n PhÃº Nhuáº­n, TP.HCM","Cho thuÃª nhÃ  nguyÃªn cÄƒn sá»‘ 10 Ä‘Æ°á»ng Hoa Sá»¯a, PhÆ°á»ng 7, Quáº­n PhÃº Nhuáº­n, vá»‹ trÃ­ tá»‘t, gáº§n trÆ°á»ng há»c, kinh doanh sáº§m uáº¥t.
- Diá»‡n tÃ­ch: Ngang 4m DÃ i 16m. Gá»“m 1 trá»‡t, 3 láº§u, sÃ¢n thÆ°á»£ng. NhÃ  má»›i 100%
- Tiá»‡n lÃ m vÄƒn phÃ²ng, CÃ´ng ty, PhÃ²ng khÃ¡m, kinh doanh...
*** GiÃ¡ cho thuÃª: 50 triá»‡u/ thÃ¡ng, cÃ³ thÆ°Æ¡ng lÆ°á»£ng, cá»c 3 thÃ¡ng 
*** CÃ³ tiá»n hoa há»“ng cho mÃ´i giá»›i 
Äiá»‡n thoáº¡i: 
090757****
Hiá»‡n sá»‘
 
ÄÃ£ sao chÃ©p
 
 gáº·p Chá»‹ HÃ²a",Cho ThuÃª,NhÃ  Máº·t Phá»‘,,,,,,https://cloud.muaban.net/images/thumb-detail/2024/07/02/101/48a9685215904b2a801cddb29422e950.jpg,"[10.82302, 106.62965]",PhÃº Nhuáº­n,Há»“ ChÃ­ Minh,4.0
"Cho thuÃª NhÃ  háº»m rá»™ng 10m, Ä‘Æ°á»ng Quá»‘c lá»™ 50, xÃ£ Phong PhÃº, BÃ¬nh ChÃ¡nh",8.0,52,"ÄÆ°á»ng Quá»‘c Lá»™ 50, XÃ£ Phong PhÃº, Huyá»‡n BÃ¬nh ChÃ¡nh, TP.HCM","Cho thuÃª NhÃ  háº»m rá»™ng 10m, Ä‘Æ°á»ng Quá»‘c lá»™ 50, xÃ£ Phong PhÃº, BÃ¬nh ChÃ¡nh
- Diá»‡n tÃ­ch: 4x13m
- Diá»‡n tÃ­ch sá»­ dá»¥ng: 104m2, 1 trá»‡t, 1 láº§u, 2 PhÃ²ng ngá»§, 2 Toilet, 1 Báº¿p, 1 PhÃ²ng khÃ¡ch. NhÃ  cÃ³ sÃ¢n rá»™ng, cÃ³ cá»•ng rÃ o, nhÃ  gáº§n chá»£ PhÃº Láº¡c, SÃ¡t bÃªn BÃ¡ch HÃ³a Xanh, TT ngoáº¡i ngá»¯...
- GiÃ¡ thuÃª: 8 triá»‡u/thÃ¡ng, cÃ³ thÆ°Æ¡ng lÆ°á»£ng (cá»c 2 thÃ¡ng)
LiÃªn há»‡ chÃ­nh chá»§: 
091867****
Hiá»‡n sá»‘
 
ÄÃ£ sao chÃ©p
 
 - anh ThÃ nh",Cho ThuÃª,NhÃ  Trong NgÃµ,,,2,2,,https://cloud.muaban.net/images/thumb-detail/2024/06/24/043/f645d931ec3a4ad69c7027935c921058.jpg,"[10.70326, 106.56508]",BÃ¬nh ChÃ¡nh,Há»“ ChÃ­ Minh,4.0
"Cho thuÃª nhÃ  sá»‘ 31A Phan VÄƒn Há»›n, phÆ°á»ng TÃ¢n Thá»›i Nháº¥t, Q.12",45.0,154,"ÄÆ°á»ng Phan VÄƒn Há»›n, PhÆ°á»ng TÃ¢n Thá»›i Nháº¥t, Quáº­n 12, TP.HCM","Cho thuÃª nhÃ  sá»‘ 31A Phan VÄƒn Há»›n, P.TÃ¢n Thá»›i Nháº¥t, Quáº­n 12
+ DT: 7x22m, 2 láº§u Ä‘Ãºc, máº·t tiá»n dá»±ng kÃ­nh
+ GiÃ¡ cho thuÃª: 45 trieu
+ KÃ½ há»£p Ä‘á»“ng cho thuÃª dÃ i háº¡n
+ KÃ½ vá»›i cÃ¡c Ä‘á»‘i tÃ¡c uy tÃ­n: cÃ¡c cá»­a hÃ ng tiá»‡n lá»£i 24h, siÃªu thá»‹ mini, Há»‡ thá»‘ng bÃ¡n láº» thuá»‘c TÃ¢y, Bank, cÃ¡c thÆ°Æ¡ng hiá»‡u cafe trÃ  sá»¯a (Highland, Katinat...)
+ Tá»a láº¡c khu Quáº­n 12, khu nhá»™n nhá»‹p, kinh doanh sáº§m uáº¥t...
* KHÃ”NG CHO THUÃŠ NHÃ€ HÃ€NG, QUÃN Ä‚N.",Cho ThuÃª,NhÃ  Máº·t Phá»‘,,,,,,https://cloud.muaban.net/images/thumb-detail/2024/06/26/316/55ab1c733b3b45cbbb54d206478031e7.jpg,"[10.8282636, 106.6202489]",12,Há»“ ChÃ­ Minh,7.0
CHO THUÃŠ NHÃ€ Máº¶T TIá»€N Äá»ŠA CHá»ˆ 947 HUá»²NH Táº¤N PHÃT P.PHÃš THUáº¬N QUáº¬N 7,30.0,148,"947, ÄÆ°á»ng Huá»³nh Táº¥n PhÃ¡t, PhÆ°á»ng PhÃº Thuáº­n, Quáº­n 7, TP.HCM","Cho thuÃª nhÃ  máº·t tiá»n, nguyÃªn cÄƒn, Ä‘á»‹a chá»‰ 947 Huá»³nh Táº¥n PhÃ¡t PhÆ°á»ng PhÃº Thuáº­n Quáº­n 7, diá»‡n tÃ­ch sá»­ dá»¥ng 148m2, 1 trá»‡t, 2 phÃ²ng ngá»§, 2 WC, 1 báº¿p, ngang 4m dÃ i 37m, nhÃ  trá»‘ng, Ä‘á»“ng há»“ Ä‘iá»‡n nÆ°á»›c riÃªng, ráº¥t tiá»‡n cho viá»‡c kinh doanh, sá»‘ lÆ°Æ¡ng ngÆ°á»i á»Ÿ tá»« 1 - 4 ngÆ°á»i, giÃ¡ cho thuÃª 30.000.000/thÃ¡ng, Ä‘áº·t cá»c 1 thÃ¡ng",Cho ThuÃª,NhÃ  Máº·t Phá»‘,,,2,2,,https://cloud.muaban.net/images/thumb-detail/2024/07/02/059/ea6c9b89f05440f0b2e6487d50b40c96.jpg,"[10.734005, 106.7309828]",7,Há»“ ChÃ­ Minh,4.0
"Cho thuÃª nhÃ  362/4 LÃª Äá»©c Thá», P6, GÃ² Váº¥p. káº¿t há»£p lÃ m VÄƒn PhÃ²ng",18.0,60,"362/4, ÄÆ°á»ng LÃª Äá»©c Thá», PhÆ°á»ng 6, Quáº­n GÃ² Váº¥p, TP.HCM","Cho thuÃª nhÃ  362/4 LÃª Äá»©c Thá», P6, GÃ² Váº¥p. káº¿t há»£p lÃ m VÄƒn PhÃ²ng, Kinh doanh online vÃ  á»
- NhÃ  cÃ³ diá»‡n tÃ­ch Sá»­ Dá»¥ng 150 m2..
- Máº·t Báº±ng trá»‡t ngang 10mx6m. 1 Trá»‡t 2 Láº§u, CÃ³ SÃ¢n ThÆ°á»£ng
- nhÃ  cÃ³ 1 PhÃ²ng KhÃ¡ch Rá»™ng, 1 báº¿p Rá»™ng.. 4 PhÃ²ng Ngá»§ Rá»™ng.. 3 WC
- Thuáº­n Tiá»‡n Ä‘á»ƒ á» vÃ  KInh Doanh, lÃ m vÄƒn phÃ²ng.
- Káº¿ BÃªn UBND P6, chá»£ An NhÆ¡n.. khu vá»±c an ninh
GiÃ¡ ThuÃª 18 triá»‡u/thÃ¡ng",Cho ThuÃª,NhÃ  Trong NgÃµ,,3.0,4,3,,https://cloud.muaban.net/images/thumb-detail/2024/06/20/106/71746765d6f24521b67b289c26b5e3d1.jpg,"[10.838596, 106.6800554]",GÃ² Váº¥p,Há»“ ChÃ­ Minh,10.0
"ChÃ­nh chá»§ cho thuÃª nhÃ  máº·t tiá»n 348B Ung VÄƒn KhiÃªm, BÃ¬nh Tháº¡nh, 5x20m",40.0,100,"348B, ÄÆ°á»ng Ung VÄƒn KhiÃªm, PhÆ°á»ng 25, Quáº­n BÃ¬nh Tháº¡nh, TP.HCM","ChÃ­nh chá»§ cho thuÃª nguyÃªn cÄƒn nhÃ  máº·t tiá»n 348B Ung VÄƒn KhiÃªm, PhÆ°á»ng 25, Quáº­n BÃ¬nh Tháº¡nh
- Diá»‡n tÃ­ch: 5x20m, 1 trá»‡t, 1 láº§u
- GiÃ¡ 40 triá»‡u.
LH: A.DÅ©ng : 
090393****
Hiá»‡n sá»‘
 
ÄÃ£ sao chÃ©p",Cho ThuÃª,NhÃ  Máº·t Phá»‘,,2.0,,,,https://cloud.muaban.net/images/thumb-detail/2024/06/08/253/b553225c295b444f8944e27f799d72e6.jpg,"[10.8063236, 106.720263]",BÃ¬nh Tháº¡nh,Há»“ ChÃ­ Minh,5.0
"Máº·t báº±ng NVT háº»m xe hÆ¡i, kinh doanh Spa, Co-working, QuÃ¡n Äƒn, Shop",70.0,180,"251/1, ÄÆ°á»ng Nguyá»…n VÄƒn Trá»—i, PhÆ°á»ng 10, Quáº­n PhÃº Nhuáº­n, TP.HCM","Máº·t báº±ng náº±m táº¡i táº§ng trá»‡t cá»§a tÃ²a nhÃ . BÃªn cáº¡nh cá»­a hÃ ng tiá»‡n lá»£i GS25
-Diá»‡n tÃ­ch rá»™ng, máº·t báº±ng trá»‘ng suá»‘t, cÃ³ sáºµn 2 toilets cÃ´ng cá»™ng nam/ná»¯
-Háº»m xe hÆ¡i, khu vá»±c an ninh, lá»‹ch sá»±
-Äi sÃ¢n bay vÃ  trung tÃ¢m dá»… dÃ ng 7-10 phÃºt.
-CÃ“ Háº¦M Gá»¬I XE dÃ¹ng chung vá»›i tÃ²a nhÃ  (Cho phÃ©p tá»‘i Ä‘a 10 xe)
-CÃ“ Há»† THá»NG PCCC an toÃ n dÃ¹ng cÃ¹ng tÃ²a nhÃ , báº£o trÃ¬ Ä‘á»‹nh kÃ¬
-CÃ³ há»‡ thá»‘ng mÃ¡y phÃ¡t Ä‘iá»‡n dÃ¹ng chung vá»›i tÃ²a nhÃ  trÆ°á»ng há»£p cÃºp Ä‘iá»‡n
-Äi sáºµn Ä‘Æ°á»ng máº¡ng internet, Ä‘Ã¨n
-Há»— trá»£ (sáºµn) hai mÃ¡y láº¡nh Ã¢m tráº§n cÃ´ng suáº¥t lá»›n
-CÃ³ thá»ƒ GIAO NGAY",Cho ThuÃª,"VÄƒn phÃ²ng, TTTM, Cá»­a hÃ ng, Kiot",,,,,,https://cloud.muaban.net/images/thumb-detail/2024/06/23/093/b3965f45bc9944d29fc91efbad7bcead.jpg,"[10.7985569, 106.6704197]",PhÃº Nhuáº­n,Há»“ ChÃ­ Minh,
ChÃ­nh chá»§ cho ThuÃª phÃ²ng mÃ¡y láº¡nh ngay cáº§u vÆ°á»£t HÃ ng Xanh,5.5,28,"220/50A/96E, ÄÆ°á»ng XÃ´ Viáº¿t Nghá»‡ TÄ©nh, PhÆ°á»ng 21, Quáº­n BÃ¬nh Tháº¡nh, TP.HCM","- Cho ThuÃª phÃ²ng Háº»m Xe HÆ¡i, gáº§n cáº§u vÆ°á»£t HÃ ng Xanh, 
-Háº»m 220 XÃ´ Viáº¿t Nghá»‡ TÄ©nh, 
- Gáº§n TrÆ°á»ng Hutech, Há»“ng BÃ ng,...5 phÃºt xe mÃ¡y.
 
GiÃ¡ 5tr5
DT: 24m2 - 28m2
-Äiá»‡n 3,5kw ,nÆ°á»›c 25K/khá»‘i.giá»¯ xe + wifi miá»…n phÃ­, khÃ´ng phÃ¡t chi phÃ­ 
- Lá»‘i Ä‘i riÃªng, giá» giáº¥c tá»± do, camera an ninh, khÃ³a vÃ¢n tay.
thÃ­ch há»£p cho cÃ¡c báº¡n sinh viÃªn, gia Ä‘Ã¬nh....3 Ä‘áº¿n 4 ngÆ°á»i.
- Ná»™i tháº¥t cÆ¡ báº£n : nhÆ° hÃ¬nh, mÃ¡y láº¡nh, giÆ°á»ng , tá»§ quáº§n Ã¡o, tá»§ láº¡nh,...
Há»£p Ä‘á»“ng dÃ i háº¡n, 
-LiÃªn há»‡ chÃ­nh chá»§.",Cho ThuÃª,,,,,,,https://cloud.muaban.net/images/thumb-detail/2024/04/27/379/69ff5ca9940b47b09eced00165c2abc6.jpg,"[10.7971, 106.71171]",BÃ¬nh Tháº¡nh,Há»“ ChÃ­ Minh,
"Cho thuÃª táº§ng 2 nhÃ  ngÃµ 472 Láº¡c Long QuÃ¢n, diá»‡n tÃ­ch 45m2",6.5,45,"ÄÆ°á»ng Láº¡c Long QuÃ¢n, PhÆ°á»ng Nháº­t TÃ¢n, Quáº­n TÃ¢y Há»“, HÃ  Ná»™i","Cho thuÃª táº§ng 2 nhÃ  sá»‘ 11/11 ngÃµ 472 Láº¡c Long QuÃ¢n, diá»‡n tÃ­ch 45m2, 1 phÃ²ng ngá»§, 1 phÃ²ng khÃ¡ch, 1 phÃ²ng Äƒn, nhÃ  cÃ³ thang mÃ¡y, thiáº¿t káº¿ Ä‘áº¹p, hiá»‡n Ä‘áº¡i, Ä‘áº§y Ä‘á»§ tiá»‡n nghi, cÃ¡ch Há»“ TÃ¢y 50m, ngÃµ 2,8m, gáº§n CÃ´ng ViÃªn NÆ°á»›c, Lotte má»›i Nháº­t TÃ¢n
GiÃ¡ 6,5tr/thÃ¡ng
LiÃªn há»‡ chá»§ nhÃ : 
090438****
Hiá»‡n sá»‘
 
ÄÃ£ sao chÃ©p
 
 , 
093615****
Hiá»‡n sá»‘
 
ÄÃ£ sao chÃ©p",Cho ThuÃª,NhÃ  Trong NgÃµ,,,1,1,,https://cloud.muaban.net/images/thumb-detail/2024/06/27/289/1f9a52ff01114c71b3ba31bcea0a5ee4.jpg,"[21.0789541, 105.8163157]",TÃ¢y Há»“,HÃ  Ná»™i,
"Cho thuÃª gáº¥p máº·t báº±ng kinh doanh máº·t tiá»n 131 phá»‘ BÃ  Triá»‡u, Q.HBH, HN",25.0,24,"131, ÄÆ°á»ng BÃ  Triá»‡u, PhÆ°á»ng Nguyá»…n Du, Quáº­n Hai BÃ  TrÆ°ng, HÃ  Ná»™i","Cho thuÃª gáº¥p máº·t báº±ng kinh doanh máº·t tiá»n 131 phá»‘ BÃ  Triá»‡u, phÆ°á»ng Nguyá»…n Du, quáº­n Hai BÃ  TrÆ°ng, HÃ  Ná»™i
- NhÃ  riÃªng biá»‡t Ä‘i khoÃ¡ vá» má»Ÿ
- Máº·t tiá»n:3,5m, máº·t sÃ n táº§ng 1 lÃ  24 m2
- Tá»•ng diá»‡n tÃ­ch: 54 m2 (1,5 táº§ng - 2 xáº¿p lá»­ng cao)
- Thuáº­n lá»£i lÃ m kinh doanh, vá»‹ trÃ­ Ä‘áº¹p, gáº§n ngÃ£ 4
- GiÃ¡ thuÃª: 25 triá»‡u/thÃ¡ng
LiÃªn há»‡: C.Nga, Tel. 
098923****
Hiá»‡n sá»‘
 
ÄÃ£ sao chÃ©p",Cho ThuÃª,NhÃ  Máº·t Phá»‘,,,,,,https://cloud.muaban.net/images/thumb-detail/2024/06/28/201/2fc1687b2fef449ead0c9739bf421d35.jpg,"[21.00626, 105.85537]",Hai BÃ  TrÆ°ng,HÃ  Ná»™i,
Cho thuÃª Máº·t tiá»n Phá»‘ áº©m Thá»±c Phan XÃ­ch Long,15.0,70,"ÄÆ°á»ng Hoa PhÆ°á»£ng, PhÆ°á»ng 2, Quáº­n PhÃº Nhuáº­n, TP.HCM","NhÃ  máº·t tiá»n Ä‘Æ°á»ng Hoa PhÆ°á»£ng ngay Phá»‘ áº©m thá»±c Phan XÃ­ch Long, Ä‘á»‘i diá»‡n nhÃ  thi Ä‘áº¥u ráº¡ch miá»…u, cÃ¢u láº¡c bá»™ TDTT - Há»“ bÆ¡i sáº¡ch nháº¥t thÃ nh phá»‘, thÃ­ch há»£p má»Ÿ VÄƒn PhÃ²ng Spa - CÃ  phÃª.... nhÃ  máº·t tiá»n ngang 4m dÃ i 17m",Cho ThuÃª,"VÄƒn phÃ²ng, TTTM, Cá»­a hÃ ng, Kiot",,,,,,https://cloud.muaban.net/images/thumb-detail/2024/06/25/402/282d69f08c584881a735db09581e4000.jpg,"[10.7974409, 106.6891284]",PhÃº Nhuáº­n,Há»“ ChÃ­ Minh,
"Cho thuÃª nhÃ  5 táº§ng, sá»‘ 36 ngÃµ 124 KhÆ°Æ¡ng Trung hoáº·c 93 VÅ© TÃ´ng Phan",16.0,"35,4","sá»‘ 36 ngÃµ 124, ÄÆ°á»ng KhÆ°Æ¡ng Trung, PhÆ°á»ng KhÆ°Æ¡ng Trung, Quáº­n Thanh XuÃ¢n, HÃ  Ná»™i","Cho thuÃª nhÃ  5 táº§ng, sá»‘ nhÃ  36 ngÃµ 124 KhÆ°Æ¡ng Trung hoáº·c 93 VÅ© TÃ´ng Phan, quáº­n Thanh XuÃ¢n, HÃ  Ná»™i
Diá»‡n tÃ­ch 35,4m2, tá»•ng diá»‡n tÃ­ch 175m2
Táº§ng 1: báº¿p, chá»— Äƒn, chá»— Ä‘á»ƒ xe, WC
Táº§ng 2: phÃ²ng khÃ¡ch, phÃ²ng ngá»§ +WC
Táº§ng 3: 2 phÃ²ng ngá»§ +WC
Táº§ng 4: 2 phÃ²ng ngá»§ +WC
Táº§ng 5: phÃ²ng thá», sÃ¢n phÆ¡i
Ná»™i tháº¥t Ä‘áº§y Ä‘á»§ - vá» á»Ÿ luÃ´n
An ninh tá»‘t, ngÃµ 3,5m thÃ´ng thoÃ¡ng, gáº§n trÆ°á»ng há»c cáº¥p 1 vÃ  2, gáº§n chá»£
Äiá»‡n nÆ°á»›c, internet Ä‘áº§y Ä‘á»§
PhÃ¹ há»£p cho há»™ gia Ä‘Ã¬nh, vÄƒn phÃ²ng, cÃ´ng ty, phÃ²ng khÃ¡m, spa...
GiÃ¡ thuÃª 16 triá»‡u.
KhÃ´ng qua trung gian.
LiÃªn há»‡ chÃ­nh chá»§: 
035297****
Hiá»‡n sá»‘
 
ÄÃ£ sao chÃ©p",Cho ThuÃª,NhÃ  Trong NgÃµ,,5.0,,,,https://cloud.muaban.net/images/thumb-detail/2024/06/26/024/272a20bd37b6438798ebbe1cea672822.jpg,"[20.99722, 105.81911]",Thanh XuÃ¢n,HÃ  Ná»™i,
"Cho thuÃª phÃ²ng rá»™ng 53 Tráº§n Káº¿ XÆ°Æ¡ng, P.7, PhÃº Nhuáº­n, cÃ³ tiá»‡n nghi",3.6,25,"53, ÄÆ°á»ng Tráº§n Káº¿ XÆ°Æ¡ng, PhÆ°á»ng 7, Quáº­n PhÃº Nhuáº­n, TP.HCM","Cho thuÃª phÃ²ng táº¡i nhÃ  53 Tráº§n Káº¿ XÆ°Æ¡ng, P.7, PhÃº Nhuáº­n
- PhÃ²ng rá»™ng 25m2, tÆ°á»ng vÃ  tráº§n má»›i sÆ¡n nÆ°á»›c, cÃ³ WC riÃªng vÃ  báº¿p riÃªng
- Gá»“m cÃ¡c thiáº¿t bá»‹: cÃ³ mÃ¡y láº¡nh, quáº¡t, cÃ³ nÆ°á»›c nÃ³ng láº¡nh nÄƒng lÆ°á»£ng máº·t trá»i, cÃ³ wifi, cÃ³ tá»§ láº¡nh, mÃ¡y giáº·t, cÃ³ balcon
- GiÃ¡ thuÃª 3,6 triá»‡u/thÃ¡ng 
LiÃªn há»‡: chá»‹ Liá»…u 
070740****
Hiá»‡n sá»‘
 
ÄÃ£ sao chÃ©p
 
 hoáº·c sá»‘ ÄT: 
091392****
Hiá»‡n sá»‘
 
ÄÃ£ sao chÃ©p",Cho ThuÃª,,,,,,,https://cloud.muaban.net/images/thumb-detail/2024/05/23/342/924e41cb11ec48b78fdad90658efd93a.jpg,"[10.802571, 106.6889872]",PhÃº Nhuáº­n,Há»“ ChÃ­ Minh,
"Cáº§n cho thuÃª nhÃ  máº·t tiá»n, nguyÃªn cÄƒn, sá»‘ 29B HÃ ng VÃ´i, quáº­n HoÃ n Kiáº¿m",45.0,35,"sá»‘ 29B, ÄÆ°á»ng HÃ ng VÃ´i, PhÆ°á»ng LÃ½ ThÃ¡i Tá»•, Quáº­n HoÃ n Kiáº¿m, HÃ  Ná»™i","Cáº§n cho thuÃª nhÃ  máº·t tiá»n, nguyÃªn cÄƒn, sá»‘ 29B HÃ ng VÃ´i, quáº­n HoÃ n Kiáº¿m, HÃ  Ná»™i.
Diá»‡n tÃ­ch 35m2/táº§ng, nhÃ  5 táº§ng khÃ©p kÃ­n.
BÃªn cáº¡nh toÃ  nhÃ  BIDV, cÃ¡ch Há»“ GÆ°Æ¡m 100m Ä‘i bá»™.
ThÃ­ch há»£p lÃ m Hostel, quÃ¡n cafe Äƒn sÃ¡ng, siÃªu thá»‹ 24/7..., hairsalon, spa...
GiÃ¡ thuÃª 45 triá»‡u/thÃ¡ng, cá»c 6 thÃ¡ng/láº§n.
LiÃªn há»‡: chÃ­nh chá»§ Anh Quang 
036238****
Hiá»‡n sá»‘
 
ÄÃ£ sao chÃ©p",Cho ThuÃª,NhÃ  Máº·t Phá»‘,,5.0,,,,https://cloud.muaban.net/images/thumb-detail/2024/05/30/103/76e4cfbfba2d44fb9278dc0cfb4d412e.jpg,,HoÃ n Kiáº¿m,HÃ  Ná»™i,
"ChÃ­nh chá»§ cho thuÃª nhÃ  máº·t tiá»n KD 49D Ä‘Æ°á»ng 18, Linh Trung, Thá»§ Äá»©c",13.0,107,"49D, ÄÆ°á»ng 18, PhÆ°á»ng Linh Trung, TP. Thá»§ Äá»©c - Quáº­n Thá»§ Äá»©c, TP.HCM","ChÃ­nh chá»§ cáº§n cho thuÃª cÄƒn nhÃ  máº·t tiá»n kinh doanh sá»‘ 49D Ä‘Æ°á»ng sá»‘ 18 khu phá»‘ 5 PhÆ°á»ng Linh Trung Quáº­n Thá»§ Äá»©c cÅ©. 
NhÃ  1 trá»‡t 1 láº§u sÃ¢n thÆ°á»£ng trÃªn diá»‡n tÃ­ch Ä‘áº¥t 107m2 thá»• cÆ° 100%. Ngang 4,52m ná»Ÿ háº­u 4,55m sÃ¢u 23m. Diá»‡n tÃ­ch xÃ¢y dá»±ng 149m2. 
Táº§ng trá»‡t cÃ³ 1 sÃ¢n Ä‘á»ƒ xe mÃ¡y xe hÆ¡i, phÃ²ng khÃ¡ch, phÃ²ng ngá»§ vÃ  báº¿p vá»›i 1 nhÃ  vá»‡ sinh. 
Láº§u 1 cÃ³ 3 phÃ²ng ngá»§ vÃ  1 nhÃ  vá»‡ sinh riÃªng biá»‡t vÃ  1 nhÃ  vá»‡ sinh trong phÃ²ng ngá»§.
Khu vá»±c sáº§m uáº¥t, Ä‘Æ°á»ng rá»™ng 16m cÃ¡ch Xa Lá»™ HÃ  Ná»™i 100m. Khu vá»±c gáº§n trÆ°á»ng Ä‘áº¡i há»c vÃ  khu cÃ´ng nghiá»‡p bá»‡nh viá»‡n Thá»§ Äá»©c.
ThÃ­ch há»£p kinh doanh buÃ´n bÃ¡n má»Ÿ vÄƒn phÃ²ng cÃ´ng ty cao á»‘c vÄƒn phÃ²ng cÄƒn há»™ dá»‹ch vá»¥. Vá»«a á»Ÿ vá»«a kinh doanh cafe, kho xÆ°á»Ÿng cÆ¡ khÃ­...
GiÃ¡ cho thuÃª : 13 triá»‡u/ thÃ¡ng thÆ°Æ¡ng lÆ°á»£ng.
Há»£p tÃ¡c mÃ´i giá»›i hoa há»“ng thoáº£ thuáº­n.
LiÃªn há»‡ : 
098917****
Hiá»‡n sá»‘
 
ÄÃ£ sao chÃ©p",Cho ThuÃª,NhÃ  Máº·t Phá»‘,,2.0,,,,https://cloud.muaban.net/images/thumb-detail/2024/05/31/074/010ff3fba88d470aab56c92914e39bba.jpg,,Thá»§ Äá»©c -  Thá»§ Äá»©c,Há»“ ChÃ­ Minh,4.5
"Cho thuÃª nhÃ  4 táº§ng, 85m2 máº·t phá»‘ LÃª Duáº©n, HoÃ n Kiáº¿m, thang mÃ¡y, MT 6m",0.123456,85,"ÄÆ°á»ng LÃª Duáº©n, PhÆ°á»ng Cá»­a Nam, Quáº­n HoÃ n Kiáº¿m, HÃ  Ná»™i","ChÃ­nh chá»§ cho thuÃª nhÃ  máº·t phá»‘ LÃª Duáº©n, phÆ°á»ng Cá»­a Nam, quáº­n HoÃ n Kiáº¿m, HÃ  Ná»™i
NhÃ  gáº§n Ga HÃ  Ná»™i, 4 táº§ng, diá»‡n tÃ­ch máº·t báº±ng 85m2, máº·t tiá»n 6m
CÃ³ thang mÃ¡y
Khu trung tÃ¢m tiá»‡n kinh doanh
GiÃ¡ thoáº£ thuáº­n
LH: Em PhÆ°Æ¡ng, 
085656****
Hiá»‡n sá»‘
 
ÄÃ£ sao chÃ©p",Cho ThuÃª,NhÃ  Máº·t Phá»‘,,,,,,https://cloud.muaban.net/images/thumb-detail/2024/06/14/177/abfadcdb59134029aa5ee3379f9f4425.jpg,"[21.0242596, 105.8406959]",HoÃ n Kiáº¿m,HÃ  Ná»™i,
"Cho thuÃª nhÃ  Nguyá»…n Há»¯u Cáº£nh, phÆ°á»ng 22, Binh Tháº¡nh, 6 triá»‡u/thÃ¡ng",6.0,40,"ÄÆ°á»ng Nguyá»…n Há»¯u Cáº£nh, PhÆ°á»ng 22, Quáº­n BÃ¬nh Tháº¡nh, TP.HCM","Cho thuÃª nhÃ  Nguyá»…n Há»¯u Cáº£nh, phÆ°á»ng 22, Quáº­n Binh Tháº¡nh
* NhÃ  nhá» diá»‡n tÃ­ch sá»­ dá»¥ng 40m2
* GiÃ¡ 6 triá»‡u /thÃ¡ng
LiÃªn há»‡ HÃ  
093528****
Hiá»‡n sá»‘
 
ÄÃ£ sao chÃ©p",Cho ThuÃª,NhÃ  Trong NgÃµ,,,,,,https://cloud.muaban.net/images/thumb-detail/2024/06/25/131/3a3882456c514d62a2975d2f7eef66dd.jpg,"[10.7966197, 106.719169]",BÃ¬nh Tháº¡nh,Há»“ ChÃ­ Minh,
CHO THUÃŠ VÄ‚N PHÃ’NG VÃ€ Lá»šP Há»ŒC QUáº¬N Äá»NG ÄA,15.0,80,"ÄÆ°á»ng ChÃ¹a LÃ¡ng, Quáº­n Äá»‘ng Äa, HÃ  Ná»™i","CHO THUÃŠ VÄ‚N PHÃ’NG VÃ€ Lá»šP Há»ŒC QUáº¬N Äá»NG ÄA
ğŸ  Äá»‹a chá»‰: Sá»‘ 18/23 ngÃµ 82 ChÃ¹a LÃ¡ng, phÆ°á»ng LÃ¡ng ThÆ°á»£ng, quáº­n Äá»‘ng Äa, HÃ  Ná»™i
ğŸ“Cho thuÃª táº§ng 4 vÃ  táº§ng 5 cá»§a toÃ  nhÃ  7 táº§ng
ğŸ“ Diá»‡n tÃ­ch: 80m2 / táº§ng
ğŸ’µ GiÃ¡ cho thuÃª: 15 triá»‡u/ táº§ng ; 
ğŸ“ ThuÃª cáº£ 2 táº§ng giÃ¡ 28 triá»‡u.
âœ¨ Tiá»‡n Ã­ch: 
- CÃ¡ch Vincom Centre Nguyá»…n ChÃ­ Thanh 500m
- CÃ¡ch chá»£ LÃ¡ng ThÆ°á»£ng, Ä‘áº¡i há»c Ngoáº¡i ThÆ°Æ¡ng, Ngoáº¡i Giao 50m
- CÃ¡ch bÃ£i Ä‘á»— xe 30m
- CÃ¡ch Há»“ LÃ¡ng 30m
- ÄÆ°á»ng trÆ°á»›c máº·t nhÃ  rá»™ng 7m
- Máº·t tiá»n nhÃ  8m
- Thang mÃ¡y cÃ³ tháº» lÃªn riÃªng Ä‘á»™c láº­p
- CÃ³ 3 Ä‘iá»u hoÃ 
- CÃ³ bÃ¬nh nÃ³ng láº¡nh káº¿t há»£p bÃ¬nh Ä‘un báº±ng nÄƒng lÆ°á»£ng máº·t trá»i
- CÃ³ Ä‘á»§ Ä‘iá»u kiá»‡n vÃ  kinh nghiá»‡m cho ngÆ°á»i nÆ°á»›c ngoÃ i thuÃª nhiá»u nÄƒm.
ğŸ“Œ LÆ°u Ã½: GiÃ¡ cho thuÃª khÃ´ng bao gá»“m cÃ¡c loáº¡i thuáº¿ liÃªn quan Ä‘áº¿n cho thuÃª nhÃ  vÃ  chi phÃ­ phÃ¡t sinh khi thuÃª (Ä‘iá»‡n, nÆ°á»›c, wifi,â€¦)
Má»i ngÆ°á»i ai cÃ³ nhu cáº§u biáº¿t thÃªm thÃ´ng tin vÃ  xem nhÃ , xin liÃªn há»‡ chÃ­nh chá»§:
SÄT/Zalo: 
090413****
Hiá»‡n sá»‘
 
ÄÃ£ sao chÃ©p",Cho ThuÃª,"VÄƒn phÃ²ng, TTTM, Cá»­a hÃ ng, Kiot",,,,,,https://cloud.muaban.net/images/thumb-detail/2024/06/05/569/3b52a0ca112e417fa6c1446491922ab0.jpg,"[21.01348, 105.82679]",Äá»‘ng Äa,HÃ  Ná»™i,
"Cho thuÃª nhÃ  sá»‘ 22/2 Cáº§m BÃ¡ ThÆ°á»›c, PhÆ°á»ng 7, Quáº­n PhÃº Nhuáº­n, 2 máº·t háº»m",7.5,48,"22/2, ÄÆ°á»ng Cáº§m BÃ¡ ThÆ°á»›c, PhÆ°á»ng 7, Quáº­n PhÃº Nhuáº­n, TP.HCM","Cho thuÃª nhÃ  sá»‘ 22/2 Cáº§m BÃ¡ ThÆ°á»›c, PhÆ°á»ng 7, Quáº­n PhÃº Nhuáº­n
â€¢ NhÃ  2 máº·t háº»m, háº»m trÆ°á»›c nhÃ  3,5m, háº»m hÃ´ng 1,8m, cÃ¡ch máº·t Ä‘Æ°á»ng chÃ­nh khoáº£ng 30m
â€¢ Diá»‡n tÃ­ch sá»­ dá»¥ng 48m2
â€¢ NhÃ  gá»“m 1 trá»‡t, 1 lá»­ng, 1 láº§u, 2 WC, balcon, cÃ³ cá»­a sau
â€¢ GiÃ¡ 7,5 triá»‡u/thÃ¡ng, cá»c 2 thÃ¡ng tráº£ tiá»n Ä‘áº§u thÃ¡ng
LiÃªn há»‡ call/zalo: 
090390****
Hiá»‡n sá»‘
 
ÄÃ£ sao chÃ©p
 
 gáº·p anh TrÆ°á»ng",Cho ThuÃª,NhÃ  Trong NgÃµ,,1.0,,2,,https://cloud.muaban.net/images/thumb-detail/2024/06/27/471/94c600c7fc50471699eb0bd4640d87a3.jpg,"[10.82302, 106.62965]",PhÃº Nhuáº­n,Há»“ ChÃ­ Minh,
"Cho thuÃª khoSÃ“NG THáº¦N 500 - 1000M2 - 2000M2 - 2500M2, 5000M2 - 10000M2",0.1,1.500,"7, ÄÆ°á»ng Äáº¡i lá»™ Äá»™c Láº­p, PhÆ°á»ng DÄ© An, ThÃ nh phá»‘ DÄ© An, BÃ¬nh DÆ°Æ¡ng","CÃ´ng ty NgÃ´ Tráº§n Gia Logistics chuyÃªn vá» lÄ©nh vá»±c cho thuÃª kho chá»©a hÃ ng táº¡i KCN: KCN TÃ¢n BÃ¬nh, SÃ³ng Tháº§n, BÃ¬nh DÆ°Æ¡ng...
Äá»‹a chá»‰ kho:
- Sá»‘ 7, Äáº¡i Lá»™ Äá»™c Láº­p, khu cÃ´ng nghiá»‡p SÃ³ng Tháº§n 1, DÄ© An, BÃ¬nh DÆ°Æ¡ng.
- Diá»‡n tÃ­ch thuÃª Ä‘a dáº¡ng: 100m2, 150m2, 200m2, 250m2 - 300m2 - 500m2, 1000m2, 2000m2.
HÃ¬nh thá»©c thuÃª Ä‘a dáº¡ng: Kho Ä‘á»™c láº­p tá»± quáº£n hoáº·c kho dá»‹ch vá»¥.
Äá»‘i vá»›i kho dá»‹ch vá»¥ cÃ³ quáº£n lÃ½:
- BÃ¡o cÃ¡o nháº­p xuáº¥t tá»“n Ä‘áº§y Ä‘á»§.
- Bá»“i thÆ°á»ng máº¥t hÃ ng 100%, báº£o vá»‡ 24/24.
- PCCC Ä‘áº§y Ä‘á»§.
- Camera giÃ¡m sÃ¡t.
- Bá»‘c xáº¿p chuyÃªn nghiá»‡p.
- DÃ¡n nhÃ£n hÃ ng hÃ³a.
- Thá»i gian thuÃª linh Ä‘á»™ng.
- Khu vá»±c tá»•ng kho chÃºng tÃ´i vá»›i diá»‡n tÃ­ch 5 ha.
- Vá»‹ trÃ­ Ä‘áº¯c Ä‘á»‹a, giao thÃ´ng thuáº­n lá»£i.
- ÄÆ°á»ng ná»™i bá»™ rá»™ng 20m, xe ra vÃ o thuáº­n lá»£i.
- Hoáº¡t Ä‘á»™ng 24/24.
Äá»‘i vá»›i kho Ä‘á»™c láº­p tá»± quáº£n: ChÃºng tÃ´i cÃ³ má»™t lÆ°á»£ng kho riÃªng Ä‘á»™c láº­p thÃ­ch há»£p cho nhiá»u nhu cáº§u khÃ¡ch hÃ ng.
Kho 810m2 sÃ¢n rá»™ng rÃ£i, xe container vÃ o táº­n kho.
- Kho 2500m2 xe container cáº­n cá»­a, máº·t tiá»n lá»›n.
- Kho 1300m2 xe container táº­n cá»­a, máº·t tiá»n lá»›n.
- Kho 920m2 hai cá»­a xuáº¥t nháº­p hÃ ng.
- Kho 750m2 thoÃ¡ng mÃ¡t, xe container vÃ o táº­n cá»­a.
- Kho 1500m2 thoÃ¡ng mÃ¡t, xe container vÃ o táº­n cá»­a.
- Kho 5000m2.
- Kho 10.000m2.
- Kho 15.000m2.
ThÃ´ng tin chi tiáº¿t xin vui lÃ²ng liÃªn há»‡ 
0915******
Hiá»‡n sá»‘
 
ÄÃ£ sao chÃ©p
 
 Ä‘á»ƒ Ä‘Æ°á»£c giÃ¡ tá»‘t nháº¥t. Mr ThÃ¡i",Cho ThuÃª,"NhÃ  XÆ°á»Ÿng, Máº·t Báº±ng, Kho BÃ£i",,,,,,https://cloud.muaban.net/images/thumb-detail/2022/08/29/386/cf419471fb9548c88e2503e86ccab096.jpg,"[15.76667, 108.26667]",DÄ© An,BÃ¬nh DÆ°Æ¡ng,
Cho thuÃª nhÃ  máº·t phá»‘ sá»‘ 54 TÃ´n Äá»©c Tháº¯ng 20 triá»‡u,20.0,46,"54, ÄÆ°á»ng HÃ ng MÃ£, PhÆ°á»ng HÃ ng MÃ£, Quáº­n HoÃ n Kiáº¿m, HÃ  Ná»™i","ChÃ­nh chá»§ Cho thuÃª nhÃ  phá»‘ sá»‘ 54 tÃ´n ÄÆ°Ìc Tháº¯ng diá»‡n tÃ­ch 46 m2 xÃ¢y 4,5 táº§ng máº·t tiá»n rá»™ng 6 m ,Ä‘i riÃªng biá»‡t,
Kinh doanh cá»±c ká»³ tá»‘t luÃ´n , 
xÃ¢y dá»±ng khÃ¹ng bÃª tÃ´ng .phÃ²ng thÃ´ng phá»¥ khÃ©p kÃ­n ná»™i tháº¥t Ä‘áº¹p , tiá»‡n á»Ÿ kinh doanh quáº§n Ã¡o Ä‘iá»‡n thoáº¡i,online , kd hÃ´msay â€¦ ,Ná»™i tháº¥t ChÃ¢u Ã‚u,ThÃ´ng tin mÃ´ táº£. Khu an ninh dÃ¢n trÃ­ cao .kinh doanh tá»‘t .vá»‡ sinh khÃ©p kÃ­n 
+ , khu vá»±c kinh doanh, nhÃ  xÃ¢y Ä‘áº¹p , máº·t tiá»n rá»™ng 
-Vá»‹ trÃ­ Ä‘áº¯c Ä‘á»‹a siÃªu Ä‘áº¹p , trung tÃ¢m
-PhÃ­a trÆ°á»›c khÃ´ng bá»‹ cháº¯n cÃ¢y , cá»™t Ä‘iá»‡n , phá»‘ an ninh dÃ¢n trÃ­ cao nhÃ  Ä‘áº¹p
-Khu phá»‘ kinh doanh sáº§m uáº¥t , Ä‘áº£m báº£o an ninh
-GiÃ¡ .thÆ°Æ¡ng lÆ°á»£ng 
-LiÃªn há»‡: 
091662****
Hiá»‡n sá»‘
 
ÄÃ£ sao chÃ©p
 
 
 
miá»…n quáº£ng cÃ¡o",Cho ThuÃª,NhÃ  Máº·t Phá»‘,,5.0,3,3,,https://cloud.muaban.net/images/thumb-detail/2023/09/27/080/ca463a42c78c4e0aa09197df4284a3ce.jpg,"[21.02813, 105.85358]",HoÃ n Kiáº¿m,HÃ  Ná»™i,
CHÃNH CHá»¦ CHO THUÃŠ NHÃ€ HáººM 120 TRáº¦N HÆ¯NG Äáº O 1 TRá»†T + 3 Táº¦NG,12.0,20,"ÄÆ°á»ng Tráº§n HÆ°ng Äáº¡o, PhÆ°á»ng Pháº¡m NgÅ© LÃ£o, Quáº­n 1, TP.HCM","- NhÃ  háº»m 120 Tráº§n HÆ°ng Äáº¡o, 1 trá»‡t + 3 táº§ng gá»“m: 3PN + 2WC
- Ná»™i tháº¥t hoÃ n thiá»‡n cÆ¡ báº£n
- Khu vá»±c xung quanh tiá»‡n Ã­ch Ä‘áº§y Ä‘á»§: trÆ°á»ng há»c, bá»‡nh viá»‡n, trung tÃ¢m thÆ°Æ¡ng máº¡i, siÃªu thá»‹, chá»£, CA phÆ°á»ng, nhÃ  hÃ ng, cafe...
- Vá»‹ trÃ­ thuáº­n tiá»‡n Ä‘i chuyá»ƒn cÃ¡c quáº­n xung quanh chá»‰ máº¥t 5-10 phÃºt
- NhÃ  trá»‘ng dá»n vÃ o á»Ÿ ngay
- Æ¯u tiÃªn kÃ­ HÄ dÃ i háº¡n trÃªn 1 nÄƒm
- LiÃªn há»‡ chÃ­nh chá»§: 
098827****
Hiá»‡n sá»‘
 
ÄÃ£ sao chÃ©p
 
 - cÃ´ ThÃ¡i",Cho ThuÃª,NhÃ  Trong NgÃµ,,,3,2,,https://cloud.muaban.net/images/thumb-detail/2024/06/24/202/dcdfdabe85f6464c8613cb84c1ecfd81.jpg,"[10.78069, 106.69944]",1,Há»“ ChÃ­ Minh,
"Cho thuÃª nhÃ  vÄƒn phÃ²ng, kho xÆ°á»Ÿng táº¡i LÃª Trá»ng Táº¥n, phÆ°á»ng SÆ¡n Ká»³",40.0,450,"ÄÆ°á»ng LÃª Trá»ng Táº¥n, PhÆ°á»ng SÆ¡n Ká»³, Quáº­n TÃ¢n PhÃº, TP.HCM","Cho thuÃª nhÃ  vÄƒn phÃ²ng, xÆ°á»Ÿng táº¡i 389/1 & 389/1A LÃª Trá»ng Táº¥n, phÆ°á»ng SÆ¡n Ká»³, Quáº­n TÃ¢n PhÃº
- DT 8x38m, DTSD 450 m2, thuáº­n tiá»‡n vá»«a lÃ m vÄƒn phÃ²ng & kho.
xem kho thuÃª theo thá»±c táº¿.
GiÃ¡ cho thuÃª : 40 triá»‡u (cÃ³ thÆ°Æ¡ng lÆ°á»£ng)
LH: 
090334****
Hiá»‡n sá»‘
 
ÄÃ£ sao chÃ©p
 
 - Chá»‹ Tháº£o CHÃNH CHá»¦ CHO THUÃŠ.
(HÃ¬nh vÄƒn phÃ²ng tá»« cÅ©, khÃ¡ch thuÃª má»i Ä‘áº¿n xem thá»±c táº¿).",Cho ThuÃª,"NhÃ  XÆ°á»Ÿng, Máº·t Báº±ng, Kho BÃ£i",,,,,,https://cloud.muaban.net/images/thumb-detail/2023/04/07/354/6e1bc820a8084a29a721705c9075847a.jpg,"[10.8120524, 106.6091559]",TÃ¢n PhÃº,Há»“ ChÃ­ Minh,
"Cho thuÃª nhÃ  nguyÃªn cÄƒn 292/41BÃ  Háº¡t, P9, Q10, DT 3mx9m, 1 trá»‡t",11.0,27,"ÄÆ°á»ng BÃ  Háº¡t, PhÆ°á»ng 9, Quáº­n 10, TP.HCM","Cho thuÃª nhÃ  nguyÃªn cÄƒn 292/41BÃ  Háº¡t, P9, Q10, DT 3mx9m, 1 trá»‡t, 1 lá»­ng, 1 láº§u, 1 sÃ¢n thÆ°á»£ng, 3 phÃ²ng ngá»§, 2wc, giÃ¡ 11tr/thÃ¡ng. LiÃªn hÃª: CÃ´ Giao, 
090387****
Hiá»‡n sá»‘
 
ÄÃ£ sao chÃ©p",Cho ThuÃª,NhÃ  Trong NgÃµ,,,,,,https://cloud.muaban.net/images/thumb-detail/2024/07/01/344/4549c461dae44f0ca40328d2665de395.jpg,"[10.7666845, 106.6718832]",10,Há»“ ChÃ­ Minh,
"Cho thuÃª nhÃ  nguyÃªn cÄƒn ÄÆ°á»ng sá»‘ 13, XÃ£ Thá»›i Tam ThÃ´n, Huyá»‡n HÃ³c MÃ´n",2.6,40,"ÄÆ°á»ng sá»‘ 13, XÃ£ Thá»›i Tam ThÃ´n, Huyá»‡n HÃ³c MÃ´n, TP.HCM","CHO THUÃŠ NHÃ€ NGUYÃŠN CÄ‚N ÄÆ¯á»œNG Sá» 13, áº¤P ÄÃ”NG, XÃƒ THá»šI TAM THÃ”N, HUYá»†N HÃ“C MÃ”N
NhÃ  má»›i xÃ¢y, diá»‡n tÃ­ch sá»­ dá»¥ng 40m2, ná»™i tháº¥t cao cáº¥p, thiáº¿t bá»‹ vá»‡ sinh cao cáº¥p, ná»n gáº¡ch bÃ³ng kiáº¿ng 600x600, sÆ¡n nÆ°á»›c cao cáº¥p
GIÃ THUÃŠ 2,6 TRIá»†U/THÃNG
LiÃªn há»‡: 43/4C ÄÆ°á»ng sá»‘ 13, áº¤p ÄÃ´ng, XÃ£ Thá»›i Tam ThÃ´n, Huyá»‡n HÃ³c MÃ´n
ÄIá»†N THOáº I: 
0906******
Hiá»‡n sá»‘
 
ÄÃ£ sao chÃ©p
 
 - CÃ” ÃI",Cho ThuÃª,NhÃ  Trong NgÃµ,,,,,,https://cloud.muaban.net/images/thumb-detail/2024/03/21/189/08cf2fbcdcb44d1ea70cff4706ee852e.jpg,"[10.8963789, 106.60532]",HÃ³c MÃ´n,Há»“ ChÃ­ Minh,
"Cho thuÃª máº·t báº±ng háº»m xe hÆ¡i HoÃ ng VÄƒn Phá»¥, PhÆ°á»ng 9, PhÃº Nhuáº­n",7.5,60,"ÄÆ°á»ng HoÃ ng VÄƒn Thá»¥, PhÆ°á»ng 9, Quáº­n PhÃº Nhuáº­n, TP.HCM","Cho thuÃª máº·t báº±ng táº§ng trá»‡t 4x15 m, háº»m xe hÆ¡i, cÃ¡ch máº·t tiá»n HoÃ ng VÄƒn Thá»¥ 3 cÄƒn , khu vá»±c ngÃ£ tÆ° PhÃº Nhuáº­n (nhiá»u ngÃ¢n hÃ ng, trÆ°á»ng há»c) thÃ­ch há»£p vÄƒn phÃ²ng cÃ´ng ty, trung tÃ¢m dáº¡y há»c 
GiÃ¡ thuÃª 7.5 triá»‡u/thÃ¡ng
LiÃªn há»‡ chá»‹ TiÃªn 
098288****
Hiá»‡n sá»‘
 
ÄÃ£ sao chÃ©p",Cho ThuÃª,"VÄƒn phÃ²ng, TTTM, Cá»­a hÃ ng, Kiot",,,,,,https://cloud.muaban.net/images/thumb-detail/2024/06/29/229/67d8c25d08484d0dba1a0595216b8c37.jpg,"[10.7992863, 106.678908]",PhÃº Nhuáº­n,Há»“ ChÃ­ Minh,
"Cho thuÃª kho chá»©a hÃ ng hÃ³a LÃ´ 3 Ã´ 5 cá»¥m CN Lai XÃ¡, Kim Chung, HoÃ i Äá»©c",0.123456,1.600,"ÄÆ°á»ng Lai XÃ¡, XÃ£ Kim Chung, Huyá»‡n HoÃ i Äá»©c, HÃ  Ná»™i","Cho thuÃª kho chá»©a hÃ ng hÃ³a
Äá»‹a chá»‰: LÃ´ 3 Ã´ 5 cá»¥m CN Lai XÃ¡, Kim Chung, HoÃ i Äá»©c, HÃ  Ná»™i. 
ğŸ”¥ğŸ”¥ğŸ”¥ Cho thuÃª kho xÆ°á»Ÿng tiÃªu chuáº©n táº¡i HoÃ i Äá»©c, HÃ  Ná»™i DT 1600m2.
ğŸ‘‰ NhÃ  kho tiÃªu chuáº©n khung kÃ¨o zamil, mÃ¡i tÃ´n, ná»n bÃª tÃ´ng lÃ¡ng má»‹n
ğŸ‘‰ Vá»‹ trÃ­ cá»±c Ä‘áº¹p ngay sÃ¡t máº·t Ä‘Æ°á»ng 32, thuáº­n tiá»‡n giao thÃ´ng, container ra vÃ o thoáº£i mÃ¡i, Ä‘iá»‡n 3 pha, nÆ°á»›c sáº¡ch Ä‘áº§y Ä‘á»§, Ä‘Ã£ bao gá»“m nhÃ  vá»‡ sinh khÃ©p kÃ­n, cÃ³ nhÃ  vÄƒn phÃ²ng sáºµn, sÃ¢n rá»™ng Ä‘á»— Ä‘Æ°á»£c Ã´tÃ´
ğŸ‘‰ Äáº§y Ä‘á»§ giáº¥y tá» phÃ¡p lÃ½ chÃ­nh chá»§ sáºµn sÃ ng cho thuÃª ngay láº­p tá»©c
ğŸ‘‰ GiÃ¡ thuÃª: 90k/m2.
THÃ”NG TIN LIÃŠN Há»†:
â˜â˜â˜ Hotline: 
 
090680****
Hiá»‡n sá»‘
 
ÄÃ£ sao chÃ©p
 
 _ 
035609****
Hiá»‡n sá»‘
 
ÄÃ£ sao chÃ©p
 
 Ms PhÆ°Æ¡ng",Cho ThuÃª,"NhÃ  XÆ°á»Ÿng, Máº·t Báº±ng, Kho BÃ£i",,,,,,https://cloud.muaban.net/images/thumb-detail/2023/12/25/058/33572e9d81fe451f9bb013eba5e39d0f.jpg,"[21.0595742, 105.7205853]",HoÃ i Äá»©c,HÃ  Ná»™i,
"Cho thuÃª nc máº·t tiá»n sá»‘ 30 Äá»“ng VÄƒn Cá»‘ng ,Tháº¡nh mÄ© Lá»£i Q2 Thá»§ Äá»©c",85.0,140,"33, ÄÆ°á»ng Äá»“ng VÄƒn Cá»‘ng, PhÆ°á»ng Tháº¡nh Má»¹ Lá»£i, TP. Thá»§ Äá»©c - Quáº­n 2, TP.HCM","- Diá»‡n tÃ­ch : 7 x 20
- Káº¿t cáº¥u : háº§m +trá»‡t +lá»­ng + 5 láº§u + sÃ¢n thÆ°á»£ng , thang mÃ¡y tá»«ng táº§ng
- GiÃ¡ thuÃª : 85 triá»‡u / 1 thÃ¡ng ( HÄ 5 nÄƒm , cá»c 6 thÃ¡ng )
LiÃªn há»‡ : anh Tuáº¥n 
090673****
Hiá»‡n sá»‘
 
ÄÃ£ sao chÃ©p
 
 ( tiáº¿p khÃ¡ch thiá»‡n chÃ­ , khÃ´ng tiáº¿p mÃ´i giá»›i )",Cho ThuÃª,NhÃ  Máº·t Phá»‘,,7.0,7,7,,https://cloud.muaban.net/images/thumb-detail/2024/05/09/150/5626832f48bd4873835f14fd9a8faaa0.jpg,,Thá»§ Äá»©c,Há»“ ChÃ­ Minh,7.0
"Cho thuÃª nhÃ  1012 máº·t Ä‘Æ°á»ng LÃ¡ng, lÃ m vÄƒn phÃ²ng, cá»­a hÃ ng, 50m2 x4,5T",50.0,50,"ÄÆ°á»ng LÃ¡ng, PhÆ°á»ng LÃ¡ng ThÆ°á»£ng, Quáº­n Äá»‘ng Äa, HÃ  Ná»™i","Cho thuÃª nhÃ  1012 máº·t Ä‘Æ°á»ng LÃ¡ng, lÃ m vÄƒn phÃ²ng hoáº·c cá»­a hÃ ng, DT 50 m2x 4,5 táº§ng, máº·t tiá»n 6m, cÃ³ thang mÃ¡y, Ä‘iá»u hoÃ ,cho thuÃª lÃ¢u dÃ i, giÃ¡ 50 triá»‡u/thÃ¡ng LH: chá»‹ Giang, 
078820****
Hiá»‡n sá»‘
 
ÄÃ£ sao chÃ©p",Cho ThuÃª,NhÃ  Máº·t Phá»‘,,,,,,https://cloud.muaban.net/images/thumb-detail/2024/06/20/524/32ad935b6355477bbf6d254d32a2a3c5.jpg,"[21.018957, 105.8026611]",Äá»‘ng Äa,HÃ  Ná»™i,
"Cho thuÃª máº·t báº±ng máº·t tiá»n Ä‘Æ°á»ng sá»‘ 12, PhÆ°á»ng TÃ¢n Quy, Quáº­n 7",7.5,24,"20, ÄÆ°á»ng 12, PhÆ°á»ng TÃ¢n Quy, Quáº­n 7, TP.HCM","Cho thuÃª máº·t báº±ng táº§ng trá»‡t, nhÃ  máº·t tiá»n sá»‘ 20 Ä‘Æ°á»ng sá»‘ 12, PhÆ°á»ng TÃ¢n Quy, Quáº­n 7, Diá»‡n tÃ­ch: 4x6m, cÃ³ mÃ¡y láº¡nh, wifi, cÃ³ toilet riÃªng.
ÄÆ°á»ng 16m, vá»‰a hÃ¨ rá»™ng, gáº§n chá»£ Chiá»u tiá»‡n kinh doanh. 
Æ¯u tiÃªn cho thuÃª má»Ÿ vÄƒn phÃ²ng, tiá»‡n thuá»‘c tÃ¢y, spa, nail, tÃ³c. 
GiÃ¡ thuÃª: 7,5 triá»‡u/thÃ¡ng 
Äiá»‡n thoáº¡i. 
094985****
Hiá»‡n sá»‘
 
ÄÃ£ sao chÃ©p
 
 - anh ÄÃ i",Cho ThuÃª,"VÄƒn phÃ²ng, TTTM, Cá»­a hÃ ng, Kiot",,,,,,https://cloud.muaban.net/images/thumb-detail/2024/06/21/164/79e5fbdbdc4a4ded9fcf42fe315056e6.jpg,"[10.82302, 106.62965]",7,Há»“ ChÃ­ Minh,
"Vá»«a á»Ÿ vá»«a kinh doanh quáº­n TÃ¢n PhÃº, nguyÃªn cÄƒn 25/27 LÃª NgÃ£",10.0,45,"25/27, ÄÆ°á»ng LÃª NgÃ£, PhÆ°á»ng PhÃº Trung, Quáº­n TÃ¢n PhÃº, TP.HCM","Vá»«a á»Ÿ vá»«a kinh doanh quáº­n TÃ¢n PhÃº, cho thuÃª nguyÃªn cÄƒn 25/27 LÃª NgÃ£
ÄÆ°á»ng trÆ°á»›c nhÃ  8m, cÃ³ lá» 3m
Diá»‡n tÃ­ch nhÃ  3x15m, 1 láº§u, 3 phÃ²ng ngá»§ Ä‘Ã£ trang bá»‹ mÃ¡y láº¡nh, 2wc, gáº§n bÃªnh viá»‡n TÃ¢n PhÃº, trÆ°á»ng ÄH VÄƒn Hiáº¿n, trÆ°á»ng cáº¥p 1, 2.... khu vá»±c an ninh. NhÃ  má»›i sá»­a, sáº¡ch Ä‘áº¹p giao nhÃ  ngay. LiÃªn há»‡ chÃ­nh chá»§: 
098718****
Hiá»‡n sá»‘
 
ÄÃ£ sao chÃ©p
 
 Thá»§y, MTG",Cho ThuÃª,NhÃ  Máº·t Phá»‘,,2.0,3,2,TÃ¢y,https://cloud.muaban.net/images/thumb-detail/2024/06/20/520/fde0e3c6d1344b8fa8be43393a29c3d9.jpg,"[10.7783568, 106.6434907]",TÃ¢n PhÃº,Há»“ ChÃ­ Minh,3.0
"NhÃ  cho thuÃª, trá», kinh doanh, thÃ­ch há»£p cho NV vÄƒn phÃ²ng, S viÃªn.",2.0,36,"9, ÄÆ°á»ng sá»‘ 2, PhÆ°á»ng PhÆ°á»›c BÃ¬nh, TP. Thá»§ Äá»©c - Quáº­n 9, TP.HCM","1. Gáº§n KFC, gÃ³c Äá»— XuÃ¢n há»£p vÃ  Ä‘Æ°á»ng 2, gáº§n cÃ¡c TrÆ°á»ng ÄH, CÄ, Khu CNC, thÃ­ch há»£p cho NV vÄƒn phÃ²ng, S viÃªnâ€¦ nhÃ  trang bá»‹ cao cáº¥p, mÃ¡y láº¡nh, tá»± do, khÃ´ng háº¡n cháº¿ thá»i gian, ráº¥t an ninh vÃ  ráº¥t riÃªng biá»‡t: toÃ  nhÃ  nÃ y cÃ²n 2 phÃ²ng duy nháº¥t giÃ¡ 3.5 tr vÃ  4 triá»‡u cho diá»‡n tÃ­ch 36m2 vÃ  42m2. 
2. Trong K biá»‡t thá»± khang Ä‘iá»n. vÃ o cá»•ng Gia HoÃ  hay 72 DÆ°Æ¡ng ÄÃ¬nh Há»™i. nhÃ  biá»‡t thá»± Ä‘Ã£ ngÄƒn phÃ²ng riÃªng biá»‡t ráº¥t thÃ­ch há»£p cho NVVP, SV, cÃ³ Ä‘á»§ ná»™i tháº¥t cao cáº¥p giÃ¡ tá»« 2.3 triá»‡u Ä‘áº¿n 5 triá»‡u cho diá»‡n tÃ­ch tá»« 20m2 Ä‘áº¿m 80m2
liÃªn há»‡ qua zalo, tin nháº¯n, Ä‘iá»‡n thoáº¡i sá»‘ 
090966****
Hiá»‡n sá»‘
 
ÄÃ£ sao chÃ©p",Cho ThuÃª,,,,,,,https://cloud.muaban.net/images/thumb-detail/2024/05/24/403/3ac29df6b8244c4290f3ce2e1a5342dc.jpg,"[10.84863, 106.77209]",Thá»§ Äá»©c -  9,Há»“ ChÃ­ Minh,
"Cho thuÃª cÄƒn há»™ mini 38m2, táº¡i tÃ²a nhÃ  491 TrÆ°á»ng Chinh, Quáº­n TÃ¢n BÃ¬nh",2.8,38,"491/8-10, ÄÆ°á»ng TrÆ°á»ng Chinh, PhÆ°á»ng 14, Quáº­n TÃ¢n BÃ¬nh, TP.HCM","CHO THUÃŠ CÄ‚N Há»˜ MINI Táº I TÃ’A NHÃ€ 491 TRÆ¯á»œNG CHINH, PHÆ¯á»œNG 14, QUáº¬N TÃ‚N BÃŒNH (Tiá»‡n nghi - GiÃ¡ ráº» - Gáº§n trung tÃ¢m)
- TÃ²a nhÃ  náº±m trÃªn Ä‘Æ°á»ng TrÆ°á»ng Chinh, cÃ¡ch giao lá»™ VÃµ ThÃ nh Trang 50m, gáº§n Etown, trÆ°á»ng há»c, siÃªu thá»‹, bá»‡nh viá»‡n..., giao thÃ´ng thuáº­n lá»£i, tÃ²a nhÃ  gá»“m nhiá»u cÄƒn Ä‘á»™c láº­p, cÃ³ háº§m Ä‘á»ƒ xe rá»™ng rÃ£i, sá»­ dá»¥ng há»‡ thá»‘ng giá»¯ xe thÃ´ng minh báº±ng tháº» tá»«, báº£o vá»‡ 24/24, thang mÃ¡y Schindler (Thá»¥y SÄ©), internet cÃ¡p quang tá»‘c Ä‘á»™ cao, truyá»n hÃ¬nh cÃ¡p cháº¥t lÆ°á»£ng cao, tÃ²a nhÃ  cÃ³ trang bá»‹ há»‡ thá»‘ng camera an ninh, há»‡ thá»‘ng bÃ¡o chÃ¡y vÃ  há»‡ thá»‘ng chá»¯a chÃ¡y tá»± Ä‘á»™ng trang bá»‹ Ä‘áº¿n tá»«ng cÄƒn há»™ (an toÃ n tuyá»‡t Ä‘á»‘i)
- Äáº·c Ä‘iá»ƒm tá»«ng cÄƒn há»™:
+ Diá»‡n tÃ­ch 20 m2 - 38 m2
+ Má»—i cÄƒn cÃ³ 1 bÃ¬nh nÆ°á»›c nÃ³ng máº·t trá»i riÃªng, WC riÃªng, nÆ°á»›c mÃ¡y cÃ³ Ä‘á»“ng há»“ riÃªng
+ BÃ n báº¿p á»‘p Ä‘Ã¡ Granit, bá»“n rá»­a chÃ©n báº±ng inox, balcon phÆ¡i Ä‘á»“ riÃªng
+ Cá»­a cÄƒn há»™ báº±ng gá»— cÄƒm xe
+ Ká»‡ báº¿p, tá»§ báº¿p, tá»§ quáº§n Ã¡o, tá»§ giÃ y dÃ©p báº±ng gá»— cÄƒm xe
+ Má»—i cÄƒn cÃ³ 3 cá»­a sá»• thoÃ¡ng mÃ¡t (cÃ³ rÃ¨m che)
+ Váº­t liá»‡u hoÃ n thiá»‡n cao cáº¥p: á»‘p tÆ°á»ng toÃ n bá»™ bÃ ng gáº¡ch men cao cáº¥p 400x800, gáº¡ch ná»n bÃ³ng kiáº¿ng 800x800, cáº§u thang á»‘p Ä‘Ã¡ Granit, thiáº¿t bá»‹ vá» sinh Inax cá»§a Nháº­t
+ GiÃ¡ 2,8 triá»‡u/thÃ¡ng - 4,5 triá»‡u/thÃ¡ng
+ Miá»…n phÃ­: Thang mÃ¡y, Internet, truyá»n hÃ¬nh cÃ¡p, chi phÃ­ quÃ©t dá»n hÃ nh lang, Ä‘á»• rÃ¡c
Äá»‹a chá»‰: 491/8-10 TrÆ°á»ng Chinh, PhÆ°á»ng 14, Quáº­n TÃ¢n BÃ¬nh, TP.HCM
LiÃªn há»‡ chÃ­nh chá»§: Anh Káº¿t - 
0913******
Hiá»‡n sá»‘
 
ÄÃ£ sao chÃ©p",Cho ThuÃª,,,,,,,https://cloud.muaban.net/images/thumb-detail/2023/04/29/347/3102a09ed89046a0ab302b9ea17a9344.jpg,"[10.8236349, 106.6295511]",TÃ¢n BÃ¬nh,Há»“ ChÃ­ Minh,
"Cho thuÃª nhÃ  nguyÃªn cÄƒn Ä‘Æ°á»ng DÆ°Æ¡ng Quáº£ng HÃ m, PhÆ°á»ng 6, GÃ² Váº¥p",13.5,100,"ÄÆ°á»ng DÆ°Æ¡ng Quáº£ng HÃ m, PhÆ°á»ng 6, Quáº­n GÃ² Váº¥p, TP.HCM","ChÃ­nh chá»§ cho thuÃª nhÃ  nguyÃªn cÄƒn Ä‘Æ°á»ng DÆ°Æ¡ng Quáº£ng HÃ m phÆ°á»ng 6, GÃ² Váº¥p, HXH 8m , gáº§n máº·t tiá»n.
Diá»‡n tÃ­ch: 100m2 , DTSD: 160 m2 , 1trá»‡t, 1 láº§u gá»“m 1 phÃ²ng khÃ¡ch, 3 phÃ²ng ngá»§ lá»›n, 4 toilet, báº¿p, sÃ¢n trÆ°á»›c rá»™ng Ä‘á»ƒ Ä‘Æ°á»£c xe hÆ¡i, sÃ¢n sau thoÃ¡ng mÃ¡t, phÃ²ng sau cÃ³ lá»‘i Ä‘i riÃªng. NhÃ  cÃ²n má»›i, sáº¡ch sáº½, khu vá»±c an ninh . Cho thuÃª lÃ¢u dÃ i, phÃ¹ há»£p há»™ gia Ä‘Ã¬nh á»Ÿ hoáº·c lÃ m vÄƒn phÃ²ng. 
GiÃ¡ 13.5 triá»‡u / thÃ¡ng.
LiÃªn há»‡ sÄ‘t: 
091999****
Hiá»‡n sá»‘
 
ÄÃ£ sao chÃ©p",Cho ThuÃª,NhÃ  Trong NgÃµ,,1.0,3,4,,https://cloud.muaban.net/images/thumb-detail/2024/06/21/090/429ecc12de26480a9cd0e5a384f048cf.jpg,"[10.8383323, 106.6856316]",GÃ² Váº¥p,Há»“ ChÃ­ Minh,5.0
ChÃ­nh chá»§ cho thuÃª CÄƒn há»™ The Park Ressidence B4 Premier,13.0,106,"Huyá»‡n NhÃ  BÃ¨, TP.HCM","ChÃ­nh chá»§ cáº§n cho thuÃª CÄƒn há»™ The Park Ressidence 3PN â€“ ná»™i tháº¥t Ä‘áº§y Ä‘á»§
- Thiáº¿t káº¿: 3pn - 2wc, Diá»‡n tÃ­ch: 106mÂ², láº§u cao thoÃ¡ng mÃ¡t, Block B4 Primier
- Ná»™i tháº¥t Ä‘áº§y Ä‘á»§: GiÆ°á»ng, ná»‡m, tivi, tá»§ quáº§n Ã¡o, mÃ¡y láº¡nh, mÃ¡y nÆ°á»›c nÃ³ng, tá»§ báº¿p, mÃ¡y hÃºt mÃ¹i, â€¦ má»›i Ä‘áº¹p
- Tiá»‡n Ã­ch: há»“ bÆ¡i, gym, tenis, golf, cá»­a hÃ ng tiá»‡n lá»£i, quÃ¡n Äƒn, salon, nhÃ  tráº», nhÃ  thuá»‘c khu BBQ,...
Gáº§n Quáº­n 1, Quáº­n 7, Ä‘áº¡i há»c TDT, RMIT, Vivo city, Lotte Q7, Crescent Mall, GO Nguyá»…n Thá»‹ Tháº­p, chá»£ LÃª VÄƒn LÆ°Æ¡ng, ngÃ£ tÆ° Nguyá»…n VÄƒn Linh,...
- Dá»n vÃ o á»Ÿ ngay
- GiÃ¡ thuÃª: 13,000,000Ä‘/thÃ¡ng
- LiÃªn há»‡: chá»‹ Thoa- 
091556****
Hiá»‡n sá»‘
 
ÄÃ£ sao chÃ©p
 
 (miá»…n tiáº¿p Ä‘Äƒng tin quáº£ng cÃ¡o)",Cho ThuÃª,CÄƒn Há»™ Chung CÆ°,,,3,2,ÄÃ´ng,https://cloud.muaban.net/images/thumb-detail/2024/06/25/402/3573f25a2375429fb5f385ee37bfc865.jpg,"[10.650967, 106.7263825]",NhÃ  BÃ¨,Há»“ ChÃ­ Minh,
Cho thuÃª nhÃ  2 máº·t tiá»n Huá»³nh VÄƒn BÃ¡nh,30.0,52,"120, ÄÆ°á»ng Huá»³nh VÄƒn BÃ¡nh, PhÆ°á»ng 12, Quáº­n PhÃº Nhuáº­n, TP.HCM","NhÃ  2 máº·t tiá»n, ngang 3,5 x12m, ná»Ÿ háº­u 6m. 1 trá»‡t 
2 láº§u 1 sÃ¢n thÆ°á»£ng. Cáº¡nh ngÃ£ tÆ° Huá»³nh VÄƒn BÃ¡nh- Nguyá»…n VÄƒn Trá»—i. NhÃ  trá»‘ng giao ngay. LiÃªn há»‡ chÃ­nh chá»§.",Cho ThuÃª,NhÃ  Máº·t Phá»‘,,3.0,,2,ÄÃ´ng Nam,https://cloud.muaban.net/images/thumb-detail/2024/07/01/387/f0803108f029486898c4dea10cfeca1e.jpg,"[10.79475, 106.6763]",PhÃº Nhuáº­n,Há»“ ChÃ­ Minh,3.5
"CHO THUÃŠ KHO CHá»¨A HÃ€NG, QUáº¢N LÃ HÃ€NG HÃ“A Táº I KCN VÄ¨NH Lá»˜C, Há»’ CHÃ MINH",13.0,100,"c12/1, ÄÆ°á»ng sá»‘ 2, XÃ£ VÄ©nh Lá»™c A, Huyá»‡n BÃ¬nh ChÃ¡nh, TP.HCM","Cho thuÃª kho chá»©a hÃ ng, quáº£n lÃ½ hÃ ng hÃ³a táº¡i KCN TÃ¢n BÃ¬nh, KCN VÄ©nh Lá»™c, Há»“ ChÃ­ Minh.
- ÄÆ°á»ng 2F, KCN VÄ©nh Lá»™c, xÃ£ VÄ©nh Lá»™c A, BÃ¬nh ChÃ¡nh. (Äá»‘i diá»‡n KCN TÃ¢n BÃ¬nh).
- ÄÆ°á»ng CN 13 KCN TÃ¢n BÃ¬nh - TÃ¢n PhÃº.
- KCN SÃ³ng Tháº§n 1, DÄ© An, BÃ¬nh DÆ°Æ¡ng.
- Diá»‡n tÃ­ch thuÃª Ä‘a dáº¡ng: 100m2, 200m2, 500m2, 1000m2, 2000m2,... 3000m - 3500m - 4000m - 5000m - 10000m...
- Cho thuÃª theo thÃ¡ng, quÃ½, nÄƒm, thá»i gian thuÃª linh Ä‘á»™ng.
- Dá»‹ch vá»¥ cho thuÃª theo Ä‘áº§u táº¥n táº¡i kho, thá»i gian linh Ä‘á»™ng.
- GiÃ¡ cáº£ cáº¡nh tranh nháº¥t khu vá»±c.
- BÃ¡o cÃ¡o nháº­p xuáº¥t tá»“n.
- Xe nÃ¢ng phá»¥c vá»¥ xuá»‘ng hÃ ng.
- Bá»‘c xáº¿p chuyÃªn nghiá»‡p.
- Cam káº¿t bá»“i thÆ°á»ng 100% hÃ ng máº¥t.
- Camera giÃ¡m sÃ¡t.
- Dá»‹ch vá»¥ bá»‘c xáº¿p chuyÃªn nghiá»‡p, nhanh.
- PCCC tá»± Ä‘á»™ng.
- Cho thuÃª kho xÆ°á»Ÿng khu vá»±c Há»“ ChÃ­ Minh, BÃ¬nh ChÃ¡nh: 100m2, 200m2, 500m2, 1000m2, 5000m2... Xe cont vÃ o Ä‘Æ°á»£c.
Mr ThÃ¡i - 
0915******
Hiá»‡n sá»‘
 
ÄÃ£ sao chÃ©p
 
 .
Email: Thaitien247@gmail.com
Kho Ä‘a dáº¡ng, nhiá»u chá»§ng loáº¡i.
- Cho thuÃª kho xÆ°á»Ÿng khu vá»±c Há»“ ChÃ­ Minh: 100m2, 200m2, 500m2, 1000m2, 5000m2... Xe cont vÃ o Ä‘Æ°á»£c.
- Kho 1500m2, xe cÃ´ng 40F vÃ o Ä‘Æ°á»£c, khu cÃ´ng nghiá»‡p TÃ¢n Táº¡o, giÃ¡ 80 nghÃ¬n/m2/th.
- TDT: 600m2, xe cÃ´ng 40F, Ä‘iá»‡n bÃ¬nh, giÃ¡ 43 tr/thÃ¡ng.
- DTKV: 1100m2, xe cÃ´ng 40F vÃ o Ä‘Æ°á»£c, á»Ÿ Tá»‰nh Lá»™ 10, giÃ¡ 60 tr/th.
- TDT: 1500m2, xe cÃ´ng 40F, á»Ÿ VÄ©nh Lá»™c, giÃ¡ 80 tr/th.
- DTKV: 2000m2. Kho 1500m2, á»Ÿ gáº§n Quá»‘c Lá»™ 1A, giÃ¡ 95 tr/thÃ¡ng.
- TDT: 3200m2, gáº§n Quá»‘c lá»™ 1A, giÃ¡ 150 triá»‡u/thÃ¡ng, xe cÃ´ng 40F.
- TDT: Kho 3000m2, giÃ¡ 60 ngÃ n/m2/thÃ¡ng.
- DTKV: 5000m2, kho 3700m2, xe cÃ´ng 40F, VÃµ VÄƒn VÃ¢n, giÃ¡ 220 tr/thÃ¡ng.
- DTKV: 2800m, kho 2000m2 LÃª Minh XuÃ¢n. Äiá»‡n bÃ¬nh, giÃ¡ 70 tr/thÃ¡ng.
- DTKV: 2400m, 2 kho 2200m2, gáº§n Quá»‘c Lá»™ 1A, gáº§n cao tá»‘c giÃ¡ 140 tr/th.
- DTKV: 2700m2, kho 2200m2 + 500m2 VP + nhÃ  xe, Tráº§n Äáº¡i NghÄ©a, giÃ¡ 140 tr/thÃ¡ng.
Má»™t sá»‘ thÃ´ng tin cho thuÃª khÃ¡c: http://bdshot.vn/cho-thue
Äáº·c Ä‘iá»ƒm báº¥t Ä‘á»™ng sáº£n
Loáº¡i tin Ä‘Äƒng: Cho thuÃª kho, nhÃ  xÆ°á»Ÿng, Ä‘áº¥t",Cho ThuÃª,"NhÃ  XÆ°á»Ÿng, Máº·t Báº±ng, Kho BÃ£i",,,,,,https://cloud.muaban.net/images/thumb-detail/2022/09/05/224/db32fe1c62d141a78ad03a8efb3a6e90.jpg,"[10.8292487, 106.5947862]",BÃ¬nh ChÃ¡nh,Há»“ ChÃ­ Minh,
"ChÃ­nh chá»§ cho ThuÃª NhÃ  máº·t phá»‘ Kim Äá»“ng, PhÆ°á»ng GiÃ¡p BÃ¡t, HoÃ ng Mai",30.0,60,"ÄÆ°á»ng Kim Äá»“ng, PhÆ°á»ng GiÃ¡p BÃ¡t, Quáº­n HoÃ ng Mai, HÃ  Ná»™i","Cho ThuÃª NhÃ  máº·t phá»‘ Kim Äá»“ng, PhÆ°á»ng GiÃ¡p BÃ¡t, Quáº­n HoÃ ng Mai
Diá»‡n tÃ­ch 60 m2, máº·t tiá»n 4,7m, 8 táº§ng, 13 phÃ²ng, cÃ³ thang mÃ¡y, cho thuÃª dÃ i háº¡n, giÃ¡ 30 triá»‡u/thÃ¡ng.
LiÃªn há»‡: Dung, 
091661****
Hiá»‡n sá»‘
 
ÄÃ£ sao chÃ©p
 
 , A.HÃ , 
094495****
Hiá»‡n sá»‘
 
ÄÃ£ sao chÃ©p",Cho ThuÃª,NhÃ  Máº·t Phá»‘,,8.0,13,,,https://cloud.muaban.net/images/thumb-detail/2024/06/17/295/eb53ebc385384c6aaded3d62145f7983.jpg,"[20.98359, 105.841149]",HoÃ ng Mai,HÃ  Ná»™i,
CC CHO THUÃŠ TÃ‚NG HÃ‚M CÃ“ VP LÃ€M VIá»†C Táº I Máº¶T ÄÆ¯á»œNG 55C NGUYá»„N KHOÃI,35.0,350,"55C, ÄÆ°á»ng Nguyá»…n KhoÃ¡i, PhÆ°á»ng Báº¡ch Äáº±ng, Quáº­n Hai BÃ  TrÆ°ng, HÃ  Ná»™i","CHÃNH CHá»¦ Cáº¦N Cho thuÃª táº§ng Háº¦M nhÃ  má»›i xÃ¢y ( cÃ³ vÄƒn phÃ²ng lÃ m viá»‡c), sá»‘ 55C máº·t Ä‘Æ°á»ng Nguyá»…n KhoÃ¡i, phÆ°á»ng Báº¡ch Äáº±ng, quáº­n Hai BÃ  TrÆ°ng, HÃ  Ná»™i. Äá»‘i diá»‡n bá»‡nh viá»‡n Viá»‡t XÃ´
- Diá»‡n tÃ­ch sÃ n 350m2, máº·t tiá»n 10m, nhÃ  vuÃ´ng váº¯n
- Khu phá»‘ kinh doanh sáº§m uáº¥t
- Táº§ng háº§m cÃ³ vÄƒn phÃ²ng lÃ m viá»‡c, vÃ  1 máº·t sÃ n tháº³ng vuÃ´ng váº¯n, thÃ­ch há»£p lÃ m phÃ²ng táº­p, lÃ m phÃ²ng khÃ¡m, vÄƒn phÃ²ng, phÃ²ng táº­p, phÃ²ng gym, showroom, kho... 
GiÃ¡: 35 triá»‡u/thÃ¡ng, cÃ³ thÆ°Æ¡ng lÆ°á»£ng. 
Æ¯U TIÃŠN Há»¢P Äá»’NG DÃ€I Háº N 
LH: C.Nga, 
091512****
Hiá»‡n sá»‘
 
ÄÃ£ sao chÃ©p",Cho ThuÃª,NhÃ  Máº·t Phá»‘,,,,,,https://cloud.muaban.net/images/thumb-detail/2024/06/06/476/2a093b47b9f746ca9f3e96edd4965400.jpg,"[21.0184779, 105.8621027]",Hai BÃ  TrÆ°ng,HÃ  Ná»™i,10.0
"CHO THUÃŠ táº§ng 3 TÃ’A NHÃ€ 558 Nguyá»…n VÄƒn Cá»«, DT 260m2, GIÃ THá»A THUáº¬N",0.25,260,"558, ÄÆ°á»ng Nguyá»…n VÄƒn Cá»«, PhÆ°á»ng Ngá»c Thá»¥y, Quáº­n Long BiÃªn, HÃ  Ná»™i","CHÃNH CHá»¦ Cáº¦N CHO THUÃŠ VÄ‚N PHÃ’NG táº§ng 3 TÃ’A NHÃ€ 558 Nguyá»…n VÄƒn Cá»«, phÆ°á»ng Gia Thuá»µ, quáº­n Long BiÃªn, thÃ nh phá»‘ HÃ  Ná»™i. 
- Diá»‡n tÃ­ch máº·t báº±ng 260m2. 
- CÃ³ 500m2 khÃ´ng gian sáº£nh dÃ¹ng chung miá»…n phÃ­
- CÃ³ cáº§u thang bá»™, cáº§u thang mÃ¡y, chá»— Ä‘á»ƒ xe mÃ¡y
- An ninh báº£o vá»‡ 24/24... 
- ÄÆ°á»ng rá»™ng cÃ³ vá»‰a hÃ¨, khu phá»‘ kinh doanh sáº§m uáº¥t, thuáº­n tiá»‡n lÃ m vÄƒn phÃ²ng, trá»¥ sá»Ÿ giao dá»‹ch...
- GiÃ¡: thá»a thuáº­n
Æ¯U TIÃŠN Há»¢P Äá»’NG DÃ€I Háº N
LiÃªn há»‡: Anh QuÃ¢n 
091358****
Hiá»‡n sá»‘
 
ÄÃ£ sao chÃ©p",Cho ThuÃª,"VÄƒn phÃ²ng, TTTM, Cá»­a hÃ ng, Kiot",,,,,,https://cloud.muaban.net/images/thumb-detail/2024/02/22/403/af1db738c5e94a64af2959cd7c67f18e.jpg,"[21.0469979, 105.8784092]",Long BiÃªn,HÃ  Ná»™i,
"Cho thuÃª VÄƒn PhÃ²ng, ngÃµ 120 Ä‘Æ°á»ng TrÆ°á»ng Chinh, PhÆ°Æ¡ng Mai, Äá»‘ng Äa",15.0,100,"ÄÆ°á»ng TrÆ°á»ng Chinh, Quáº­n Äá»‘ng Äa, HÃ  Ná»™i","CHO THUÃŠ VÄ‚N PHÃ’NG
CÃ”NG TY Cá»” PHáº¦N MAY NÃ”NG NGHIá»†P
Äá»‹a chá»‰ sá»‘ 1 ngÃµ 120 ÄÆ°á»ng TrÆ°á»ng Chinh - PhÆ°Æ¡ng Mai - Äá»‘ng Äa - HÃ  Ná»™i:
CÃ³ vÄƒn phÃ²ng cho thuÃª gá»“m cÃ¡c phÃ²ng cÃ³ diá»‡n tÃ­ch sá»­ dá»¥ng phÃ²ng 100 m2, 133 m2, 250 m2 thuá»™c nhÃ  vÄƒn phÃ²ng 6 táº§ng, cÃ³ chá»— Ä‘á»ƒ xe, sÃ¢n rá»™ng
GiÃ¡ tá»« 15 - 30 triá»‡u/thÃ¡ng tÃ¹y theo diá»‡n tÃ­ch thuÃª (160N/m2)
LiÃªn há»‡: 
091521****
Hiá»‡n sá»‘
 
ÄÃ£ sao chÃ©p
 
 , 04.8523373, Mobil: 
039562****
Hiá»‡n sá»‘
 
ÄÃ£ sao chÃ©p
 
 , 
094660****
Hiá»‡n sá»‘
 
ÄÃ£ sao chÃ©p
 
 
 
* ThÃ´ng bÃ¡o tuyá»ƒn cÃ´ng nhÃ¢n: 
CÃ´ng ty CP May NÃ´ng nghiá»‡p tuyá»ƒn cÃ´ng nhÃ¢n may lÃ m viá»‡c theo giá» hÃ nh chÃ­nh hoáº·c bÃ¡n thá»i gian. Tel. 
091521****
Hiá»‡n sá»‘
 
ÄÃ£ sao chÃ©p",Cho ThuÃª,"VÄƒn phÃ²ng, TTTM, Cá»­a hÃ ng, Kiot",,,,,,https://cloud.muaban.net/images/thumb-detail/2024/05/27/236/e3d7d1bbf2a9486eac4ab90506564a51.jpg,"[21.0031848, 105.8202308]",Äá»‘ng Äa,HÃ  Ná»™i,
"Cho thuÃª phÃ²ng trá» 35m2 Ä‘Æ°á»ng Nguyá»…n Äá»©c Thuáº­n, Quáº­n TÃ¢n BÃ¬nh",2.7,35,"7A, ÄÆ°á»ng Nguyá»…n Äá»©c Thuáº­n, PhÆ°á»ng 13, Quáº­n TÃ¢n BÃ¬nh, TP.HCM","CHO THUÃŠ PHÃ’NG TRá»Œ CAO Cáº¤P Táº I TÃ’A NHÃ€ 7A NGUYá»„N Äá»¨C THUáº¬N, PHÆ¯á»œNG 13, QUáº¬N TÃ‚N BÃŒNH (Tiá»‡n nghi - GiÃ¡ ráº» - Gáº§n trung tÃ¢m)
- Vá»‹ trÃ­ tÃ²a nhÃ  náº±m á»Ÿ máº·t tiá»n Ä‘Æ°á»ng Nguyá»…n Äá»©c Thuáº­n, trong khu Cá»™ng HÃ²a - HoÃ ng Hoa ThÃ¡m, gáº§n Etown, trÆ°á»ng há»c, siÃªu thá»‹, bá»‡nh viá»‡n..., giao thÃ´ng thuáº­n lá»£i, tÃ²a nhÃ  gá»“m nhiá»u phÃ²ng trá» Ä‘á»™c láº­p, cÃ³ háº§m Ä‘á»ƒ xe rá»™ng rÃ£i, sá»­ dá»¥ng há»‡ thá»‘ng giá»¯ xe thÃ´ng minh báº±ng tháº» tá»«, báº£o vá»‡ 24/24, thang mÃ¡y Nháº­t, internet cÃ¡p quang tá»‘c Ä‘á»™ cao, truyá»n hÃ¬nh cÃ¡p cháº¥t lÆ°á»£ng cao, tÃ²a nhÃ  cÃ³ trang bá»‹ há»‡ thá»‘ng camera an ninh, há»‡ thá»‘ng bÃ¡o chÃ¡y vÃ  há»‡ thá»‘ng chá»¯a chÃ¡y tá»± Ä‘á»™ng trang bá»‹ Ä‘áº¿n tá»«ng phÃ²ng (an toÃ n tuyá»‡t Ä‘á»‘i)
- Äáº·c Ä‘iá»ƒm tá»«ng phÃ²ng:
+ Diá»‡n tÃ­ch: 22 m2 - 35 m2
+ Má»—i phÃ²ng cÃ³ 1 bÃ¬nh nÆ°á»›c nÃ³ng máº·t trá»i riÃªng, WC riÃªng, nÆ°á»›c mÃ¡y cÃ³ Ä‘á»“ng há»“ riÃªng.
+ MÃ¡y láº¡nh Inverter
+ BÃ n báº¿p, ká»‡ báº¿p, tá»§ báº¿p, bá»“n rá»­a chÃ©n, balcon phÆ¡i Ä‘á»“ riÃªng.
+ Má»—i phÃ²ng cÃ³ 2 cá»­a sá»• thoÃ¡ng mÃ¡t (cÃ³ rÃ¨m che).
+ Váº­t liá»‡u hoÃ n thiá»‡n cao cáº¥p: sÆ¡n nÆ°á»›c cao cáº¥p, gáº¡ch ná»n bÃ³ng kiáº¿ng 600x600, cáº§u thang á»‘p Ä‘Ã¡ Granit, thiáº¿t bá»‹ WC Inax cá»§a Nháº­t...
+ GiÃ¡ 2,7 triá»‡u/thÃ¡ng - 4 triá»‡u/thÃ¡ng
+ Miá»…n phÃ­: thang mÃ¡y, internet, truyá»n hÃ¬nh cÃ¡p, chi phÃ­ quÃ©t dá»n hÃ nh lang, Ä‘á»• rÃ¡c
- Äá»‹a chá»‰: Sá»‘ 7A Ä‘Æ°á»ng Nguyá»…n Äá»©c Thuáº­n, PhÆ°á»ng 13, Quáº­n TÃ¢n BÃ¬nh, TP.HCM
LiÃªn há»‡: 
091362****
Hiá»‡n sá»‘
 
ÄÃ£ sao chÃ©p
 
 - Anh Káº¿t",Cho ThuÃª,,,,,,,https://cloud.muaban.net/images/thumb-detail/2022/10/22/029/8e406c911eeb450781df8ba594f29db1.jpg,"[10.80772, 106.65377]",TÃ¢n BÃ¬nh,Há»“ ChÃ­ Minh,
"NhÃ  Má»›i xÃ¢y 1 PhÃ²ng ngá»§ 35 m giÃ¡ 5,3 triá»‡u cho thuÃª",5.5,35,"81, ÄÆ°á»ng Äá»— Äá»©c Dá»¥c, PhÆ°á»ng Má»… TrÃ¬, Quáº­n Nam Tá»« LiÃªm, HÃ  Ná»™i","ho há»™ gia Ä‘Ã¬nh, sinh viÃªn ngÆ°á»i Ä‘i lÃ m thuÃª cÄƒn há»™ khÃ¡ch sáº¡n cao cáº¥p khÃ©p kÃ­n cÃ³ ban cÃ´ng thoÃ¡ng mÃ¡t
- Diá»‡n tÃ­ch 35-45m2
- GiÃ¡: 5,5 - 6 triá»‡u
- Ná»™i tháº¥t: sÃ n gá»— nháº­p kháº©u,tráº§n Led,tivi smart, tá»§ láº¡nh sharp thÃ¡i lan,báº¿p tá»« Ä‘Ã´i thÃ¡i...
- GiÆ°á»ng tá»§ hiá»‡n Ä‘áº¡i,Ä‘á»‡m cao cáº¥p
- NÆ°á»›c nÃ³ng dung nÄƒng lÆ°á»£ng máº·t trá»i Ä‘un 24/7 giáº£m tiá»n Ä‘iá»‡n báº¡n pháº£i Ä‘un nÆ°á»›c nÃ³ng
- ÄÃ¨n sÆ°á»Ÿi phÃ²ng táº¯m cao cáº¥p mÃ¹a Ä‘Ã´ng báº¡n khá»i lo sá»£ táº¯m vÃ  giÃ¡ láº¡nh
- Tivi 
- Tá»§ láº¡nh 165l sharp thÃ¡i inverter tiáº¿t kiá»‡m Ä‘iá»‡n
- Báº¿p tá»« Ä‘Ã´i nháº­p kháº©u khá»i lo mua ga lÃ m gÃ¬ cho nÃ³ng
- Äiá»u hÃ²a má»›i siÃªu mÃ¡t inverter tiáº¿t kiá»‡m Ä‘iá»‡n
- MÃ¡y giáº·t sharp nháº­p kháº©u indonexia giáº·t quáº§n Ã¡o Ä‘áº£m báº£o
- Ban cÃ´ng phÆ¡i Ä‘á»“ rá»™ng thoÃ¡ng mÃ¡t: phÆ¡i quáº§n Ã¡o, trá»“ng cÃ¢y cáº£nh, uá»‘ng cÃ  phÃª ráº¥t mÃ¡t
- Quáº¡t mÃ¡t cÅ©ng Ä‘Æ°á»£c trang bá»‹ cho thoÃ¡ng phÃ²ng
- LiÃªn há»‡ chÃ­nh chá»§: 
090496****
Hiá»‡n sá»‘
 
ÄÃ£ sao chÃ©p
 
 
- Äá»‹a chá»‰: sá»‘ 32 Phá»‘ Äá»— Äá»©c Dá»¥c, Pháº¡m HÃ¹ng, HÃ  Ná»™i cÃ¡ch kangnam 500m ngay sÃ¡t trung tÃ¢m há»™i nghá»‹ quá»‘c gia vÃ  Ä‘á»‘i diá»‡n khÃ¡ch sáº¡n Marriot
- Miá»…n mÃ´i giá»›i trung gian, xem nhÃ  hoÃ n toÃ n miá»…n phÃ­ 
LiÃªn há»‡ chÃ­nh chá»§: 
096324****
Hiá»‡n sá»‘
 
ÄÃ£ sao chÃ©p
 
 Hotline hoáº·c inbox",Cho ThuÃª,,,,,,,https://cloud.muaban.net/images/thumb-detail/2024/02/22/132/eee514fb41ae406c80d24e02707098a0.jpg,"[21.0090129, 105.7831959]",Nam Tá»« LiÃªm,HÃ  Ná»™i,
Cho thuÃª máº·t báº±ng kinh doanh trung tÃ¢m quáº­n 01,16.0,36,"31B, ÄÆ°á»ng Cao BÃ¡ Nháº¡, PhÆ°á»ng Nguyá»…n CÆ° Trinh, Quáº­n 1, TP.HCM","Cho thuÃª táº§ng trá»‡t máº·t báº±ng kinh doanh sá»‘ 31B Cao BÃ¡ Nháº¡, quáº­n 01. Diá»‡n tÃ­ch 4m x 9m, nhÃ  má»›i Ä‘áº¹p, cÃ³ sáºµn cá»­a kÃ­nh, dÃ n Ä‘Ã¨n, mÃ¡y láº¡nh, chá»‰ cáº§n dá»n vÃ o trang trÃ­ thÃªm theo Ã½ muá»‘n. Ngay trung tÃ¢m quáº­n 01 gáº§n Ä‘Æ°á»ng Tráº§n HÆ°ng Äáº¡o, Cá»‘ng Quá»³nh. ThÃ­ch há»£p má»Ÿ vÄƒn phÃ²ng, shop hoa, quÃ¡n nÆ°á»›c, lÃ m Ä‘áº¹p, v.v.
LiÃªn há»‡ cÃ´ PhÆ°Æ¡ng chÃ­nh chá»§, Ä‘iá»‡n thoáº¡i: 
090378****
Hiá»‡n sá»‘
 
ÄÃ£ sao chÃ©p",Cho ThuÃª,"VÄƒn phÃ²ng, TTTM, Cá»­a hÃ ng, Kiot",,,,,,https://cloud.muaban.net/images/thumb-detail/2024/06/25/474/f06b6767c1204f988590e4b3db512215.jpg,,1,Há»“ ChÃ­ Minh,
Máº·t báº±ng KD siÃªu Ä‘áº¹p: chÃ­nh chá»§,22.0,200,"406A, ÄÆ°á»ng LÃª VÄƒn KhÆ°Æ¡ng, PhÆ°á»ng Thá»›i An, Quáº­n 12, TP.HCM","- Ngang 6mx30m. Cao 5m! ThoÃ¡ng mÃ¡t sáº¡ch Ä‘áº¹p!
- Máº·t tiá»n Ä‘Æ°á»ng LÃª VÄƒn KhÆ°Æ¡ng, phÆ°á»ng Thá»›i An. Äá»‘i diá»‡n vá»›i cÃ¢y xÄƒng dáº§u sá»‘ 20, cáº¡nh tráº¡m xe buÃ½t Thá»›i An. 
- Ä‘Ã£ cÃ³ Tráº§n tháº¡ch cao, Ä‘Ã¨n led, CÃ³ hai phÃ²ng ngá»§, báº¿p náº¥u Äƒn, phÃ²ng vá»‡ sinh á»‘p gáº¡ch sáº¡ch sáº½ nhÆ° nhÃ  á»Ÿ. 
- Náº±m trÃªn tuyáº¿n Ä‘Æ°á»ng huyáº¿t máº¡ch Ä‘i láº¡i cá»§a ngÆ°á»i dÃ¢n. Xe táº£i. Gáº§n quá»‘c lá»™ 1A, Ä‘Æ°á»ng Ä‘i hÃ³c mÃ´n, cá»§ chi, bÃ¬nh dÆ°Æ¡ng.
- vá»‹ trÃ­ Ä‘áº¯c Ä‘á»‹a sá»‘ 1 khu vá»±c, Ä‘á»‘i diá»‡n lÃ  cÃ¢y xÄƒng dáº§u sá»‘ 20, cáº¡nh tráº¡m xe buÃ½t thá»›i An. LÃ  nÆ¡i cÃ³ lÆ°u lÆ°á»£ng xe cá»™ qua láº¡i Ä‘Ã´ng Ä‘Ãºc, ngÆ°á»i Ä‘i xe buÃ½t, ngÃ y Ä‘Ãªm cÃ³ hÃ ng chá»¥c ngÃ n lÆ°á»£t Ä‘á»• xÄƒng dáº§u. Cáº¡nh hai toÃ  chung cÆ°.
- phÃ¹ há»£p cho ráº¥t nhiá»u ngÃ nh nghá» kd, nhÆ° spa, Ä‘iá»‡n mÃ¡y, phÃ²ng máº¡ch, Ä‘iá»‡n nÆ°á»›c, váº­t liá»‡u xd cao cáº¥pâ€¦vv. Dá»… tiáº¿p cáº­n KhÃ¡ch hÃ ng, nháº­n diá»‡n thÆ°Æ¡ng hiá»‡u nhanh giáº£m chi phÃ­ quáº£ng cÃ¡o. 
- GiÃ¡ thuÃª: 22tr/thÃ¡ng. Thiá»‡n trÃ­ nhanh tay CÃ³ ra Lá»™c.
HÃ£y gá»i ngay trÆ°á»›c khi tÃ´i cho thuÃª
LiÃªn há»‡: 
091673****
Hiá»‡n sá»‘
 
ÄÃ£ sao chÃ©p",Cho ThuÃª,"VÄƒn phÃ²ng, TTTM, Cá»­a hÃ ng, Kiot",,,,,,https://cloud.muaban.net/images/thumb-detail/2024/07/01/232/399ecb4da70b41d4abe05f92d9fd7a29.jpg,"[10.87138, 106.6556]",12,Há»“ ChÃ­ Minh,
"Cho thuÃª nhÃ  Ä‘áº¹p TÃ¢n Thá»›i Nháº¥t 01, phÆ°á»ng TÃ¢n Thá»›i Nháº¥t quáº­n 12",7.5,100,"ÄÆ°á»ng TÃ¢n Thá»›i Nháº¥t 1, PhÆ°á»ng TÃ¢n Thá»›i Nháº¥t, Quáº­n 12, TP.HCM","Cho thuÃª nhÃ  TÃ¢n Thá»›i Nháº¥t 01, phÆ°á»ng TÃ¢n Thá»›i Nháº¥t 01, quáº­n 12. NhÃ  má»›i Ä‘áº¹p, gáº§n chá»£, siÃªu thá»‹, trÆ°á»ng há»c. 
Khu vá»±c an ninh, sáº¡ch sáº½",Cho ThuÃª,,,,,,,https://cloud.muaban.net/images/thumb-detail/2024/06/29/037/eb024a1ce536434692bc7f204cdf9cc2.jpg,"[10.8273786, 106.6168534]",12,Há»“ ChÃ­ Minh,
"ChÃ­nh chá»§ cho thuÃª cÄƒn há»™ 3 PN An Thá»‹nh, Ä‘Æ°á»ng ThÃ¡i Thuáº­n, Quáº­n 2",16.0,140,"ÄÆ°á»ng ThÃ¡i Thuáº­n, PhÆ°á»ng An PhÃº, TP. Thá»§ Äá»©c - Quáº­n 2, TP.HCM","ChÃ­nh chá»§ cáº§n cho thuÃª cÄƒn há»™ 3 phÃ²ng ngá»§ diá»‡n tÃ­ch 140m2. Chung cÆ° An Thá»‹nh láº§u 2 ( thá»±c táº¿ láº§u 5 do trá»« khá»‘i Ä‘áº¿ ra) cÄƒn há»™ sá»‘ 203 chung cÆ° An Thá»‹nh, PhÆ°á»ng An PhÃº, Tp.Thá»§ Äá»©c, Tp.HCM.
CÃ³ 3 phÃ²ng ngá»§, hai toa loÃ©t. 1 phÃ²ng khÃ¡ch vÃ  báº¿p. Hai ban cÃ´ng rá»™ng. CÄƒn gÃ³c nhÃ¬n ra Ä‘Æ°á»ng ThÃ¡i Thuáº­n vÃ  Nguyá»…n QuÃ½ Äá»©c.
CÄƒn há»™ cÃ³ Ä‘áº§y Ä‘á»§ ná»™i tháº¥t. MÃ¡y Ä‘iá»u hoÃ  vÃ  bÃ n gháº¿ Äƒn....phÃ­ quáº£n lÃ½ tháº¥p 6K/m2. PhÃ­ gá»­i xe mÃ¡y vÃ  xe Ã´ tÃ´ tháº¥p.
GiÃ¡ cho thuÃª : 16 triá»‡u VNÄ/ thÃ¡ng thÆ°Æ¡ng lÆ°á»£ng.
Tá»‘i thiá»ƒu 2 nÄƒm Ä‘áº·t cá»c 2 thÃ¡ng. Tráº£ thÃ¡ng Ä‘áº§u vÃ o nháº­n phÃ²ng. 
LiÃªn há»‡ chÃ­nh chá»§ : 
098917****
Hiá»‡n sá»‘
 
ÄÃ£ sao chÃ©p",Cho ThuÃª,CÄƒn Há»™ Chung CÆ°,,,3,2,,https://cloud.muaban.net/images/thumb-detail/2024/06/25/479/460e5dda7d964ecb9e0170d47a840a1c.jpg,,Thá»§ Äá»©c,Há»“ ChÃ­ Minh,
"Cho thuÃª nhÃ  máº·t tiá»n chá»£ Há»“ Trá»ng QuÃ½, CÆ° xÃ¡ PhÃº LÃ¢m D,4x18m gÃ¡c suá»‘t",20.0,72,"48 LÃ´ G, 48 LÃ´ G, Quáº­n 6, TP.HCM","Cho thuÃª NhÃ  máº·t tiá»n chá»£ Há»“ Trá»ng QuÃ½ 4x18 m gÃ¡c suá»‘t
Äá»‹a chá»‰: Sá»‘ nhÃ  48 lÃ´ G cÆ° xÃ¡ PhÃº lÃ¢m D P10Q6 
GiÃ¡ cho thuÃª 20 triá»‡u (giÃ¡ cÅ© 23tr)
ÄT liÃªn há»‡: 
090999****
Hiá»‡n sá»‘
 
ÄÃ£ sao chÃ©p
 
 Anh CÆ°á»ng",Cho ThuÃª,NhÃ  Máº·t Phá»‘,,,,,,https://cloud.muaban.net/images/thumb-detail/2024/06/29/172/76f457a925fd432a8521211c699df8f9.jpg,"[10.82302, 106.62965]",6,Há»“ ChÃ­ Minh,4.0
ChÃ­nh chá»§ Cáº§n cho thuÃª hoáº·c sang nhÆ°á»£ng kho xÆ°á»Ÿng,80.0,3.000,"ÄÆ°á»ng Quá»‘c Lá»™ N2, XÃ£ HÃ²a KhÃ¡nh ÄÃ´ng, Huyá»‡n Äá»©c HoÃ , Long An","ChÃ­nh chá»§ cho thuÃª kho xÆ°á»Ÿng hoáº·c sang nhÆ°á»£ng láº¡i xÆ°á»Ÿng may táº¡i Äá»©c HÃ²a tá»‰nh Long An.
Diá»‡n tÃ­ch nhÃ  xÆ°á»Ÿng 2.500 m2. VÄƒn phÃ²ng 2 táº§ng diá»‡n tÃ­ch 500 m2. TrÃªn mÃ¡i cÃ³ sÃ¢n vÆ°á»n cafe nghá»‰ dÆ°á»¡ng Ä‘áº§y Ä‘á»§.
XÆ°á»Ÿng cao Ä‘áº¹p, má»›i 100% Ä‘ang lÃ m xÆ°á»Ÿng may, há»‡ thá»‘ng Ä‘iá»‡n 3 pha, nÆ°á»›c, PCCC, camera Ä‘áº§y Ä‘á»§.
CÃ³ Ä‘áº§y Ä‘á»§ thang nÃ¢ng hÃ ng 1000kg.
Tráº¡m Ä‘iá»‡n 3 pha 400kva, Ä‘Æ°á»ng xe cÃ´ng vÃ o táº­n nÆ¡i.
PhÃ¹ há»£p nhiá»u ngÃ nh nghá».
Hoáº·c sang nhÆ°á»£ng láº¡i XÆ°á»Ÿng may má»›i Ä‘áº§u tÆ° 1 thÃ¡ng, gá»“m 75 mÃ¡y may cÃ¡c loáº¡i (1 kim, váº¯t sá»•, cÄƒn size,...) má»›i 100%, mÃ¡y cáº¯t, há»‡ thá»‘ng bÃ n cáº¯t, bÃ n á»§i hÆ¡i nÆ°á»›c, mÃ¡y cháº¥m cÃ´ng, mÃ¡y tÃ­nh,...
GiÃ¡ thuÃª 80tr/thÃ¡ng . GiÃ¡ sang nhÆ°á»£ng mÃ¡y mÃ³c, thiáº¿t bá»‹ 800 triá»‡u cÃ³ thÆ°Æ¡ng lÆ°á»£ng.
LiÃªn há»‡ Mr Doanh 
098897****
Hiá»‡n sá»‘
 
ÄÃ£ sao chÃ©p
 
 chÃ­nh chá»§. Hoa há»“ng cho ACE mÃ´i giá»›i.",Cho ThuÃª,"NhÃ  XÆ°á»Ÿng, Máº·t Báº±ng, Kho BÃ£i",,,,,,https://cloud.muaban.net/images/thumb-detail/2024/07/01/201/e5d2adbda59e45c7927fb8efe02e31bf.jpg,"[51.5, 10.5]",Äá»©c HoÃ ,Long An,
"CHO THUÃŠ NHÃ€ MÄ‚T PHá» 298B Minh Khai, MB 60m2x 2 táº§ng",35.0,60,"298B, ÄÆ°á»ng Minh Khai, PhÆ°á»ng Minh Khai, Quáº­n Hai BÃ  TrÆ°ng, HÃ  Ná»™i","CHÃNH CHá»¦ CHO THUÃŠ NHÃ€ MÄ‚T PHá» 298B Minh Khai, quáº­n Hai BÃ  TrÆ°ng, HÃ  Ná»™i
- Diá»‡n tÃ­ch máº·t báº±ng 60m2, máº·t tiá»n 4,5m, nhÃ  2 táº§ng 
 - NhÃ  cÃ¡ch báº¿n xe buÃ½t 50 mÃ©t, giao thÃ´ng thuáº­n lá»£i. 
- Khu phá»‘ kinh doanh sáº§m uáº¥t
-- Vá»‹ trÃ­ Ä‘áº¹p, vá»‰a hÃ¨ rá»™ng, phÃ¹ há»£p kinh doanh nhiá»u mÃ´ hÃ¬nh: Ä‘á»“ng há»“ kÃ­nh máº¯t thá»i trang má»¹ pháº©m giáº§y dÃ©p tÃºi xÃ¡ch, thuá»‘c tÃ¢y, nail spa, nhÃ  hÃ ng cafe...
GiÃ¡ 35 triÃªu/thÃ¡ng
Æ¯U TIÃŠN Há»¢P Äá»’NG DÃ€I Háº N
LH: Chá»‹ An, 
096789****
Hiá»‡n sá»‘
 
ÄÃ£ sao chÃ©p",Cho ThuÃª,NhÃ  Máº·t Phá»‘,,2.0,,1,,https://cloud.muaban.net/images/thumb-detail/2024/05/20/178/064e32b8198740c9b97923c2d14f0d69.jpg,,Hai BÃ  TrÆ°ng,HÃ  Ná»™i,4.5
Cho thuÃª phÃ²ng trá» pháº¡m vÄƒn hai,3.2,22,"71/39, ÄÆ°á»ng Pháº¡m VÄƒn Hai, PhÆ°á»ng 3, Quáº­n TÃ¢n BÃ¬nh, TP.HCM",PhÃ²ng gÃ¡c. Báº¡n cÃ´ng . Giá» giáº¥c tá»± do. KhÃ´ng phÃ¡t sinh chi phÃ­. Khi an ninh.,Cho ThuÃª,,,,,,,https://cloud.muaban.net/images/thumb-detail/2024/07/02/149/5b8f88cced894a9fb9bda3ca9dbb524a.jpg,"[10.7925012, 106.662605]",TÃ¢n BÃ¬nh,Há»“ ChÃ­ Minh,
ChÃ­nh chá»§ Cho thuÃª nhÃ  47 Giang VÄƒn Minh - Ba ÄÃ¬nh - HN 33m2 x 4 táº§ng,23.0,165,"47, ÄÆ°á»ng Giang VÄƒn Minh, PhÆ°á»ng Kim MÃ£, Quáº­n Ba ÄÃ¬nh, HÃ  Ná»™i","ChÃ­nh chá»§ cáº§n cho thuÃª nhÃ  máº·t phá»‘ khÃ´ng chung chá»§ nhÆ° sau:
- Äá»‹a chá»‰: 47 Giang Minh, Kim MÃ£, Ba ÄÃ¬nh, HÃ  Ná»™i.
- Diá»‡n tÃ­ch Ä‘áº¥t: 33mÂ² máº·t tiá»n 3,4m.
- Sá»‘ táº§ng: 4 táº§ng + 1 sÃ¢n thÆ°á»£ng.
- ÄÃ£ cÃ³ sáºµn cá»­a kÃ­nh, cá»­a cuá»‘n, 3 vá»‡ sinh, 1 báº¿p.
- Máº·t Ä‘Æ°á»ng: 2 chiá»u rá»™ng thuáº­n tiá»‡n giao thÃ´ng Ä‘i láº¡i, cÃ³ thá»ƒ Ä‘á»ƒ Ã´ tÃ´
- GiÃ¡ cho thuÃª: LiÃªn há»‡.
PhÃ¹ há»£p: MÃ´ hÃ¬nh vÄƒn phÃ²ng, show room, cá»­a hÃ ng cÃ³ thá»ƒ káº¿t há»£p bÃ¡n hÃ ng vÃ  á»Ÿ.
Khu vá»±c: DÃ¢n trÃ­ cao, gáº§n trÆ°á»ng há»£p, vÄƒn phÃ²ng, bá»‡nh viÃªn, khu vá»±c Ä‘Ã´ng ngÆ°á»i qua láº¡i phÃ¹ há»£p vá»›i kinh doanh má»i loáº¡i máº·t hÃ ng.
YÃªu cáº§u:
+ KhÃ´ng kinh doanh hÃ ng Äƒn, bÃ¡n nÆ°á»›c, ngÃ nh nghá» vi pháº¡m phÃ¡p luáº­t, karaoke, quÃ¡n hÃ¡t.
+ Há»£p Ä‘á»“ng tá»‘i thiá»ƒu 2 nÄƒm, Ä‘Ã³ng tiá»n 6 thÃ¡ng 1 láº§n cá»c 1 thÃ¡ng.
LiÃªn Há»‡: Mr Hiá»‡p Anh - 
091677****
Hiá»‡n sá»‘
 
ÄÃ£ sao chÃ©p
 
 , Ä‘áº¿n xem nhÃ  háº¹n trÆ°á»›c.",Cho ThuÃª,"VÄƒn phÃ²ng, TTTM, Cá»­a hÃ ng, Kiot",,,,,,https://cloud.muaban.net/images/thumb-detail/2024/06/12/069/ff298b187ac7487285b14b2cf3853afc.jpg,"[10.77494, 106.68628]",Ba ÄÃ¬nh,HÃ  Ná»™i,
"Cho thuÃª nhÃ  táº§ng 1, lÃ m vÄƒn phÃ²ng, sá»‘ 39 Ä‘Æ°á»ng Há»“ng HÃ , Q.Ba ÄÃ¬nh",15.0,90,"ÄÆ°á»ng Há»“ng HÃ , Quáº­n Ba ÄÃ¬nh, HÃ  Ná»™i","Cho thuÃª nhÃ  táº§ng 1, sá»‘ 39 Ä‘Æ°á»ng Há»“ng HÃ , phÆ°á»ng PhÃºc XÃ¡, quáº­n Ba ÄÃ¬nh, lÃ m vÄƒn phÃ²ng, diá»‡n tÃ­ch 90m2, máº·t tiá»n 5m, giÃ¡ cho thuÃª 15 triá»‡u. LiÃªn há»‡: 
091507****
Hiá»‡n sá»‘
 
ÄÃ£ sao chÃ©p",Cho ThuÃª,"VÄƒn phÃ²ng, TTTM, Cá»­a hÃ ng, Kiot",,,,,,https://cloud.muaban.net/images/thumb-detail/2024/05/17/034/240b8fc5849a4e4385c8b220a726f56c.jpg,"[21.0477226, 105.8431618]",Ba ÄÃ¬nh,HÃ  Ná»™i,
"Cho thuÃª 4000m2 Ä‘áº¥t trá»‘ng máº·t tiá»n Phan VÄƒn Báº£y, Hiá»‡p PhÆ°á»›c, NhÃ  BÃ¨",80.0,4.000,"ÄÆ°á»ng Phan VÄƒn Báº£y, XÃ£ Hiá»‡p PhÆ°á»›c, Huyá»‡n NhÃ  BÃ¨, TP.HCM","MÃ¬nh Ä‘ang cÃ³ 4000m2 Ä‘áº¥t máº·t tiá»n Phan VÄƒn Báº£y, huyá»‡n NhÃ  BÃ¨, Ä‘Æ°á»ng xe containe cháº¡y vÃ´ tÆ°, vá»‹ trÃ­ ráº¥t Ä‘áº¹p, xung quanh toÃ n khu cÃ´ng nghiá»‡p, gáº§n CAâ€¦UBND, tiá»‡n kinh doanh nhiá»u nghÃ nh nghá»â€¦cáº§n cho thuÃª láº¡i giÃ¡ 80 triá»‡u/thÃ¡ng hoáº·c há»£p tÃ¡c kinh doanh sÃ¢n bÃ³ng Ä‘Ã¡ vÃ  áº¨m Thá»±c sÃ¢n vÆ°á»nâ€¦KÃ½ há»£p Ä‘á»“ng 5 nÄƒm, phÃ­ MG 1/2 thÃ¡ng ai cÃ³ khÃ¡ch mÃ¬nh há»£p tÃ¡c nhÃ©!
LH: 
0933******
Hiá»‡n sá»‘
 
ÄÃ£ sao chÃ©p
 
 gáº·p A Minh",Cho ThuÃª,"NhÃ  XÆ°á»Ÿng, Máº·t Báº±ng, Kho BÃ£i",,,,,,https://cloud.muaban.net/images/thumb-detail/2023/05/30/020/0f6dcb5d8d8a47a297c00ea9a8114891.jpg,"[10.64546, 106.73395]",NhÃ  BÃ¨,Há»“ ChÃ­ Minh,
Cho thuÃª vÄƒn phÃ²ng 160 Ä‘Æ°á»ng Nam Ká»³ Khá»Ÿi NghÄ©a,15.5,60,"160, ÄÆ°á»ng Nam Ká»³ Khá»Ÿi NghÄ©a, PhÆ°á»ng 6 (PhÆ°á»ng VÃµ Thá»‹ SÃ¡u), Quáº­n 3, TP.HCM","ChÃ­nh chá»§ cho thuÃª vÄƒn phÃ²ng Ä‘á»‹a chá»‰: 160 Nam Ká»³ Khá»Ÿi NghÄ©a, PhÆ°á»ng VÃµ Thá»‹ SÃ¡u, Quáº­n 3, TP. Há»“ ChÃ­ Minh. TÃ²a nhÃ  cÃ³ vá»‹ trÃ­ Ä‘áº¹p ngay máº·t tiá»n Ä‘Æ°á»ng Nam Ká»³ Khá»Ÿi NghÄ©a, cÃ¡ch ngÃ£ tÆ° Nam Ká»³ Khá»Ÿi NghÄ©a vÃ  Nguyá»…n Thá»‹ Minh Khai 1 cÄƒn nhÃ . TÃ²a nhÃ  cÃ³ há»‡ thá»‘ng phÃ²ng chÃ¡y chá»¯a chÃ¡y tiÃªu chuáº©n, thang mÃ¡y, há»‡ thá»‘ng camera, báº£o vá»‡ trá»±c 24/7,...
- Vá»‹ trÃ­: 160 Nam Ká»³ Khá»Ÿi NghÄ©a, PhÆ°á»ng VÃµ Thá»‹ SÃ¡u, Quáº­n 3, TP. HCM.
* GiÃ¡ thuÃª: 15.500.000Ä‘/thÃ¡ng (giÃ¡ chÆ°a VAT).
- CÃ¡c dá»‹ch vá»¥ miá»…n phÃ­: PhÃ­ quáº£n lÃ½ tÃ²a nhÃ , nÆ°á»›c sinh hoáº¡t, báº£o vá»‡ 24/7, xe khÃ¡ch hÃ ng giá»¯ miá»…n phÃ­.
- Tiá»n giá»¯ xe nhÃ¢n viÃªn: 150.000Ä‘/ xe/ thÃ¡ng.
- Tiá»n Ä‘iá»‡n: 4.000Ä‘/ KWH.
* Äáº·t cá»c: 2 thÃ¡ng tiá»n thuÃª, thanh toÃ¡n tiá»n thuÃª: VÃ o Ä‘áº§u má»—i thÃ¡ng.
LiÃªn há»‡ chÃ­nh chá»§ Ä‘á»ƒ xem vÃ  thuÃª vÄƒn phÃ²ng: Ms. Ngá»c 0936 88 66 46",Cho ThuÃª,"VÄƒn phÃ²ng, TTTM, Cá»­a hÃ ng, Kiot",,,,,,https://cloud.muaban.net/images/thumb-detail/2023/12/05/222/7c1fba6c034b4f588571deb94ab84438.jpg,"[10.82302, 106.62965]",3,Há»“ ChÃ­ Minh,
Cho thuÃª nhÃ  khu Kim MÃ£ quáº­n Ba ÄÃ¬nh HÃ  Ná»™i,10.0,90,"ÄÆ°á»ng Kim MÃ£, PhÆ°á»ng Kim MÃ£, Quáº­n Ba ÄÃ¬nh, HÃ  Ná»™i","Cho thuÃª nhÃ  riÃªng khu Kim MÃ£, quáº­n Ba ÄÃ¬nh, diá»‡n tÃ­ch 90m2, trong Ä‘Ã³ sÃ¢n 25 m2, nhÃ  xÃ¢y hÆ¡n 60m2, ba táº§ng:
Táº§ng 1, phÃ²ng khÃ¡ch, báº¿p, vá»‡ sinh
Táº§ng 2, ba phÃ²ng ngá»§, vá»‡ sinh
Táº§ng 3, phÃ²ng thá», sÃ¢n phÆ¡i .
Vá»‹ trÃ­ thuáº­n tiá»‡n gáº§n Vin com Liá»…u Giai, Lotte, há»“ Ngá»c KhÃ¡nh, cÃ¡c trÆ°á»ng há»c cÆ¡ sá»Ÿ, Ä‘áº¡i há»c .. 
GiÃ¡ 10 triá»‡u/thÃ¡ng.
LiÃªn há»‡: 
090229****
Hiá»‡n sá»‘
 
ÄÃ£ sao chÃ©p
 
 miá»…n trung gian",Cho ThuÃª,NhÃ  Trong NgÃµ,,,,,,https://cloud.muaban.net/images/thumb-detail/2024/07/02/108/70aba224f2044da9a4e6ed16cda43897.jpg,"[21.0319064, 105.8257821]",Ba ÄÃ¬nh,HÃ  Ná»™i,
"Cho thuÃª nhÃ  háº»m xe hÆ¡i Ä‘Æ°á»ng Nguyá»…n TÆ° Giáº£n, Quáº­n GÃ² Váº¥p, 4x12m, 1láº§u",8.0,48,"76/18, ÄÆ°á»ng Nguyá»…n TÆ° Giáº£n, PhÆ°á»ng 12, Quáº­n GÃ² Váº¥p, TP.HCM","CHO THUÃŠ NHÃ€ NGUYÃŠN CÄ‚N Táº I QUáº¬N GÃ’ Váº¤P
Sá»‘ 76/18 Ä‘Æ°á»ng Nguyá»…n TÆ° Giáº£n, PhÆ°á»ng 12, Quáº­n GÃ² váº¥p
Diá»‡n tÃ­ch nhÃ  4x12m, 1 trá»‡t, 1 láº§u Ä‘Ãºc, 2 phÃ²ng ngá»§, 2WC, nhÃ  thÃ´ng thoÃ¡ng, háº»m cá»¥t xe hÆ¡i vÃ o táº­n cá»­a, khu an ninh yÃªn tÄ©nh, hÆ°á»›ng ÄÃ´ng Nam, khÃ´ng ngáº­p dÃ¹ mÆ°a lá»›n, Ä‘iá»‡n nÆ°á»›c chÃ­nh, kÃ½ há»£p Ä‘á»“ng lÃ¢u dÃ i
GIÃ 8 TRIá»†U/THÃNG
LIÃŠN Há»†: 
090881****
Hiá»‡n sá»‘
 
ÄÃ£ sao chÃ©p
 
 - HUá»† MINH.",Cho ThuÃª,NhÃ  Trong NgÃµ,,1.0,2,2,,https://cloud.muaban.net/images/thumb-detail/2023/10/18/329/69ec13fb3dc44164a555e6dded89a58c.jpg,"[10.8331897, 106.6387954]",GÃ² Váº¥p,Há»“ ChÃ­ Minh,4.0
CHO THUÃŠ NHÃ€ NGUYÃŠN CÄ‚N QUáº¬N HOÃ€N KIáº¾M,7.0,20,"ÄÆ°á»ng Báº¡ch Äáº±ng, PhÆ°á»ng ChÆ°Æ¡ng DÆ°Æ¡ng Äá»™, Quáº­n HoÃ n Kiáº¿m, HÃ  Ná»™i","Cho thuÃª nhÃ  riÃªng nguyÃªn cÄƒn 4 táº§ng 1 tum full Ä‘á»“ táº¡i ngÃµ 113 phá»‘Báº¡ch Äáº±ng,hoÃ n kiáº¿m, full Ä‘á»“, chá»‰ viá»‡c sÃ¡ch vali Ä‘áº¿n Ä‘á»ƒ á»Ÿ ,diá»‡n tÃ­ch 20m2 x 4 táº§ng. Gáº§n há»“ hoÃ n kiáº¿m, Gáº§n siÃªu thá»‹ fivimart, gáº§n trung tÃ¢m,gáº§nchá»£, Ä‘i bÃ´ 5 phÃºt ra Ä‘áº¿n há»“ HoÃ n Kiáº¿m, nhÃ  má»›i sÆ¡n sá»­a láº¡i.
Gá»“m:
Táº§ng 1 phÃ²ng khÃ¡ch vÃ  Ä‘á»ƒ xe,
Táº§ng 2 báº¿p (1 nhÃ  vá»‡ sinh)
Táº§ng 3 phÃ²ng ngá»§( nhÃ  vá»‡ sinh)+ 
Táº§ng 4 phÃ²ng ngá»§ ( nhÃ  táº¯m)
Táº§ng 5 tum cÃ³ chuá»“ng cá»p xung quanh, bá» trÃªn cÃ³ mÃ¡i TÃ´n che Ä‘á»ƒ phÆ¡i quáº§n Ã¡o vÃ  Ä‘áº·t mÃ¡y giáº·t.
GiÃ¡ thue: 7.000.000 (cá»c 1 Ä‘Ã³ng 3)
LiÃªn há»‡: Mr. Linh (ChÃ­nh chá»§): 
091177****
Hiá»‡n sá»‘
 
ÄÃ£ sao chÃ©p",Cho ThuÃª,CÄƒn Há»™ Chung CÆ°,,4.0,,,,https://cloud.muaban.net/images/thumb-detail/2024/06/17/275/2d91118b9063445eab62eac76fa2f013.jpg,"[21.02813, 105.85358]",HoÃ n Kiáº¿m,HÃ  Ná»™i,
"Cho thuÃª nhÃ  nguyÃªn cÄƒn háº»m xe hÆ¡i, yÃªn tá»‰nh, an ninh",11.5,132,"háº»m 331/70/44, ÄÆ°á»ng Phan Huy Ãch, PhÆ°á»ng 14, Quáº­n GÃ² Váº¥p, TP.HCM","- Cho thuÃª nhÃ  2 máº·t tiá»n háº»m trÆ°á»›c sau, háº»m xe hÆ¡i Phan Huy Ãch gáº§n siÃªu thá»‹ Emart
- Gá»“m 1 phÃ²ng khÃ¡ch, 1 nhÃ  báº¿p, 4 phÃ²ng ngá»§, 3 WC, 1 sÃ¢n phÆ¡i
- Diá»‡n tÃ­ch 4m x 11 m - 3 táº§ng vÃ o á»Ÿ ngay, khu vá»±c an ninh, hÃ ng xÃ³m thÃ¢n thiá»‡n
- Thuáº­n tiá»‡n kinh doanh online, gia Ä‘Ã¬nh á»Ÿ
- CÃ³ sáº³n nÆ°á»›c nÃ³ng láº¡nh nÄƒng lÆ°á»£ng máº·t trá»i vÃ  1 mÃ¡y láº¡nh trong phÃ²ng táº§ng 1",Cho ThuÃª,,,,,,,https://cloud.muaban.net/images/thumb-detail/2024/06/16/299/67157ca1644946cc99455ca38614473c.jpg,"[10.80551, 106.69613]",GÃ² Váº¥p,Há»“ ChÃ­ Minh,
PhÃ²ng trá» cho thuÃª phÆ°á»ng 12 quáº­n 3 .HCM,4.0,20,"453/77f25, ÄÆ°á»ng LÃª VÄƒn Sá»¹, PhÆ°á»ng 12, Quáº­n 3, TP.HCM","PhÃ²ng trá» máº·t trÆ°á»›c nhÃ  ,cÃ³ ban cÃ´ng nhá» ,toilet ,ká»‡ báº¿p trong phÃ²ng .MÃ¡y láº¡nh ,nÆ°á»›c nÃ³ng ,wifi.......Tiá»‡n Ã­ch cÆ¡ báº£n .NhÃ  2 máº·t háº»m ,sÃ¡ng thoÃ¡ng ,thuáº­n tiá»‡n Ä‘i láº¡i giá»¯a cÃ¡c quáº­n .Giá» giáº¥c tá»± do .",Cho ThuÃª,,,,,,,https://cloud.muaban.net/images/thumb-detail/2024/07/02/061/7505957b02994335964bba1a55c631dd.jpg,"[10.77494, 106.68628]",3,Há»“ ChÃ­ Minh,
"Cho thuÃª nhÃ  82/2 Äinh Bá»™ LÄ©nh, P26, BÃ¬nh Tháº¡nh, 4x19m, 2 láº§u, Ä‘g 12m",21.0,78,"82/2, ÄÆ°á»ng Äinh Bá»™ LÄ©nh, PhÆ°á»ng 26, Quáº­n BÃ¬nh Tháº¡nh, TP.HCM","NhÃ  cho thuÃª nguyÃªn cÄƒn : DT 4m x 19m, 1 trá»‡t + 2 láº§u, thoÃ¡ng mÃ¡t, sáº¡ch sáº½, 6 phÃ²ng, 3WC
- Tiá»‡n má»Ÿ VP, lá»›p há»c, kinh doanh, spa, sá»©c khá»e .. 
- ÄÆ°á»ng ná»™i bá»™ 12 m
- Äá»‹a chá»‰: 82/2 Äinh Bá»™ LÄ©nh, P 26, Q BÃ¬nh Tháº¡nh
- GiÃ¡ 21 triá»‡u /thÃ¡ng , cÃ³ TL
LH cÃ´ TÃ¢m 
093269****
Hiá»‡n sá»‘
 
ÄÃ£ sao chÃ©p",Cho ThuÃª,NhÃ  Trong NgÃµ,,3.0,6,3,,https://cloud.muaban.net/images/thumb-detail/2024/07/02/474/3ca8c5baae0b4e669b84b65e6aa442a5.jpg,"[10.8078298, 106.709329]",BÃ¬nh Tháº¡nh,Há»“ ChÃ­ Minh,4.0
Hiá»‡n cÃ²n 2 phÃ²ng cho thuÃª quáº­n 4 = giÃ¡ 3.5tr - 4.2tr -,3.5,24,"576/149c , ÄÆ°á»ng ÄoÃ n VÄƒn BÆ¡, PhÆ°á»ng 15, Quáº­n 4, TP.HCM","Hiá»‡n cÃ²n 2 phÃ²ng cho thuÃª quáº­n 4 = giÃ¡ - 3.5tr - 4.0tr
- PhÃ²ng 20m2 cÃ³ mÃ¡y láº¡nh - wc trong phÃ²ng - cá»«a sá»• giÃ¡ 3.5tr
- PhÃ²ng 25m2 cÃ³ balcony - mÃ¡y láº¡nh - wc trong phÃ²ng giÃ¡ 4.2tr
LH : 
086842****
Hiá»‡n sá»‘
 
ÄÃ£ sao chÃ©p",Cho ThuÃª,,,,,,,https://cloud.muaban.net/images/thumb-detail/2024/07/02/196/b44db0962e084088875199b72ab45807.jpg,"[10.76684, 106.70574]",4,Há»“ ChÃ­ Minh,
"Cho thuÃª cÄƒn há»™ 110m2, sá»‘ 180 Tráº¥n VÅ©, phÆ°á»ng TrÃºc Báº¡ch, Ba ÄÃ¬nh",20.0,110,"ÄÆ°á»ng Tráº¥n VÅ©, PhÆ°á»ng TrÃºc Báº¡ch, Quáº­n Ba ÄÃ¬nh, HÃ  Ná»™i","Cho thuÃª cÄƒn há»™ 110m2, sá»‘ 180 Tráº¥n VÅ©, phÆ°á»ng Tráº¥n VÅ©, Ba ÄÃ¬nh, HÃ  Ná»™i
Cáº§n cho thuÃª cÄƒn há»™, Æ°u tiÃªn ngÆ°á»i nÆ°á»›c ngoÃ i, S = 100-110m2, 1 phÃ²ng khÃ¡ch, 1 phÃ²ng ngá»§ (cÃ³ thá»ƒ cáº£i táº¡o thÃ nh 2 phÃ²ng ngá»§) , 1 báº¿p, 2 ban cÃ´ng, view há»“ TrÃºc Báº¡ch. Sá»‘ nhÃ  180 Tráº¥n VÅ©, Ä‘á»§ tiá»‡n Ã­ch, full ná»™i tháº¥t, an ninh tá»‘t, cÃ³ chá»— Ä‘á»ƒ xe mÃ¡y. Cháº¥p nháº­n trung gian.
GiÃ¡: 20.000.000 VDN/thÃ¡ng
LiÃªnhá»‡: 0915.74.93.93/ 
093339****
Hiá»‡n sá»‘
 
ÄÃ£ sao chÃ©p",Cho ThuÃª,NhÃ  Máº·t Phá»‘,,,,,,https://cloud.muaban.net/images/thumb-detail/2024/07/02/399/ffa4565d78a0428dadd0672a626d9955.jpg,"[21.0460643, 105.8400907]",Ba ÄÃ¬nh,HÃ  Ná»™i,
"Cho Há»™ GÄ thuÃª nhÃ  cáº¥p 4 Ä‘á»ƒ á»Ÿ vÃ  KD, ngÃµ phá»‘ LÃª Äá»©c Thá», Má»¹ ÄÃ¬nh",4.0,30,"ÄÆ°á»ng LÃª Äá»©c Thá», PhÆ°á»ng Má»¹ ÄÃ¬nh 1, Quáº­n Nam Tá»« LiÃªm, HÃ  Ná»™i","Cho Há»™ GÄ thuÃª nhÃ  cáº¥p 4 Ä‘á»ƒ á»Ÿ vÃ  kinh doanh nhá», hoáº·c cÃ´ng ty lÃ m vÄƒn phÃ²ng. Diá»‡n tÃ­ch phá»¥ khÃ©p kÃ­n, cá»•ng riÃªng khÃ´ng chung chá»§, 2 máº·t thoÃ¡ng, taxi Ä‘á»— cá»­a
- Äá»‹a chá»‰: ngÃµ phá»‘ LÃª Äá»©c Thá», Má»¹ ÄÃ¬nh, Nam Tá»« LiÃªm, HN.
- DT: khoáº£ng 30m2, gÃ¡c xÃ©p 6m2. GiÃ¡: 4 triá»‡u/1 thÃ¡ng cÃ³ TL, miá»…n trung gian. 
* LH: 
094866****
Hiá»‡n sá»‘
 
ÄÃ£ sao chÃ©p
 
 , 
033582****
Hiá»‡n sá»‘
 
ÄÃ£ sao chÃ©p",Cho ThuÃª,NhÃ  Trong NgÃµ,,,,,,https://cloud.muaban.net/images/thumb-detail/2024/06/29/208/7a2088f5bd2049c091b14d3c606ae779.jpg,"[21.02799, 105.7682726]",Nam Tá»« LiÃªm,HÃ  Ná»™i,
Cho thuÃª nhÃ  máº·t phá»‘ Nguyá»…n Khang quáº­n Cáº§u Giáº¥y HÃ  Ná»™i,30.0,55,"ÄÆ°á»ng Nguyá»…n Khang, PhÆ°á»ng YÃªn HÃ²a, Quáº­n Cáº§u Giáº¥y, HÃ  Ná»™i","NHÃ€ NGUYÃŠN CÄ‚N CHO THUÃŠ QUáº¬N Cáº¦U GIáº¤Y( house for rent)
Diá»‡n tÃ­ch 55m2, máº·t tiá»n 4,5m, nhÃ  3,5 táº§ng, cÃ³ máº·t trÆ°á»›c lÃ  hÃ¨ rá»™ng 10m
Tiá»‡n cho vÄƒn phÃ²ng, chuyá»ƒn phÃ¡t, phÃ²ng rÄƒng, spa, thá»±c pháº©m sáº¡ch, cá»­a hÃ ng tiá»‡n Ã­ch...thuÃª lÃ¢u dÃ i 
Äá»‹a chá»‰ sá»‘ 389A Nguyá»…n Khang Cáº§u Giáº¥y (gáº§n cáº§u YÃªn HoÃ ) há»£p Ä‘á»“ng dÃ i háº¡n, sáº¯p má»Ÿ Ä‘Æ°á»ng thÃ´ng ra cÃ´ng viÃªn Cáº§u Gáº¥y, Ä‘á»‹a Ä‘iá»ƒm ráº¥t Ä‘áº¹p gáº§n trung tÃ¢m thÆ°Æ¡ng máº¡i Lotte, Vincom Nguyá»…n ChÃ­ Thanh, Royal City..., trÆ°á»ng Ä‘áº¡i há»c Giao ThÃ´ng, Ngoáº¡i ThÆ°Æ¡ng, Ngoáº¡i Giao..., bá»‡nh viá»‡n Giao ThÃ´ng Váº­n Táº£i, phá»¥ sáº£n, viá»‡n nhi...
LiÃªn há»‡: 
091977****
Hiá»‡n sá»‘
 
ÄÃ£ sao chÃ©p",Cho ThuÃª,NhÃ  Máº·t Phá»‘,,,,,,https://cloud.muaban.net/images/thumb-detail/2024/07/02/559/98887af6ac764adf90938dc2ab00251b.jpg,"[21.0225753, 105.799028]",Cáº§u Giáº¥y,HÃ  Ná»™i,
"CHO THUÃŠ Cá»¬A HÃ€NG Máº¶T PHá» 72 BÃ¡t Sá»©, phÆ°á»ng HÃ ng Bá»“, MT 5m",26.0,30,"72, ÄÆ°á»ng BÃ¡t Sá»©, PhÆ°á»ng HÃ ng Bá»“, Quáº­n HoÃ n Kiáº¿m, HÃ  Ná»™i","CHÃNH CHá»¦ CHO THUÃŠ Cá»¬A HÃ€NG Máº¶T PHá» 72 BÃ¡t Sá»©, phÆ°á»ng HÃ ng Bá»“, quáº­n HoÃ n Kiáº¿m, HÃ  Ná»™i - Diá»‡n tÃ­ch máº·t báº±ng cá»­a hÃ ng 20m2, khu phá»¥ 10m2, máº·t tiá»n rá»™ng 5m - Cá»­a hÃ ng riÃªng biá»‡t, Ä‘i khoÃ¡ vá» má»Ÿ - Äang cho Ä‘áº¡i lÃ½ TH true MILK thuÃª gáº§n 20 nÄƒm - GiÃ¡ 26/triá»‡u/thÃ¡ng - Æ¯U TIÃŠN KHÃCH THUÃŠ LÃ€M SIÃŠU THá»Š MINI, Cá»¬A HÃ€NG Sá»®A - Æ¯U TIÃŠN Há»¢P Äá»’NG DÃ€I Háº N LH: chá»‹ Dung, 
091221****
Hiá»‡n sá»‘
 
ÄÃ£ sao chÃ©p",Cho ThuÃª,NhÃ  Máº·t Phá»‘,,,,,,https://cloud.muaban.net/images/thumb-detail/2024/07/02/578/25bd460210ad4789ae908647db9a4f50.jpg,"[21.02813, 105.85358]",HoÃ n Kiáº¿m,HÃ  Ná»™i,
"Cho thuÃª nhÃ  100 Nguyá»…n Du , Q.1 : 12*31",450.0,372,"100, ÄÆ°á»ng Nguyá»…n Du, PhÆ°á»ng Báº¿n NghÃ©, Quáº­n 1, TP.HCM","- DT : 12*31 , háº§m , trá»‡t , 3 láº§u 
- NHÃ  cá»±c ká»³ rá»™ng , thoÃ¡ng mÃ¡t , sang trá»ng
- Vá»‹ trÃ­ nhÃ  gáº§n ngay NhÃ  Thá» Dá»©c BÃ  , nÆ¡i kinh doanh cá»±c sáº§m uáº¥t 
- Ráº¥t nhiá»u du khÃ¡ch qua láº¡i , tiá»‡n kinh doanh má»i ngÃ nh nghá» 
- HÄ kÃ½ dÃ i háº¡n , cá»c 3 thanh toÃ¡n 3 ( hoáº·c 1 )
- Nháº­n nhÃ  ngay khi kÃ½ HÄ",Cho ThuÃª,"NhÃ  Biá»‡t Thá»±, Liá»n Ká»",,,6,7,,https://cloud.muaban.net/images/thumb-detail/2024/07/02/550/5b372ffd47e54723b5831fa3a9c7c1da.jpg,"[10.7791303, 106.7001011]",1,Há»“ ChÃ­ Minh,12.0
Cho ThuÃª PhÃ²ng MÃ¡y Láº¡nh Má»›i XÃ¢y - Háº»m Xe HÆ¡i.,5.8,28,"220/50A/96E, ÄÆ°á»ng XÃ´ Viáº¿t Nghá»‡ TÄ©nh, PhÆ°á»ng 21, Quáº­n BÃ¬nh Tháº¡nh, TP.HCM","_Cho ThuÃª phÃ²ng mÃ¡y láº¡nh má»›i xÃ¢y dá»±ng, DT 4m00 x 7m00.
_Äiá»‡n: 3.5k/Kw, NÆ°á»›c: 25k/khá»‘i.
_Giá» giáº¥c tá»± do, cÃ³ camera an ninh, khu an ninh, sáº¡ch sáº½ thoÃ¡ng mÃ¡t, khÃ´ng ngáº­p nÆ°á»›c, xung quanh tiá»‡n Ã­ch Ä‘áº§y Ä‘á»§, trÆ°á»ng há»c máº§m non, cáº¥p 1,2,3, trÆ°á»ng Äáº¡i há»c, nhÃ  sÃ¡ch, siÃªu thá»‹, TTTM, bá»‡nh viá»‡n, chá»£.....
 _Thuáº­n tiá»‡n Ä‘i qua cÃ¡c quáº­n, chá»‰ 10 phÃºt Ä‘i qua quáº­n 1, 2, 3 ,Thá»§ Äá»©c.....
_Miá»…n phÃ­ giá»¯ xe, Wifi
_Ná»™i tháº¥t cÆ¡ báº£n: MÃ¡y Láº¡nh, Tá»§ Quáº§n Ão, GiÆ°á»ng Ngá»§, Tá»§ Láº¡nh, Ká»‡ Báº¿p, cÃ³ chá»— Ä‘á»ƒ mÃ¡y giáº·t, phÆ¡i Ä‘á»“ khÃ©p kÃ­n.
_ NhÃ  á»Ÿ Ã­t ngÆ°á»i, phÃ²ng nhÆ° hÃ¬nh, Há»£p Ä‘á»“ng dÃ i háº¡n, liÃªn há»‡ chÃ­nh chá»§ : chá»‹ Hoa - 
090978****
Hiá»‡n sá»‘
 
ÄÃ£ sao chÃ©p",Cho ThuÃª,,,,,,,https://cloud.muaban.net/images/thumb-detail/2024/06/23/045/0d935b4893814102b27000c6568584ad.jpg,"[10.7971, 106.71171]",BÃ¬nh Tháº¡nh,Há»“ ChÃ­ Minh,
"Cho thuÃª nhÃ  phá»‘ Tráº§n ThÃ¡i TÃ´ng, lÃ m vÄƒn phÃ²ng, phÃ²ng khÃ¡m",95.0,500,"Quáº­n Cáº§u Giáº¥y, HÃ  Ná»™i","098631****
Hiá»‡n sá»‘
 
ÄÃ£ sao chÃ©p
 
 ThÃ´ng tin CHO THUÃŠ nhÃ  sá»‘ 5 ngÃµ 84 Tráº§n ThÃ¡i TÃ´ng - Cáº§u Giáº¥y - HÃ  Ná»™i .
1. Diá»‡n tÃ­ch Äáº¥t: 127 m2
2. Diá»‡n tÃ­ch xÃ¢y dá»±ng: 100 m2/táº§ng x 1 Háº§m & 5 Táº§ng
3. Máº·t tiá»n: 7,3 mÃ©t
4. GiÃ¡ thuÃª: 95 triá»‡u/ thÃ¡ng 
5. Thanh toÃ¡n: 6 thÃ¡ng vÃ  cá»c 2 thÃ¡ng 
7. BÃ n giao luÃ´n
8. Thá»i gian miá»…n phÃ­ xÃ¢y dá»±ng: 20 ngÃ y
9. KÃ½ Há»£p Äá»“ng thuÃª 5 nÄƒm
10. PhÃ¹ há»£p kinh doanh má»i ngÃ nh nghá»
11. NhÃ  cÃ³ cáº§u thang mÃ¡y & cáº§u thang bá»™ cuá»‘i nhÃ ",Cho ThuÃª,"VÄƒn phÃ²ng, TTTM, Cá»­a hÃ ng, Kiot",,,,,,https://cloud.muaban.net/images/thumb-detail/2024/01/15/440/3527a4929d9746269a6824687c724bbd.jpg,"[21.0295015, 105.7914212]",Cáº§u Giáº¥y,HÃ  Ná»™i,
Cho thuÃª cÄƒn há»™ táº­p thá»ƒ Há»c viá»‡n ká»¹ thuáº­t quÃ¢n sá»± táº¡i 215 XÃ£ ÄÃ n 2,6.0,50,"ÄÆ°á»ng XÃ£ ÄÃ n 2, PhÆ°á»ng Nam Äá»“ng, Quáº­n Äá»‘ng Äa, HÃ  Ná»™i","Cho thuÃª cÄƒn há»™ táº§ng 3, nhÃ  A3, táº­p thá»ƒ Há»c viá»‡n ká»¹ thuáº­t quÃ¢n sá»± táº¡i 215 XÃ£ ÄÃ n 2, quáº­n Äá»‘ng Äa, diá»‡n tÃ­ch 50m2, 1 phÃ²ng ngá»§, 1 phÃ²ng khÃ¡ch, WC khÃ©p kÃ­n, cÃ³ Ä‘iá»u hÃ²a, nÃ³ng láº¡nh, tá»§, bÃ n gháº¿..., Ä‘iá»‡n nÆ°á»›c Ä‘á»§ dÃ¹ng theo giÃ¡ sinh hoáº¡t gia Ä‘Ã¬nh, an ninh tá»‘t, giÃ¡ 6 triá»‡u/thÃ¡ng. LH: 
098356****
Hiá»‡n sá»‘
 
ÄÃ£ sao chÃ©p
 
 , miá»…n TG",Cho ThuÃª,CÄƒn Há»™ Chung CÆ°,,,,,,https://cloud.muaban.net/images/thumb-detail/2024/07/02/535/10e2893e25494299a2cad28b44600b12.jpg,"[21.01348, 105.82679]",Äá»‘ng Äa,HÃ  Ná»™i,
"Cho thuÃª cÄƒn há»™ chung cÆ° An hÃ²a Q2, 75 m2 13 triá»‡u",13.0,75,"TP. Thá»§ Äá»©c - Quáº­n 2, TP.HCM","ChÃ­nh chá»§ cho thuÃª cÄƒn há»™ chung cÆ° An hÃ²a, phÆ°á»ng an phÃº ,quáº­n 2 giÃ¡ chá»‘t 13 triá»‡u/ thÃ¡ng, giao nhÃ  ngay.
_-CÄƒn gÃ³c táº§ng 6 , Ä‘áº§y Ä‘á»§ ná»™i tháº¥t, 2 phÃ²ng ngá»§, 2 toalet, 2 ban cÃ´ng thoÃ¡ng mÃ¡t.
-tÃ²a chung cÆ° mÃ¡t máº» yÃªn tÄ©nh, chÃ¢n Ä‘áº¿ phÃ­a dÆ°á»›i lÃ  siÃªu thá»‹ Winmarat, khu Äƒn uá»‘ng, cá»­a hÃ ng tiá»‡n lÆ¡i, khu vui chÆ¡i TDTT, gáº§n chá»£ truyá»n thá»‘ng, bá»‡nh viá»‡n, trÆ°á»ng há»c cáº¥p 1,2,3...gáº§n cáº§u SÃ i gÃ²n, háº§m Thá»§ thiÃªm tháº­n tiá»‡n giao thÃ´ng. Tiáº¿p khÃ¡ch trá»±c tiáº¿p thuÃª, miá»…n trung gian.Xin liÃªn há»‡ Ä‘iá»‡n thoáº¡i sá»‘ 
090817****
Hiá»‡n sá»‘
 
ÄÃ£ sao chÃ©p
 
 ( gáº·p cÃ´ Oanh)",Cho ThuÃª,CÄƒn Há»™ Chung CÆ°,,6.0,2,2,ÄÃ´ng,https://cloud.muaban.net/images/thumb-detail/2024/07/01/305/ec1ba5aa38694fb2802b9ec58e2a001b.jpg,"[10.8032965, 106.7459436]",Thá»§ Äá»©c,Há»“ ChÃ­ Minh,
"Cho thuÃª máº·t báº±ng nhÃ  lÃ m Cá»­a hÃ ng, vÄƒn phÃ²ng, kho xÆ°á»Ÿng, nhÃ  á»Ÿ cho NV",13.0,150,"ÄÆ°á»ng Thá»‘ng Nháº¥t, PhÆ°á»ng 10, Quáº­n GÃ² Váº¥p, TP.HCM","Cho thuÃª máº·t báº±ng nhÃ  lÃ m Cá»­a hÃ ng, vÄƒn phÃ²ng, kho xÆ°á»Ÿng, nhÃ  á»Ÿ cho nhÃ¢n viÃªn, gara....
Diá»‡n tÃ­ch 5x30m, cÃ³ báº¿p, nhÃ  vá»‡ sinh táº¯m giáº·t. CÃ³ chá»— rá»™ng Ä‘á»ƒ xe Du lá»‹ch trong nhÃ .
GiÃ¡ thuÃª 13 triá»‡u thÃ¡ng, Ä‘áº·t cá»c 16 triá»‡u.
Há»£p Ä‘á»“ng 2 nÄƒm má»™t láº§n, khÃ´ng tÄƒng giÃ¡.
Äá»‹a chá»‰: Ä‘Æ°á»ng Thá»‘ng Nháº¥t P10 GÃ² Váº¥p 
Hiá»‡n Ä‘ang kinh doanh cafe( Sang toÃ n bá»™ váº­t dá»¥ng kinh doanh quÃ¡n cafe giÃ¡ ráº»)
LiÃªn há»‡ 
076458****
Hiá»‡n sá»‘
 
ÄÃ£ sao chÃ©p
 
 , miá»…n trung gian.",Cho ThuÃª,"VÄƒn phÃ²ng, TTTM, Cá»­a hÃ ng, Kiot",,,,,,https://cloud.muaban.net/images/thumb-detail/2024/06/28/123/ef876ba44f1443c3afb5dbb1279c4deb.jpg,"[10.8346046, 106.664441]",GÃ² Váº¥p,Há»“ ChÃ­ Minh,
"Cho thuÃª nhÃ  H5m sá»‘ 1243/26 LÃª VÄƒn LÆ°Æ¡ng, PhÆ°á»›c Kiá»ƒn, NhÃ  BÃ¨ 3.2x16m",6.0,"51,2","1243/26, ÄÆ°á»ng LÃª VÄƒn LÆ°Æ¡ng, XÃ£ PhÆ°á»›c Kiá»ƒn, Huyá»‡n NhÃ  BÃ¨, TP.HCM","Cho thuÃª nhÃ  nguyÃªn cÄƒn háº»m 5m sá»‘ 1243/26 LÃª VÄƒn LÆ°Æ¡ng, áº¤p 2, xÃ£ PhÆ°á»›c Kiá»ƒn, NhÃ  BÃ¨.
- DT: 3.2 x 16m, cÃ³ sÃ¢n trÆ°á»›c rá»™ng 6m, thoÃ¡ng, cÃ³ sÃ¢n sau, nhÃ  trá»‡t, 1 láº§u Ä‘Ãºc suá»‘t, nhÃ  sáº¡ch sáº½.
- GiÃ¡: 6 triá»‡u/thÃ¡ng.
LH: 
090369****
Hiá»‡n sá»‘
 
ÄÃ£ sao chÃ©p
 
 - 
090265****
Hiá»‡n sá»‘
 
ÄÃ£ sao chÃ©p
 
 C Dung",Cho ThuÃª,NhÃ  Trong NgÃµ,,2.0,,,,https://cloud.muaban.net/images/thumb-detail/2024/06/27/478/ce9a146f5add4b2982288267e4ce67a3.jpg,"[10.7016835, 106.7024724]",NhÃ  BÃ¨,Há»“ ChÃ­ Minh,3.2
"Cho thuÃª táº§ng 1 vÃ  táº§ng 2 lÃ m vÄƒn phÃ²ng, nhÃ  má»›i xÃ¢y hiÃªn Ä‘ai",12.0,120,"ÄÆ°á»ng Giáº£i PhÃ³ng, Quáº­n HoÃ ng Mai, HÃ  Ná»™i","Cho thuÃª táº§ng 1 vÃ  táº§ng 2 lÃ m vÄƒn phÃ²ng, nhÃ  má»›i xÃ¢y hiÃªn Ä‘ai tiá»‡n nghi
Diá»‡n tich sá»­ dá»¥ng 2 táº§ng lÃ  120 m2, máº·t tiá»n 4,6m, trong ngÃµ 1197 Ä‘Æ°á»ng Giáº£i PhÃ³ng, Quáº­n HoÃ ng Mai, ngÃµ rá»™ng 5m, Ã´ tÃ´ vao nhÃ , cÃ¡ch Ä‘Æ°á»ng Giaá»‰ PhÃ³ng 30m. 
GiÃ¡ thuÃª 12 triá»‡u/thÃ¡ng. Cho thuÃª lÃ¢u dÃ i. 
LiÃªn há»‡ cc 
090340****
Hiá»‡n sá»‘
 
ÄÃ£ sao chÃ©p
 
 , 
098734****
Hiá»‡n sá»‘
 
ÄÃ£ sao chÃ©p",Cho ThuÃª,"VÄƒn phÃ²ng, TTTM, Cá»­a hÃ ng, Kiot",,,,,,https://cloud.muaban.net/images/thumb-detail/2024/05/17/384/da9cf373313140519a0e5129bdda8733.jpg,"[20.9660206, 105.8418748]",HoÃ ng Mai,HÃ  Ná»™i,
Picity High Park - Shophouse cho thuÃª Q12,60.0,168,"Quáº­n 12, TP.HCM","Cho thuÃª máº·t báº±ng shophouse Picity, phÆ°á»ng Tháº¡nh XuÃ¢n, quáº­n 12.
- Khu dÃ¢n cÆ° má»›i Ä‘Ã´ng Ä‘Ãºc
- Máº·t báº±ng cÄƒn gÃ³c Ä‘Æ°á»ng lá»›n,phÃ¹ há»£p cho viá»‡c má»Ÿ chi nhÃ¡nh ngÃ¢n hÃ ng, siÃªu thá»‹, hoáº·c nhÃ  hÃ ng. 
- Máº·t báº±ng trá»‘ng Ä‘áº¹p, sáº¡ch sáº½, giao ngay. 
- Diá»‡n tÃ­ch:168m2. GiÃ¡ thuÃª: 60,000,000. 
- SDT liÃªn há»‡: 093719246",Cho ThuÃª,"VÄƒn phÃ²ng, TTTM, Cá»­a hÃ ng, Kiot",,,,,,https://cloud.muaban.net/images/thumb-detail/2024/06/19/556/26461ac0b2b844da972f84b6061f16bb.jpg,"[10.8616036, 106.6609731]",12,Há»“ ChÃ­ Minh,
CHO THUÃŠ NHÃ€ Äáº¸P Má»šI Sá»¬A SANG NGUYÃŠN CÄ‚N,7.0,45,"495/11, ÄÆ°á»ng NÆ¡ Trang Long, PhÆ°á»ng 13, Quáº­n BÃ¬nh Tháº¡nh, TP.HCM","Cho thuÃª nhÃ  Ä‘áº¹p nguyÃªn cÄƒn trong háº»m xe hÆ¡i má»›i sá»­a sang chÃ­nh chá»§.
NhÃ  trá»‡t, ngang 5m dÃ i 9m, bao gá»“m: 2 phÃ²ng ngá»§, 1 phÃ²ng khÃ¡ch, 1 báº¿p, 1 toilet, 1 sÃ¢n sau Ä‘á»ƒ mÃ¡y giáº·t. Äiá»‡n nÆ°á»›c riÃªng. NhÃ  Ä‘Æ°á»£c sá»­a má»›i 100%.
Äá»‹a Ä‘iá»ƒm thuáº­n tiá»‡n, gáº§n trÆ°á»ng há»c, bá»‡nh viá»‡n lá»›n. GiÃ¡p Quáº­n 1, GÃ² Váº¥p, Thá»§ Äá»©c vÃ  PhÃº Nhuáº­n.
NhÃ  Ä‘áº§y Ä‘á»§ tiá»‡n nghi cÃ³ mÃ¡y nÆ°á»›c nÃ³ng â€“ mÃ¡y láº¡nh. 
LÆ°u Ã½: NhÃ  dÃ nh cho khÃ¡ch thuÃª khÃ´ng nuÃ´i chÃ³ mÃ¨o. Xin cáº£m Æ¡n!
GiÃ¡ 7 triá»‡u (chÃ­nh chá»§, vui lÃ²ng khÃ´ng thÆ°Æ¡ng lÆ°á»£ng). Há»£p Ä‘á»“ng kÃ½ 1 nÄƒm vÃ  cá»c tiá»n nhÃ  2 thÃ¡ng.",Cho ThuÃª,NhÃ  Trong NgÃµ,,,2,1,,https://cloud.muaban.net/images/thumb-detail/2024/07/01/541/c3a8e2fbff384700b2b16fc20e73afdb.jpg,"[10.8250807, 106.7067234]",BÃ¬nh Tháº¡nh,Há»“ ChÃ­ Minh,5.0
cho thuÃª phÃ²ng trá» giá» giáº¥c tá»± do 117/51 nguyá»…n há»¯u cáº£nh p22,3.0,18,"117/51, ÄÆ°á»ng Nguyá»…n Há»¯u Cáº£nh, PhÆ°á»ng 22, Quáº­n BÃ¬nh Tháº¡nh, TP.HCM","cho thuÃª phÃ²ng trá» giá» giáº¥c tá»± do 117/51 nguyá»…n há»¯u cáº£nh p22 QBÃ¬nh Tháº¡nh . phÃ²ng sáº¡ch sáº½ cÃ³ mÃ¡y láº¡nh , cÃ³ gÃ¡c ,an ninh ,gáº§n chá»£ ,gáº§n cÃ¡c trÆ°á»ng Ä‘áº¡i há»c HUTECH , Äáº¡i Há»c Há»“ng BÃ ng , Äáº¡i Há»c Má»¹ Thuáº­t ....giÃ¡ phÃ²ng 2tr8-3tr2 . Äiá»‡n Thoáº¡i 
091883****
Hiá»‡n sá»‘
 
ÄÃ£ sao chÃ©p
 
 (HÃ  )",Cho ThuÃª,,,,,,,https://cloud.muaban.net/images/thumb-detail/2024/04/14/455/93062ec8f8794b3591d669da8af410e6.jpg,"[10.7966197, 106.719169]",BÃ¬nh Tháº¡nh,Há»“ ChÃ­ Minh,
Kho cho thuÃª 500m2 81 lÃª ngung bÃ¬nh tÃ¢n,25.0,500,"81, ÄÆ°á»ng LÃª Ngung, PhÆ°á»ng TÃ¢n Táº¡o A, Quáº­n BÃ¬nh TÃ¢n, TP.HCM",Kho cho thuÃª Ä‘Æ°á»ng container. 500m2 Ä‘iá»‡n 3pha nÆ°á»›c chá»£ lá»›n . ThÃ­ch há»£p nhÃ¬u ngÃ nh,Cho ThuÃª,"NhÃ  XÆ°á»Ÿng, Máº·t Báº±ng, Kho BÃ£i",,,,,,https://cloud.muaban.net/images/thumb-detail/2024/06/11/223/9e0fd6ebaf5f47b5b183b80a208dedde.jpg,"[10.85778, 106.74111]",BÃ¬nh TÃ¢n,Há»“ ChÃ­ Minh,
"Cho thuÃª phÃ²ng rá»™ng HoÃ ng Hoa ThÃ¡m, P.7, BÃ¬nh Tháº¡nh, mÃ¡y láº¡nh, WCR",2.7,20,"42/48C, ÄÆ°á»ng HoÃ ng Hoa ThÃ¡m, PhÆ°á»ng 7, Quáº­n BÃ¬nh Tháº¡nh, TP.HCM","Cho thuÃª phÃ²ng rá»™ng, thoÃ¡ng mÃ¡t
- CÃ³ mÃ¡y láº¡nh
- CÃ³ cá»­a sá»•
- Giá» tá»± do
- CÃ³ hÃ ng lang, chá»— náº¥u Äƒn riÃªng & bá»“n rá»­a chÃ©n riÃªng, WC riÃªng
- GiÃ¡ 2,7 triá»‡u/thÃ¡ng
- Cuá»‘i thÃ¡ng vÃ´ á»Ÿ
Äá»‹a chá»‰: 42/48C HoÃ ng Hoa ThÃ¡m, phÆ°á»ng 7, BÃ¬nh Tháº¡nh
Äiá»‡n thoáº¡i: 
090971****
Hiá»‡n sá»‘
 
ÄÃ£ sao chÃ©p
 
 - chá»‹ Tháº£o
Miá»…n tiáº¿p quáº£ng cÃ¡o",Cho ThuÃª,,,,,,,https://cloud.muaban.net/images/thumb-detail/2024/05/27/110/f033cf6fccf24a088c457bca739978da.jpg,"[10.8053654, 106.6929159]",BÃ¬nh Tháº¡nh,Há»“ ChÃ­ Minh,
"Cho thuÃª cáº£ nhÃ  máº·t phá»‘ Huáº¿, 54m2x 2 táº§ng, 1 tum, MT 4m",0.123486,54,"ÄÆ°á»ng Phá»‘ Huáº¿, PhÆ°á»ng HÃ ng BÃ i, Quáº­n HoÃ n Kiáº¿m, HÃ  Ná»™i","Cho thuÃª cáº£ nhÃ  máº·t phá»‘ sá»‘ 8 Phá»‘ Huáº¿, phÆ°á»ng HÃ ng BÃ i, Dt 54m2, mt 4m, 2 táº§ng 1 tum, hiá»‡n Ä‘g cho thuÃª cá»­a hÃ ng gia dá»¥ng Äá»©c thuÃª , khÃ¡ch má»›i vÃ o tá»« thÃ¡ng 7/2024. LH|: 
094986****
Hiá»‡n sá»‘
 
ÄÃ£ sao chÃ©p
 
 , 
081986****
Hiá»‡n sá»‘
 
ÄÃ£ sao chÃ©p",Cho ThuÃª,NhÃ  Máº·t Phá»‘,,,,,,https://cloud.muaban.net/images/thumb-detail/2024/05/27/022/52e983c58d5a4adb961586274394c0c1.jpg,"[21.0193479, 105.8518462]",HoÃ n Kiáº¿m,HÃ  Ná»™i,
"Cho thuÃª phÃ²ng má»›i, cao cáº¥p nhÆ° khÃ¡ch sáº¡n, trung tÃ¢m Quáº­n 5",3.8,15,"ÄÆ°á»ng Tráº§n PhÃº, PhÆ°á»ng 9, Quáº­n 5, TP.HCM","Cho thuÃª phÃ²ng má»›i, cao cáº¥p nhÆ° khÃ¡ch sáº¡n, trung tÃ¢m Quáº­n 5, gáº§n An ÄÃ´ng Plaza
- Sá»‘ 194 Tráº§n PhÃº, PhÆ°á»ng 9, Quáº­n 5.
- Äá»§ tiá»‡n nghi: tivi, tá»§ láº¡nh, mÃ¡y láº¡nh, mÃ¡y nÆ°á»›c nÃ³ng, giÆ°á»ng, tá»§... truyá»n hÃ¬nh cÃ¡p, ADSL...
- PhÃ²ng: 15m2: GiÃ¡ thuÃª: 3 triá»‡u/thÃ¡ng
- PhÃ²ng: 24m2. GiÃ¡ thuÃª: 3,8 triá»‡u/thÃ¡ng.
- PhÃ²ng trá»‘ng á»Ÿ ngay.
*** Sang shop quáº§n Ã¡o máº·t tiá»n 194 Tráº§n PhÃº, PhÆ°á»ng 9, Quáº­n 5
- GiÃ¡ sang 50 triá»‡u.
LiÃªn há»‡: 
0903******
Hiá»‡n sá»‘
 
ÄÃ£ sao chÃ©p
 
 , 
0916******
Hiá»‡n sá»‘
 
ÄÃ£ sao chÃ©p
 
 - Chá»‹ Oanh, chÃ­nh chá»§.",Cho ThuÃª,,,,,,,https://cloud.muaban.net/images/thumb-detail/2024/02/07/146/65c7610cb3e041d1afb49583752c60cd.jpg,"[10.758936, 106.6756039]",5,Há»“ ChÃ­ Minh,
"CHO THUÃŠ CÄ‚N Há»˜ 60m2, sá»‘ 110 Ä‘Æ°á»ng BÃ¹i Quang LÃ , GV, 5.600.000Ä‘",5.6,60,"ÄÆ°á»ng BÃ¹i Quang LÃ , PhÆ°á»ng 12, Quáº­n GÃ² Váº¥p, TP.HCM","CHO THUÃŠ CÄ‚N Há»˜ GÃ’ Váº¤P 5.600.000 Ä‘á»“ng.
Cho thuÃª cÄƒn há»™ 2 phÃ²ng ngá»§; 60 m2, ngay táº¡i sá»‘ 110 Ä‘Æ°á»ng BÃ¹i Quang LÃ , phÆ°á»ng 12, quáº­n GÃ² Váº¥p. 
** GiÃ¡ Ä‘iá»‡n nÆ°á»›c theo quy Ä‘á»‹nh cá»§a thÃ nh phá»‘, giÃ¡ dá»‹ch vá»¥ Ä‘Æ°á»£c miá»ƒn 6 thÃ¡ng Ä‘áº§u. *** CÄƒn há»™ náº±m á»Ÿ táº§ng 3 Ä‘i thang mÃ¡y Ä‘á»i má»›i tá»‘c Ä‘á»™ cao.
** GiÃ¡ cho thuÃª 5.600.000 Ä‘á»“ng/thÃ¡ng. 
LiÃªn há»‡ 
091874****
Hiá»‡n sá»‘
 
ÄÃ£ sao chÃ©p
 
 - Anh Lam!",Cho ThuÃª,CÄƒn Há»™ Chung CÆ°,,,2,,,https://cloud.muaban.net/images/thumb-detail/2024/07/01/355/19d96c28d5df43f0877940df08d5b2a6.jpg,"[10.8366402, 106.6414548]",GÃ² Váº¥p,Há»“ ChÃ­ Minh,
"Cho thuÃª nhÃ  nguyÃªn cÄƒn 585/14B Äiá»‡n BiÃªn Phá»§, PhÆ°á»ng 25, BÃ¬nh Tháº¡nh",10.0,26,"585/14B, ÄÆ°á»ng Äiá»‡n BiÃªn Phá»§, PhÆ°á»ng 25, Quáº­n BÃ¬nh Tháº¡nh, TP.HCM","Cho thuÃª nhÃ  nguyÃªn cÄƒn sá»‘ 585/14B Äiá»‡n BiÃªn Phá»§, PhÆ°á»ng 25, Quáº­n BÃ¬nh Tháº¡nh
â€¢ Diá»‡n tÃ­ch 26m2
- HÆ°á»›ng ÄÃ´ng Nam, 1 trá»‡t, 2 láº§u, 2 phÃ²ng ngá»§, 3 toilet, nhÃ  ná»Ÿ háº­u L, ngang 4m dÃ i 6m. NhÃ  cÃ³ mÃ¡y nÆ°á»›c nÃ³ng láº¡nh. Háº»m nhÃ  2m cÃ¡ch háº»m xe hÆ¡i 10m , cÃ³ camera an ninh. Gáº§n káº¿ chá»£ vÃ  shopping Pearl Plaza. Gáº§n nhiá»u trÆ°á»ng Ä‘áº¡i há»c. Thuáº­n tiá»‡n cho gia Ä‘Ã¬nh á»Ÿ
- Cho thuÃª 10 triá»‡u/thÃ¡ng, cá»c 2 thÃ¡ng.
LiÃªn há»‡: 
090772****
Hiá»‡n sá»‘
 
ÄÃ£ sao chÃ©p
 
 Tháº£o, chá»§ nhÃ ",Cho ThuÃª,NhÃ  Trong NgÃµ,,2.0,2,3,,https://cloud.muaban.net/images/thumb-detail/2024/06/28/400/b35fd8ffa6fa440a9f360517405aa4a8.jpg,"[10.7979728, 106.7222616]",BÃ¬nh Tháº¡nh,Há»“ ChÃ­ Minh,
NhÃ  thuÃª khu Village Cao Cáº¥p - GiÃ¡ VIP - Q.TÃ¢n BÃ¬nh,5.0,18,"ÄÆ°á»ng CÃ¡ch Máº¡ng ThÃ¡ng 8, PhÆ°á»ng 7, Quáº­n TÃ¢n BÃ¬nh, TP.HCM","â™¡ HÃŒNH THáº¬T â™¡
- Diá»‡n tÃ­ch : 3.6 x 5
- Káº¿t cáº¥u : 1 trá»‡t + 1 láº§u + WC.
- GiÃ¡ thuÃª VIP : 5 triá»‡u/thÃ¡ng.
- Háº»m nhá»±a 6m, háº»m thÃ´ng.
- Náº±m ngay khu Village Cao Cáº¥p CÆ° XÃ¡ Tá»± Do.
- Gáº§n 2 Bá»‡nh Viá»‡n ( Thá»‘ng Nháº¥t, TÃ¢n BÃ¬nh ), 7 Hiá»n, CÃ¡ch Máº¡ng ThÃ¡ng 8...
- Ráº¥t phÃ¹ há»£p á»Ÿ, vÄƒn phÃ²ng nhá».....
- Tel : 
078556****
Hiá»‡n sá»‘
 
ÄÃ£ sao chÃ©p
 
 ( A.ChÃ¢u )",Cho ThuÃª,NhÃ  Trong NgÃµ,,,1,1,,https://cloud.muaban.net/images/thumb-detail/2024/06/29/045/ed0308ebca544b0bb14cfe823c8cc1d2.jpg,"[10.7899163, 106.6580767]",TÃ¢n BÃ¬nh,Há»“ ChÃ­ Minh,3.6
"Cho thuÃª xÆ°á»Ÿng máº·t tiá»n Ä‘Æ°á»ng ÄÃ¬nh Quá»›i An, P.Tháº¡nh XuÃ¢n, Q.12",11.0,150,"ÄÆ°á»ng ÄÃ¬nh Quá»›i An, PhÆ°á»ng Tháº¡nh XuÃ¢n, Quáº­n 12, TP.HCM","Cho thuÃª xÆ°á»Ÿng (lÃ m xÆ°á»Ÿng gá»—, xÆ°á»Ÿng may)
Vá»‹ trÃ­: máº·t tiá»n Ä‘Æ°á»ng ÄÃ¬nh Quá»›i An, PhÆ°á»ng Tháº¡nh XuÃ¢n, Quáº­n 12
Diá»‡n tÃ­ch sÃ n: 5x27m, diá»‡n tÃ­ch SD 150m2.
*** GiÃ¡ thuÃª: 11 triá»‡u/thÃ¡ng.
LiÃªn há»‡: 
090286****
Hiá»‡n sá»‘
 
ÄÃ£ sao chÃ©p",Cho ThuÃª,"NhÃ  XÆ°á»Ÿng, Máº·t Báº±ng, Kho BÃ£i",,,,,,https://cloud.muaban.net/images/thumb-detail/2024/05/27/409/01917b0d9db54b32b3938a3db3d2539f.jpg,"[10.82302, 106.62965]",12,Há»“ ChÃ­ Minh,
Cho thuÃª nhÃ  trá» giÃ¡ ráº» táº¡i quáº­n 7,1.7,15,"ÄÆ°á»ng LÃ½ Phá»¥c Man, PhÆ°á»ng BÃ¬nh Thuáº­n, Quáº­n 7, TP.HCM","Cho thuÃª nhÃ  trá» khu an ninh, gáº§n khu cháº¿ xuáº¥t, gáº§n chá»£. PhÃ²ng cÃ³ gÃ¡c lá»­ng, cÃ³ nhÃ  vá»‡ sinh riÃªng, khÃ´ng chung chá»§. GiÃ¡ Ä‘iá»‡n, giÃ¡ nÆ°á»›c theo giÃ¡ nhÃ  nÆ°á»›c.
GiÃ¡ thuÃª 1,7 - 2 triá»‡u/ thÃ¡ng.
Má»i thÃ´ng tin tin vui lÃ²ng liÃªn há»‡ chÃ­nh chá»§ - Anh VÅ© theo sá»‘ Ä‘t 
0907******
Hiá»‡n sá»‘
 
ÄÃ£ sao chÃ©p",Cho ThuÃª,,,,,,,https://cloud.muaban.net/images/thumb-detail/2023/05/17/169/500ac7a0f9334bb39d29238132a0fb75.jpg,"[10.82302, 106.62965]",7,Há»“ ChÃ­ Minh,
cho thuÃª phÃ²ng cÄƒn há»™ dá»‹ch vá»¥ 161A pháº¡m há»¯u láº§u,2.8,20,"161A, ÄÆ°á»ng Pháº¡m Há»¯u Láº§u, PhÆ°á»ng PhÃº Má»¹, Quáº­n 7, TP.HCM","cho thuÃª phÃ²ng trá» 161A pháº¡m há»¯u láº§u P PhÃº Má»¹ Q7 . phÃ²ng má»›i sáº¡ch sáº½ cÃ³ gÃ¡c cao Ä‘á»©ng khÃ´ng Ä‘á»¥ng Ä‘áº§u ,an ninh ,cÃ³ cá»­a sá»• , cÃ³ chá»— Ä‘á»ƒ xe ,giao thÃ´ng thuáº­n tiá»‡n ,gáº§n chá»£ phÆ°á»›c long ,wifi miá»…n phÃ­ . GÃ­a PhÃ²ng tá»« 2tr8-3tr . Ä‘iá»‡n thoáº¡i liÃªn há»‡ 
091883****
Hiá»‡n sá»‘
 
ÄÃ£ sao chÃ©p
 
 Gáº¡p HÃ ",Cho ThuÃª,,,,,,,https://cloud.muaban.net/images/thumb-detail/2024/04/14/116/869269c5bce946068ba6a49919241319.jpg,"[10.7040001, 106.7343856]",7,Há»“ ChÃ­ Minh,
"Cho thuÃª vÄƒn phÃ²ng Quáº­n 7, KCX TÃ¢n Thuáº­n - TP Há»“ ChÃ­ Minh",0.24,16.000,"ÄÆ°á»ng TÃ¢n Thuáº­n, PhÆ°á»ng TÃ¢n Thuáº­n ÄÃ´ng, Quáº­n 7, TP.HCM","Cho ThuÃª VÄƒn PhÃ²ng Quáº­n 7, KCX TÃ¢n Thuáº­n. Vá»‹ trÃ­ ToÃ  NhÃ  VÆ°á»n Æ¯Æ¡m Doanh Nghiá»‡p toáº¡ láº¡c trÃªn Ä‘Æ°á»ng TÃ¢n Thuáº­n Ä‘Æ°á»£c Ä‘áº§u tÆ° vÃ  phÃ¡t triá»ƒn bá»Ÿi Tan Thuan Corporation vá»›i hÆ¡n 32 nÄƒm kinh nghiá»‡m. Hiá»‡n Ä‘ang cÃ³ sáºµn Máº·t Báº±ng phÃ¹ há»£p vá»›i cÃ¡c cÃ´ng ty vá»«a vÃ  nhá» thuá»™c lÄ©nh vá»±c cÃ´ng nghá»‡ cao: nghiÃªn cá»©u sáº£n pháº©m, pháº§n má»m, thÆ°Æ¡ng máº¡i Ä‘iá»‡n tá»­, vÄƒn phÃ²ng cÃ´ng ty, â€¦. 
 
Diá»‡n tÃ­ch cho thuÃª linh hoáº¡t chá»‰ tá»« 70 mÂ². 
 
Vá»‹ trÃ­ Ä‘áº¯c Ä‘á»‹a: 
Â· Giao thÃ´ng thuáº­n lá»£i tá»›i cÃ¡c quáº­n trung tÃ¢m nhÆ° Quáº­n 1, 2, 4, 7 chá»‰ tá»« 5-15 phÃºt. 
Â· Gáº§n há»‡ thá»‘ng NgÃ¢n HÃ ng nhÆ° Vietcombank, Techcombank, Vietinbank, Agribank 
Â· LÃ¢n cáº­n trong bÃ¡n kÃ­nh 5km cÃ³ NhÃ  hÃ ng, trung tÃ¢m thÆ°Æ¡ng máº¡i siÃªu thá»‹ 
 
CÆ¡ sá»Ÿ háº¡ táº§ng Ä‘áº³ng cáº¥p:
- Kiáº¿n trÃºc hiá»‡n Ä‘áº¡i vá»›i káº¿t cáº¥u cháº¯c cháº¯n,
- Thiáº¿t káº¿ theo tiÃªu chuáº©n phÃ²ng sáº¡ch,
- Tá»‘i Æ°u hÃ³a diá»‡n tÃ­ch sá»­ dá»¥ng vá»›i Ã¡nh sÃ¡ng tá»± nhiÃªn tá»‘i Ä‘a,
- Báº£o dÆ°á»¡ng Ä‘á»‹nh ká»³,
- An toÃ n hÃ ng Ä‘áº§u,
- Há»‡ thá»‘ng PCCC hiá»‡n Ä‘áº¡i, tráº¡m PCCC,
- Chá»‘t báº£o vá»‡ vÃ  há»‡ thá»‘ng CCTV 24/7 Ä‘á»ƒ Ä‘áº£m báº£o an ninh nghiÃªm ngáº·t,
- MÃ´i trÆ°á»ng xanh vÃ  thÃ¢n thiá»‡n.
 
Äá»™i ngÅ© quáº£n lÃ½ cÃ³ kinh nghiá»‡m vÃ  chuyÃªn nghiá»‡p luÃ´n sáºµn sÃ ng há»— trá»£ vá» Ä‘áº§u tÆ° vÃ  thá»§ tá»¥c doanh nghiá»‡p Ä‘á»ƒ giÃºp báº¡n tiáº¿t kiá»‡m thá»i gian vÃ  chi phÃ­.
 
HÃ£y liÃªn há»‡ ngay hÃ´m nay táº¡i TTZ Ä‘á»ƒ nháº­n tÆ° váº¥n vÃ  bÃ¡o giÃ¡ tá»‘t nháº¥t.
 
>> KHU CHáº¾ XUáº¤T TÃ‚N THUáº¬N - VÆ°Æ¡n lÃªn táº§m cao má»›i <<
* Hotline: 
0901******
Hiá»‡n sá»‘
 
ÄÃ£ sao chÃ©p
 
 
* Äá»‹a chá»‰: Ä‘Æ°á»ng TÃ¢n Thuáº­n, Khu cháº¿ xuáº¥t TÃ¢n Thuáº­n, PhÆ°á»ng TÃ¢n Thuáº­n ÄÃ´ng, Quáº­n 7, TP. Há»“ ChÃ­ Minh, Viá»‡t Nam 
* Website: tanthuan.com.vn",Cho ThuÃª,"VÄƒn phÃ²ng, TTTM, Cá»­a hÃ ng, Kiot",,,,,,https://cloud.muaban.net/images/thumb-detail/2024/05/28/281/e5363a3dd9a446aa9db6e5befac10244.jpg,"[10.7619471, 106.7477962]",7,Há»“ ChÃ­ Minh,
CHO THUÃŠ Máº¶T Báº°NG Máº¶T TIá»€N PHAN XÃCH LONG 24m2,20.0,24,"273, ÄÆ°á»ng Phan XÃ­ch Long, PhÆ°á»ng 2, Quáº­n PhÃº Nhuáº­n, TP.HCM","CHO THUÃŠ Máº¶T Báº°NG Máº¶T TIá»€N PHAN XÃCH LONG PHÆ¯á»œNG 2 QUáº¬N PHÃš NHUáº¬N
ChÃ­nh chá»§ cho thuÃª máº·t báº±ng máº·t tiá»n Phan XÃ­ch Long ( Bobapop cÅ©, cáº¡nh bá»‡nh viá»‡n HoÃ n Má»¹ ) 
DT: 4mx6m ( 24m2 )
- CÃ³ chá»— Ä‘áº­u xe mÃ¡t máº».
- CÃ³ toilet riÃªng sáº¡ch sáº½ tiá»‡n nghi.
- CÃ³ lá»‘i Ä‘i riÃªng tÃ¡ch biá»‡t vá»›i gia chá»§.
- Äá»‘i diá»‡n lÃ  Anh VÄƒn Há»™i Viá»‡t Má»¹.
- BÃªn pháº£i lÃ  trÆ°á»ng Cao Äáº³ng Kinh Táº¿ Äá»‘i Ngoáº¡i CN2.
- PhÃ­a sau lÃ  bá»‡nh viá»‡n HoÃ n Má»¹ SÃ i GÃ²n.
- Gáº§n cÃ¢y xÄƒng, nhÃ  thi Ä‘áº¥u Ráº¡ch Miá»…u vÃ  siÃªu thá»‹ Ráº¡ch Miá»…u.
ğŸ’° GiÃ¡ 20tr/thÃ¡ng ( miá»…n thÆ°Æ¡ng lÆ°á»£ng, miá»…n trung gian ), cá»c 2 thÃ¡ng 
LiÃªn há»‡: 
090705****
Hiá»‡n sá»‘
 
ÄÃ£ sao chÃ©p
 
 ( gáº·p chá»‹ HÃ  )",Cho ThuÃª,"VÄƒn phÃ²ng, TTTM, Cá»­a hÃ ng, Kiot",,,,,,https://cloud.muaban.net/images/thumb-detail/2024/04/21/228/fb95a6e82fb548639634df5ee6a7bdee.jpg,"[10.79475, 106.6763]",PhÃº Nhuáº­n,Há»“ ChÃ­ Minh,
"Cho thuÃª nhÃ  ngÃµ 401 Ä‘Æ°á»ng XuÃ¢n Äá»‰nh, quáº­n Báº¯c Tá»« LiÃªm, HÃ  Ná»™i",15.0,55,"ÄÆ°á»ng XuÃ¢n Äá»‰nh, PhÆ°á»ng XuÃ¢n Äá»‰nh, Quáº­n Báº¯c Tá»« LiÃªm, HÃ  Ná»™i","Cho thuÃª nhÃ  sá»‘ 11 ngÃ¡ch 47 ngÃµ 401 Ä‘Æ°á»ng XuÃ¢n Äá»‰nh, phÆ°á»ng XuÃ¢n Äá»‰nh, quáº­n Báº¯c Tá»« LiÃªm, HÃ  Ná»™i, diá»‡n tÃ­ch 55m2x 3 táº§ng 1 tum cÃ³ sÃ¢n thÆ°á»£ng, má»—i táº§ng 2 phÃ²ng, 4 phÃ²ng ngá»§, 3 vá»‡ sinh, báº¿p, phÃ²ng khÃ¡ch, sÃ¢n phÆ¡i, ngÃ¡ch rá»™ng xe ba gÃ¡c vÃ o, giÃ¡ 15 triá»‡u cÃ³ thÆ°Æ¡ng lÆ°á»£ng. LiÃªn há»‡ chÃ­nh chá»§: 
091272****
Hiá»‡n sá»‘
 
ÄÃ£ sao chÃ©p",Cho ThuÃª,NhÃ  Trong NgÃµ,,4.0,,,,https://cloud.muaban.net/images/thumb-detail/2024/07/01/433/2c0b84107af0432fa77ad4d3900eea31.jpg,"[21.0712801, 105.7992522]",Báº¯c Tá»« LiÃªm,HÃ  Ná»™i,
"NhÃ  chÃ­nh chá»§ cho thuÃª , cÃ³ thÆ°Æ¡ng lÆ°á»£ng vá»›i khÃ¡ch thiá»‡n chÃ­ thuÃª",35.0,50,"18, ÄÆ°á»ng Phá»‘ Vá»ng, PhÆ°á»ng PhÆ°Æ¡ng Mai, Quáº­n Äá»‘ng Äa, HÃ  Ná»™i","Vá»‹ trÃ­ Ä‘áº¯c Ä‘á»‹a giáº£i thÃ´ng thuáº­n lá»£i tiá»‡n cho viá»‡c lÃ m cá»­a hÃ ng, siÃªu thá»‹ mini, lÃ m vÄƒn phÃ²ngâ€¦vv. SÄT LH 
081829****
Hiá»‡n sá»‘
 
ÄÃ£ sao chÃ©p",Cho ThuÃª,NhÃ  Máº·t Phá»‘,,8.0,5,5,ÄÃ´ng Nam,https://cloud.muaban.net/images/thumb-detail/2024/06/29/090/03917f5d965f4957bae284c04a9ebbfc.jpg,"[21.01348, 105.82679]",Äá»‘ng Äa,HÃ  Ná»™i,6.2
"Cho thuÃª táº§ng 1 nhÃ  phá»‘ LÃ½ Nam Äáº¿, HoÃ n Kiáº¿m, 35m2, máº·t tiá»n gáº§n 6m",10.0,35,"ÄÆ°á»ng LÃ½ Nam Äáº¿, Quáº­n HoÃ n Kiáº¿m, HÃ  Ná»™i","Cho thuÃª táº§ng 1 nhÃ  phá»‘ LÃ½ Nam Äáº¿ quáº­n HoÃ n Kiáº¿m. 
Diá»‡n tÃ­ch 35m2, 2 phÃ²ng, máº·t tiá»n gáº§n 6m. CÃ³ vá»‡ sinh, Ä‘iá»u hoÃ , ngÃµ rá»™ng Ä‘á»— Ä‘Æ°á»£c Ã´ tÃ´, riÃªng biá»‡t Ä‘á»™c láº­p.
Cho thuÃª lÃ m vÄƒn phÃ²ng, cá»­a hÃ ng, phÃ²ng há»c, kho.... (khÃ´ng á»Ÿ láº¡i)
GiÃ¡ 10 triá»‡u/thÃ¡ng cÃ³ thÆ°Æ¡ng lÆ°á»£ng
Äá»‹a chá»‰: NhÃ  14 ngÃµ 38-40 phá»‘ LÃ½ Nam Äáº¿ (ngÃµ to cÃ¡ch Ä‘Æ°á»ng ~ 10m)
LH: 
036287****
Hiá»‡n sá»‘
 
ÄÃ£ sao chÃ©p",Cho ThuÃª,"VÄƒn phÃ²ng, TTTM, Cá»­a hÃ ng, Kiot",,,,,,https://cloud.muaban.net/images/thumb-detail/2024/06/14/312/be7535f5ab88434dad1d7b09210e5737.jpg,"[21.02813, 105.85358]",HoÃ n Kiáº¿m,HÃ  Ná»™i,
Cho thuÃª nhÃ  khu HÃ  DÃ´ Ä‘Æ°á»ng 3/2 lÃ m vÄƒn phÃ²ng,60.0,240,"Quáº­n 10, TP.HCM","Diá»‡n tÃ­ch nhÃ  5,5x11m khu an ninh, cao cáº¥p, phÃ¹ há»£p lÃ m vÄƒn phÃ²ng, showroom,... gá»“m 1 trá»‡t thÃ´ng suá»‘t + 3 láº§u (má»—i láº§u 2 phÃ²ng) trang bá»‹ Ä‘Ã¨n, mÃ¡y láº¡nh. Thá»i gian thuÃª lÃ¢u dÃ i tá»« 3 nÄƒm trá»Ÿ lÃªn. LiÃªn há»‡ chá»§ nhÃ : anh Linh - 
090395****
Hiá»‡n sá»‘
 
ÄÃ£ sao chÃ©p",Cho ThuÃª,"VÄƒn phÃ²ng, TTTM, Cá»­a hÃ ng, Kiot",,,,,,https://cloud.muaban.net/images/thumb-detail/2024/05/23/512/30686059c05b4cfb814649e0a139171d.jpg,"[10.772732, 106.6683666]",10,Há»“ ChÃ­ Minh,
"Cho ThuÃª 2 Máº·t Báº±ng Kinh doanh GiÃ¡ SiÃªu Ráº», ChÃ­nh Chá»§.",0.1,8.000,"ÄÆ°á»ng Long BiÃªn, Quáº­n Long BiÃªn, HÃ  Ná»™i","Nhá» Anh Em Cho ThuÃª 2 Sáº£n Pháº©m
Sá»‘ 1:
Cho ThuÃª GÃ³c NgÃ£ TÆ° Phá»‘ TrÃ ng Thi giao Phá»‘ Triá»‡u Quá»‘c Ä‘áº¡t
Äá»‹a chá»‰ :sá»‘ 16 Triá»‡u Quá»‘c Äáº¡t, HÃ ng BÃ´ng , HoÃ n Kiáº¿m, HÃ  Ná»™i
Ngang 7.5mx 5.5 m. Diá»‡n tÃ­ch Táº§ng 1 lÃ  45 m2,diá»‡n tÃ­ch Táº§ng 2 lÃ  360m2.
CÃ³ lá»‘i Ä‘i riÃªng vÃ  Ä‘i chung.
GiÃ¡ cho thuÃª 170tr/thÃ¡ng.
LiÃªn há»‡ ChÃ­nh Chá»§ : 
094555****
Hiá»‡n sá»‘
 
ÄÃ£ sao chÃ©p
 
 Hoa há»“ng cho mÃ´i giá»›i Â½ thÃ¡ng.
Sá»‘ 2: 
NhÃ  kho táº¡i Cáº§u Long BiÃªn, Cá»± Khá»‘, Long BiÃªn, HÃ  Ná»™i.
Diá»‡n TÃ­ch KhuÃ´n viÃªn lÃ  8.200M2 
Diá»‡n TÃ­ch xÃ¢y dá»±ng lÃ  8.000M2 sÃ n. 1 háº§m + 2 Táº§ng
Há»‡ thá»‘ng pccc hiá»‡n Ä‘áº¡i.
Máº·t tiá»n Ä‘Æ°á»ng 50m.
ThÃ­ch há»£p lÃ m garaoto. TrÆ°á»ng há»câ€¦.
GiÃ¡ cho thuÃª 70k/1m2
https://maps.app.goo.gl/7SKm3X8e4smPww5P6
LiÃªn Há»‡ ChÃ­nh Chá»§ : Mr Vinh 
094555****
Hiá»‡n sá»‘
 
ÄÃ£ sao chÃ©p
 
 
Hoa há»“ng cho mÃ´i giá»›i Â½ thÃ¡ng.
HÃ¬nh áº£nh Minh Há»a, vui lÃ²ng káº¿t báº¡n zalo nháº­n hÃ¬nh áº£nh vÃ  Ä‘á»‹a chá»‰",Cho ThuÃª,"VÄƒn phÃ²ng, TTTM, Cá»­a hÃ ng, Kiot",,,,,,https://cloud.muaban.net/images/thumb-detail/2024/06/29/571/0b6367b582eb49d18b24a84ee0b7ab7f.jpg,"[21.0398178, 105.8654182]",Long BiÃªn,HÃ  Ná»™i,
"ChÃ­nh chá»§ cho thuÃª phÃ²ng XÃ´ Viáº¿t Nghá»‡ TÄ©nh, P.25, BÃ¬nh Tháº¡nh, giÃ¡ ráº»",2.5,20,"432/14/53, ÄÆ°á»ng XÃ´ Viáº¿t Nghá»‡ TÄ©nh, PhÆ°á»ng 25, Quáº­n BÃ¬nh Tháº¡nh, TP.HCM","Cho ná»¯ thuÃª phÃ²ng 2,5 triá»‡u 
- CÃ³ nguyÃªn táº§ng trá»‡t 4,5 triá»‡u, nguyÃªn táº§ng láº§u 4 triá»‡u
- Táº¥t cáº£ cÃ³ báº¿p riÃªng, WC riÃªng, lá»‘i Ä‘i riÃªng, cÃ³ wifi, chá»— Ä‘á»ƒ xe
Äá»‹a chá»‰ 432/14/53 XÃ´ Viáº¿t Nghá»‡ TÄ©nh, phÆ°á»ng 25, quáº­n BÃ¬nh Tháº¡nh, gáº§n D5 Äáº¡i há»c Ngoáº¡i ThÆ°Æ¡ng.
Tel. 
033231****
Hiá»‡n sá»‘
 
ÄÃ£ sao chÃ©p
 
 - cÃ´ Nhung",Cho ThuÃª,,,,,,,https://cloud.muaban.net/images/thumb-detail/2024/06/28/312/6a1a74cf6b70446480d0d4a8f071c968.jpg,"[10.8051, 106.71717]",BÃ¬nh Tháº¡nh,Há»“ ChÃ­ Minh,
"Cho thuÃª cÄƒn há»™ máº·t tiá»n cc xÃ¢y má»›i 100%, 2 pn, báº¿p, 1wc, giÃ¡ 9 tr",9.0,50,"ÄÆ°á»ng Nguyá»…n TrÃ£i, PhÆ°á»ng NhÃ¢n ChÃ­nh, Quáº­n Thanh XuÃ¢n, HÃ  Ná»™i","Cho thuÃª cÄƒn há»™ máº·t tiá»n cc xÃ¢y má»›i 100%, 2 phÃ²ng ngá»§, 1 báº¿p, 1 vá»‡ sinh, 50m, bÃ n gháº¿ sofa, cÃ³ Ä‘iá»u hoÃ , giÆ°á»ng, tá»§, báº¿p, mÃ¡y giáº·t, tá»§ láº¡nh, thoÃ¡t hiá»ƒm, vá»‹ trÃ­ trung tÃ¢m, chá»£, trÆ°á»ng há»c, ngÃµ Ã´ tÃ´, gáº§n Ä‘Æ°á»ng Nguyá»…n TrÃ£i, ngÃ£ TÆ° Sá»Ÿ, lÃ¡ng, TÃ¢y SÆ¡n. 
GiÃ¡ 9 triá»‡u/thÃ¡ng.
Äiá»‡n thoáº¡i chÃ­nh chá»§ 
091330****
Hiá»‡n sá»‘
 
ÄÃ£ sao chÃ©p
 
 
Xem nhÃ  trá»±c tiáº¿p, miá»…n mÃ´i giá»›i.",Cho ThuÃª,CÄƒn Há»™ Chung CÆ°,,,2,1,,https://cloud.muaban.net/images/thumb-detail/2024/04/17/389/dcb931983de543b79da1dd9413c77bb3.jpg,"[20.16667, 106.33333]",Thanh XuÃ¢n,HÃ  Ná»™i,
"Cho thuÃª nhÃ  HXH 6m 262 Nguyá»…n Tiá»ƒu La, P8, Q10. DT 3.5x16m, lá»­ng, 2L",28.0,58,"ÄÆ°á»ng Nguyá»…n Tiá»ƒu La, PhÆ°á»ng 8, Quáº­n 10, TP.HCM","Cho thuÃª nhÃ  HXH 6m 262 Nguyá»…n Tiá»ƒu La, P8, Q10. 
- Ngang 3,5x 16. NhÃ  1 trá»‡t, 1 lá»­ng, 2 láº§u. 
- Khu dÃ¢n trÃ­ cao, an ninh, yÃªn tÄ©nh, gáº§n chá»£, gáº§n Ä‘Æ°á»ng Nguyá»…n Tri PhÆ°Æ¡ng. NhÃ  má»›i Ä‘áº¹p, phÃ¹ há»£p kinh doanh Spa, VÄƒn phÃ²ng.
- GiÃ¡ 28 triá»‡u/thÃ¡ng. 
LH: 
093899****
Hiá»‡n sá»‘
 
ÄÃ£ sao chÃ©p
 
 gáº·p Thy (MTB )",Cho ThuÃª,NhÃ  Trong NgÃµ,,3.0,,,,https://cloud.muaban.net/images/thumb-detail/2024/07/01/252/30e3fe0f53724477a69a0a27f8225358.jpg,"[10.7666817, 106.6656536]",10,Há»“ ChÃ­ Minh,3.5
"Kho xÆ°á»Ÿng cho thuÃª 25x20=500m2 + 150m2 sÃ¢n, Äáº·ng ThÃ¹y TrÃ¢m, BT, 55tr",55.0,650,"ÄÆ°á»ng Äáº·ng ThÃ¹y TrÃ¢m, PhÆ°á»ng 13, Quáº­n BÃ¬nh Tháº¡nh, TP.HCM","Kho xÆ°á»Ÿng cho thuÃª 25x20=500m2 + 150m2 sÃ¢n, ná»n xÆ°á»Ÿng bÃª tÃ´ng cao rÃ¡o, sáº¡ch sáº½, khÃ´ng ngáº­p nÆ°á»›c, cÃ³ cá»­a háº­u thoÃ¡ng giÃ³ vÃ  náº¯ng, Ä‘iá»‡n 3 pha, Ä‘Æ°á»ng Äáº·ng ThÃ¹y TrÃ¢m, PhÆ°á»ng 13, Quáº­n BÃ¬nh Tháº¡nh.
- GiÃ¡ thuÃª 55 triá»‡u/thÃ¡ng.
Xin liÃªn há»‡: 
094194****
Hiá»‡n sá»‘
 
ÄÃ£ sao chÃ©p",Cho ThuÃª,"NhÃ  XÆ°á»Ÿng, Máº·t Báº±ng, Kho BÃ£i",,,,,,https://cloud.muaban.net/images/thumb-detail/2024/06/25/188/654e1fc5c2074c86abb5776358641c93.jpg,"[10.824318, 106.7033906]",BÃ¬nh Tháº¡nh,Há»“ ChÃ­ Minh,
"Cho thuÃª nhÃ  khu dÃ¢n cÆ° Vsip Thuáº­n An BÃ¬nh DÆ°Æ¡ng, 72m2, 1 láº§u, 4,5tr",4.5,72,"ÄÆ°á»ng D18, PhÆ°á»ng An PhÃº, ThÃ nh phá»‘ Thuáº­n An, BÃ¬nh DÆ°Æ¡ng","Cho thuÃª nhÃ  23 DC4, khu dÃ¢n cÆ° Vsip Thuáº­n An, BÃ¬nh DÆ°Æ¡ng
* Diá»‡n tÃ­ch sá»­ dá»¥ng 72m2 Ngang 4m, dÃ i 9m, 1 trá»‡t, 1 láº§u, gá»“m 2 phÃ²ng ngá»§
* GiÃ¡ 4,5 triá»‡u/thÃ¡ng
LiÃªn há»‡: 
035302****
Hiá»‡n sá»‘
 
ÄÃ£ sao chÃ©p",Cho ThuÃª,NhÃ  Máº·t Phá»‘,,,,,,https://cloud.muaban.net/images/thumb-detail/2024/06/09/349/7a9af7ae15d446f1815307fa6ab5d732.jpg,"[10.9449628, 106.7322106]",Thuáº­n An,BÃ¬nh DÆ°Æ¡ng,4.0
"Äá»™c Quyá»n Cho ThuÃª ToÃ  NhÃ  MT 559-561 Tráº§n HÆ°ng Äáº¡o, Quáº­n 1",399.0,120,"559-561, ÄÆ°á»ng Tráº§n HÆ°ng Äáº¡o, PhÆ°á»ng Cáº§u Kho, Quáº­n 1, TP.HCM","Q. Äá»™c Quyá»n Cho ThuÃª ToÃ  NhÃ  MT 559-561 Tráº§n HÆ°ng Äáº¡o, Quáº­n 1
-NhÃ  náº±m vá»‹ trÃ­ Ä‘áº¯t Ä‘á»‹a trung tÃ¢m Quáº­n 1 gáº§n giao lá»™ Nguyá»…n VÄƒn Cá»«
-Káº¿t cáº¥u: 8x15m, 1 háº§m, 1 trá»‡t, 7 láº§u, thang mÃ¡y
-PCCC, láº¯p kÃ­nh cao cáº¥p, há»‡ thá»‘ng láº¡nh, mÃ¡y phÃ¡t Ä‘iá»‡n...
-GiÃ¡ thuÃª: 3xx/thÃ¡ng
-Äáº·t cá»c, thanh toÃ¡n: thoáº£ thuáº­n.
-Thá»i háº¡n thuÃª: 5 - 10 nÄƒm
-BÃ n giao: nháº­n nhÃ  ngay
-LÃ m viá»‡c chÃ­nh chá»§, hoa há»“ng mÃ´i giá»›i
LiÃªn há»‡: 
091686****
Hiá»‡n sá»‘
 
ÄÃ£ sao chÃ©p
 
 - Quang Nguyá»…n.",Cho ThuÃª,NhÃ  Máº·t Phá»‘,,8.0,,7,,https://cloud.muaban.net/images/thumb-detail/2024/06/30/355/3fac57d2b0444507a984cc57bec7bd54.jpg,"[10.7574245, 106.6862505]",1,Há»“ ChÃ­ Minh,8.0
CHO THUÃŠ NHÃ€ XÆ¯á»NG 2.200m2 - Máº¶T TIá»€N QUá»C Lá»˜ N2,50.0,2.200,"ÄÆ°á»ng Quá»‘c Lá»™ N2, XÃ£ Tháº¡nh Lá»£i, Huyá»‡n Báº¿n Lá»©c, Long An","*CHO THUÃŠ NHÃ€ XÆ¯á»NG 2.200mÂ² - Máº¶T TIá»€N QUá»C Lá»˜ N2
* Diá»‡n tÃ­ch khuÃ´n viÃªn: Máº·t tiá»n ngang 37m x dÃ i 60m.
* Diá»‡n tÃ­ch nhÃ  xÆ°á»Ÿng: Máº·t tiá»n ngang 22m x dÃ i 40m x cao 11m.
* Tiá»‡n Ã­ch cÃ³ sáºµn: Sau Ä‘áº¥t cÃ³ kÃªnh ghe 80 táº¥n vÃ o Ä‘Æ°á»£c, nhÃ  xÆ°á»Ÿng má»›i xÃ¢y dá»±ng, cÃ³ phÃ²ng bÃ¡n hÃ ng, nhÃ  á»Ÿ cho nhÃ¢n viÃªn, ná»n chá»‹u lá»±c, cÃ³ bÃ¬nh Ä‘iá»‡n 3 pha (160kwa), 2 cáº©u Palang 7.5 táº¥n, sÃ¢n bÃ£i rá»™ng, xe container ra vÃ o thoáº£i mÃ¡i.
* ThÃ­ch há»£p lÃ m kho chá»©a hÃ ng hoÃ¡, nhÃ  xÆ°á»Ÿng sáº£n xuáº¥t,...
* Giao thÃ´ng thuáº­n tiá»‡n, máº·t tiá»n Ä‘Æ°á»ng Quá»‘c Lá»™ N2, giÃ¡p ranh TP. HCM vÃ  nhiá»u khu cÃ´ng nghiá»‡p. Äoáº¡n Ä‘Æ°á»ng kinh doanh buÃ´n bÃ¡n tá»‘t, thuá»™c hÆ°á»›ng chÃ­nh tá»« Long An Ä‘i cÃ¡c tá»‰nh Miá»n TÃ¢y vá»›i lÆ°u lÆ°á»£ng xe Ä‘Ã´ng Ä‘Ãºc.
* Há»£p Ä‘á»“ng cho thuÃª chÃ­nh chá»§, dÃ i háº¡n, giáº¥y tá» phÃ¡p lÃ½ Ä‘áº§y Ä‘á»§.
* GiÃ¡ cho thuÃª nhÃ  xÆ°á»Ÿng trá»‘ng: 50 triá»‡u / thÃ¡ng ( náº¿u dÃ¹ng cáº©u Palang thá»a thuáº­n thÃªm chi phÃ­ thuÃª cáº©u ).
* Äáº·t cá»c: 2 thÃ¡ng tiá»n thuÃª, thanh toÃ¡n tiá»n thuÃª: VÃ o Ä‘áº§u má»—i thÃ¡ng.
* LiÃªn há»‡ chÃ­nh chá»§ Ä‘á»ƒ xem: Ms. Diá»‡u 0936 88 66 46",Cho ThuÃª,"VÄƒn phÃ²ng, TTTM, Cá»­a hÃ ng, Kiot",,,,,,https://cloud.muaban.net/images/thumb-detail/2023/09/14/026/3ee3a947d8f94c719734fe65232a1e17.jpg,"[10.68858, 106.45484]",Báº¿n Lá»©c,Long An,
"Cho thuÃª TÃ²a NHÃ  559-561 Tráº§n HÆ°ng Äáº¡o , Q.1",390.0,120,"559-561, ÄÆ°á»ng Tráº§n HÆ°ng Äáº¡o, PhÆ°á»ng Cáº§u Kho, Quáº­n 1, TP.HCM","- 8*15 , Háº§m , trá»‡t, 7 láº§u 
- TÃ²a nhÃ  cÃ³ Ä‘á»§ cÃ´ng nÄƒng : PCCC , há»‡ thá»‘ng láº¡nh Ã¢m , mÃ¡y phÃ¡t Ä‘iá»‡n ,.....
- Má»›i , Ä‘áº¹p , sang , sÃ¡ng sá»§a vÃ  tiá»‡n nghi thuáº­n tiá»‡n
- Ráº¥t phÃ¹ há»£p lÃ m spa , Vp Cty , showroom , ......",Cho ThuÃª,NhÃ  Máº·t Phá»‘,,9.0,6,10,,https://cloud.muaban.net/images/thumb-detail/2024/07/01/489/1a15746c22a3455c97d89ae0f1a40de1.jpg,"[10.7574245, 106.6862505]",1,Há»“ ChÃ­ Minh,8.0
"CÃ³ 3 táº§ng cho thuÃª táº¡i 612 La ThÃ nh, Giáº£ng VÃµ, Ba ÄÃ¬nh, HÃ  Ná»™i",0.123456,32,"ÄÆ°á»ng La ThÃ nh, PhÆ°á»ng Giáº£ng VÃµ, Quáº­n Ba ÄÃ¬nh, HÃ  Ná»™i","CÃ³ 3 táº§ng cho thuÃª, diá»‡n tÃ­ch má»—i táº§ng 32m2, Ä‘áº§y Ä‘á»§ phÆ°Æ¡ng tiá»‡n
Äá»‹a chá»‰: 612 La ThÃ nh, Giáº£ng VÃµ (Ä‘Æ°á»ng vÃ o lÃ ng Giáº£ng VÃµ)
GiÃ¡ thoáº£ thuáº­n
LiÃªn há»‡ chá»§ nhÃ : 
091233****
Hiá»‡n sá»‘
 
ÄÃ£ sao chÃ©p",Cho ThuÃª,NhÃ  Trong NgÃµ,,,,,,https://cloud.muaban.net/images/thumb-detail/2024/06/27/348/7e7e352d9e41484fb9eb55447f77f993.jpg,"[21.0240513, 105.8153036]",Ba ÄÃ¬nh,HÃ  Ná»™i,
"Cho thuÃª Kho xÆ°á»Ÿng 956m2, ÄÆ°á»ng Sá»‘ 10, P.BHH B, BÃ¬nh TÃ¢n",65.0,956,"ÄÆ°á»ng sá»‘ 10, PhÆ°á»ng BÃ¬nh HÆ°ng HÃ²a B, Quáº­n BÃ¬nh TÃ¢n, TP.HCM","Cho thuÃª Kho xÆ°á»Ÿng rá»™ng thoÃ¡ng mÃ¡t.
Diá»‡n tÃ­ch: 16m x 36m, trong Ä‘Ã³ XD: 12m x 18m, Ä‘Ãºc 1 táº¥m, tá»•ng DTSD: 956m2. 
Vá»‹ trÃ­ ngÃ£ 3 TÃ¢n Ká»³ TÃ¢n QuÃ½ - Quá»‘c Lá»™ 1A, lá»‘i Ä‘Æ°á»ng LiÃªn Khu 5-6 vÃ o ~500m. KDC Ä‘Ã´ng, gáº§n chá»£, trÆ°á»ng... KhÃ´ng ngáº­p nÆ°á»›c. 
Tiá»‡n lÃ m kho hÃ ng, may máº·c, SX cÆ¡ khÃ­, má»™c... cÃ¡c nghá» SX khÃ¡c... 
Äiá»‡n 3fa - 1fa, ÄH nÆ°á»›c chÃ­nh. 
Cho thuÃª dÃ i háº¡n 3-5nÄƒm. GiÃ¡ thuÃª: 65 triá»‡u/thÃ¡ng, cÃ³ TL. 
Äá»‹a chá»‰: 67/13 ÄÆ°á»ng Sá»‘ 10, KP7, P.BÃ¬nh HÆ°ng HÃ²a B, Quáº­n BÃ¬nh TÃ¢n.
LiÃªn há»‡: 
091692****
Hiá»‡n sá»‘
 
ÄÃ£ sao chÃ©p
 
 - Anh KiÃªm",Cho ThuÃª,"NhÃ  XÆ°á»Ÿng, Máº·t Báº±ng, Kho BÃ£i",,,,,,https://cloud.muaban.net/images/thumb-detail/2024/06/19/090/6dc7759230cf4e77b9c2bb5c1b4da151.jpg,"[10.8061052, 106.5936972]",BÃ¬nh TÃ¢n,Há»“ ChÃ­ Minh,
"Cho thuÃª Máº·t tiá»n Ä‘Æ°á»ng Hoa PhÆ°á»£ng, phÆ°á»ng 2, Quáº­n PhÃº Nhuáº­n",12.0,50,"ÄÆ°á»ng Hoa PhÆ°á»£ng, PhÆ°á»ng 2, Quáº­n PhÃº Nhuáº­n, TP.HCM","Máº·t tiá»n kinh doanh Ä‘a ngÃ nh nghá», vá»‰a hÃ¨ rá»™ng gáº§n phá»‘ áº©m thá»±c kinh doanh buÃ´n bÃ¡n sáº§m uáº¥t, cÃ³ thá»ƒ lÃ m vÄƒn phÃ²ng Ä‘áº¡i diá»‡n trÆ°ng bÃ y sáº£n pháº©m cÃ³ thá»ƒ thuÃª thÃªm phÃ­a sau lÃ m kho hoáº·c trÃªn láº§u lÃ m phÃ²ng lÃ m viá»‡c, liÃªn há»‡ mÃ¬nh xem nhÃ  nhÃ©",Cho ThuÃª,"VÄƒn phÃ²ng, TTTM, Cá»­a hÃ ng, Kiot",,,,,,https://cloud.muaban.net/images/thumb-detail/2024/06/11/000/021ec96987754f6a85446e6f9b098131.jpg,"[10.7974409, 106.6891284]",PhÃº Nhuáº­n,Há»“ ChÃ­ Minh,
