title,price,area,type,address,description,law,type_estate,province,district,bedroom,toilet,floor,direction,width,image_links,geo_code
ChÃ­nh chá»§ cho thuÃª cáº£ nhÃ  táº¡i 135 khÃ¢m thiÃªn Ä‘á»‘ng Ä‘a kinh doanh Ä‘Æ°á»£c,Thá»a thuáº­n,55,Cho ThuÃª,"PhÆ°á»ng KhÃ¢m ThiÃªn, Quáº­n Äá»‘ng Äa, HÃ  Ná»™i","ChÃ­nh chá»§ cho thuÃª cáº£ nhÃ  táº¡i 135 KhÃ¢m ThiÃªn, Äá»‘ng Äa Máº·t báº±ng 55m2, máº·t tiá»n 4.1m, vá»‰a hÃ¨ rá»™ng 4m Vá»‹ trÃ­ Ä‘áº¯c Ä‘á»‹a, nhÃ  má»›i xÃ¢y 6 táº§ng ná»•i, 1 táº§ng háº§m, cÃ³ thang mÃ¡y NhÃ  xÃ¢y thÃ´ng sÃ n, cáº§u thang cuá»‘i nhÃ , Ä‘iá»u hÃ²a Ã¢m tráº§n Daikin Ráº¥t phÃ¹ há»£p lÃ m vÄƒn phÃ²ng, phÃ²ng khÃ¡m, ngÃ¢n hÃ ng, spa GÃ­a thuÃª : ThÆ°Æ¡ng lÆ°á»£ng LiÃªn há»‡ chÃ­n chá»§ A Minh: 0963576662 0963576662 Chat Quan tÃ¢m LÆ°u tin",,NhÃ  máº·t phá»‘,HÃ  Ná»™i,Äá»‘ng Äa,,,,,,https://nhadat24h.net//Upload/User/DangTin/2023/Images/521495/fa8909b5-3172-4c5b-a94e-5c579a5ae99a.jpg,"[21.0192241, 105.8390581]"
CÄƒn há»™ dá»‹ch vá»¥ giÃ¡ tá»‘t nháº¥t q12 view Ä‘áº¹p gáº§n ngay cÃ´ngviÃªn pháº§nmá»m quang trung,6.5,25,Cho ThuÃª,"PhÆ°á»ng TÃ¢n ChÃ¡nh Hiá»‡p, Quáº­n 12, Há»“ ChÃ­ Minh","XÃ¡c thá»±c chÃ­nh chá»§ âœ¨ CÄƒn Há»™ Dá»‹ch Vá»¥ GiÃ¡ Tá»‘t nháº¥t Q12- View Äáº¹p â€“ Gáº§n ngay CÃ´ng ViÃªn Pháº§n Má»m Quang Trung ğŸ”¥ CÄ‚N Há»˜ Dá»ŠCH Vá»¤ Ngay cáº¡nh Bá»‡nh Viá»‡n Quáº­n 12 - Cáº§u VÆ°á»£t Quang Trung â€“ Cao Äáº³ng FPT - Cao Äáº³ng Viá»…n ÄÃ´ng- CÃ´ng ViÃªn Pháº§n Má»m Quang Trung ğŸ  Vá»‹ TrÃ­ Äáº¯c Äá»‹a: NGAY Máº¶T TIá»€N ÄÆ¯á»œNG TRáº¦N THá»Š NÄ‚M - GiÃ¡ 6.5 - 12 triá»‡u/thÃ¡ng _____________________________ ğŸ˜ Trong vÃ²ng bÃ¡n kÃ­nh 500m Ä‘áº§y Ä‘á»§ tiá»‡n Ã­ch: Gáº§n trÆ°á»ng máº§m non, trÆ°á»ng ngoáº¡i ngá»¯ Ã‚u Má»¹, phÃ²ng Gym, sÃ¢n cáº§u lÃ´ng, sÃ¢n bÃ³ng Ä‘Ã¡, bÃ¡ch hÃ³a xanh, tháº¿ giá»›i di Ä‘á»™ng ğŸ˜ Dá»… dÃ ng di chuyá»ƒn Ä‘i cÃ¡c quáº­n trung tÃ¢m, vÃ o GÃ² Váº¥p,â€¦ ______________________________ ğŸ”¥ CÃ³ thang mÃ¡y, camera an ninh, báº£o vá»‡ 24/24, háº§m xe rá»™ng rÃ£i ğŸ”¥ Thiáº¿t Káº¿ KÃ­nh lá»›n sang trá»ng, hiá»‡n Ä‘áº¡i; cá»­a sá»• View toÃ n cáº£nh ğŸ”¥ CÃ³ tivi, rÃ¨m, tá»§ láº¡nh, mÃ¡y láº¡nh, giÆ°á»ng, tá»§ quáº§n Ã¡o ğŸ”¥ Há»‡ thá»‘ng báº¿p hiá»‡n Ä‘áº¡i, Ä‘áº§y Ä‘á»§ Ä‘á»“ dÃ¹ng báº¿p ğŸ”¥ SÃ¢n thÆ°á»£ng cÃ³ mÃ¡y giáº·t vÃ  khu phÆ¡i Ä‘á»“ ğŸ”¥ CÃ³ Thang MÃ¡y Thuáº­n tiá»‡n di chuyá»ƒn.. ğŸ”¥ Thiáº¿t káº¿ Ä‘áº·c biá»‡t vá»›i 3 bá»™ bÃ n gháº¿ sang trá»ng dÃ nh cho: sofa phÃ²ng khÃ¡ch, bá»™ bÃ n Äƒn cÃ³ báº¿p tá»«, sofa phÃ²ng ngá»§ ğŸ”¥ CÃ³ dá»‹ch vá»¥ dá»n phÃ²ng ğŸ”¥ğŸ”¥ Chá»‰ Cáº§n XÃ¡ch Vali vÃ o á»Ÿ liá»n ğŸ”¥ğŸ”¥ ______________________________ â˜ LIÃŠN Há»†: 0903.647.132 ( C.Háº¡nh) Äá»‚ XEM PHÃ’NG TRá»°C TIáº¾P 0906278050 Chat Quan tÃ¢m LÆ°u tin",,CÄƒn há»™ chung cÆ°,Há»“ ChÃ­ Minh,12,1.0,1.0,,,,https://nhadat24h.net//Upload/User/DangTin/2024/Images/528314/0884b2ae-a747-4c7c-a632-9e4ec063289f.jpg,"[10.8678527, 106.6231544]"
Cho thuÃª cÄƒn b0715 chung cÆ° imperia sky garden 423 minh khai nhÃ  cÄƒn gÃ³c táº§ng 7,19,105,Cho ThuÃª,"Imperia Sky Garden, PhÆ°á»ng Minh Khai, Quáº­n Hai BÃ  TrÆ°ng, HÃ  Ná»™i",XÃ¡c thá»±c chÃ­nh chá»§ CHO THUÃŠ CÄ‚N B0715 CHUNG CÆ¯ IMPERIA SKY GARDEN 423 MINH KHAI. NHÃ€ CÄ‚N GÃ“C Táº¦NG 7. Rá»˜NG 105M2. NHÃ€ 3 PHÃ’NG NGá»¦ 2 Vá»† SINH! Ná»˜I THáº¤T Äá»’ DÃ™NG Äáº¦Y Äá»¦! VÃ€O á» LUÃ”N! CHO THUÃŠ 19 TRIá»†U! LIÃŠN Há»† CHá»¦ NHÃ€ ( KHÃ”NG QUA MÃ”I GIá»šI ) ! â˜ï¸ 0914.281.496 0914281496 Chat Quan tÃ¢m LÆ°u tin,,CÄƒn há»™ chung cÆ°,HÃ  Ná»™i,Hai BÃ  TrÆ°ng,3.0,2.0,,,,https://nhadat24h.net//Upload/User/DangTin/2024/Images/528690/8ecbbfc3-13c5-4beb-9327-a5fb5d345bf2.jpg,"[20.9988446, 105.8665932]"
Cho thuÃª nhÃ  máº·t tiá»n nhÃ¬n phÃ­a Ä‘Ã´ng nam ra há»“ tÃ¢y sÃ¢n rá»™ng thoÃ¡ng mÃ¡t,120,195,Cho ThuÃª,"Quáº£ng An, PhÆ°á»ng Quáº£ng An, Quáº­n TÃ¢y Há»“, HÃ  Ná»™i","XÃ¡c thá»±c chÃ­nh chá»§ ChÃ­nh chá»§ cáº§n cho thuÃª NhÃ  máº·t phá»‘ táº¡i Quáº£ng An, Quáº­n TÃ¢y Há»“, HÃ  Ná»™i. Diá»‡n tÃ­ch Ä‘áº¥t xÃ¢y dá»±ng: 105(m2) trÃªn tá»•ng 195(m2), hÆ°á»›ng cá»­a vÃ o: ÄÃ´ng nam, nhÃ  xÃ¢y: 5 (Táº§ng), máº·t tiá»n rá»™ng: 13 (m), nhÃ  Ä‘Æ°á»£c thiáº¿t káº¿ cÃ³: sÃ¢n vÆ°á»n, 4 táº§ng 4 phÃ²ng , 2 WC, vÃ  cÃ³ 1 chá»— Ä‘á»ƒ xe riÃªng GiÃ¡ thuÃª: 120 triá»‡u/thÃ¡ng. (khÃ´ng thÆ°Æ¡ng lÆ°á»£ng). NhÃ  náº±m vá»‹ trÃ­ Ä‘áº¹p, nhÃ¬n tháº³ng ra há»“, vá»‰a hÃ¨ thoÃ¡ng, gáº§n cÃ¡c pub vÃ  cá»­a hÃ ng Äƒn, quÃ¡n xÃ¡ nhÆ° Chops TÃ¢y Há»“, The Republic, Nagocha, con Heo BÃ©o(BBQ). NgoÃ i ra cÃ²n cÃ³ Ä‘Æ°á»ng Ä‘i tháº³ng vÃ o trong phá»§ TÃ¢y Há»“, vÆ°á»n hoa Quáº£ng An vÃ  cÃ²n gáº§n Elite Finese, CGV XuÃ¢n Diá»‡u. Phá»‘ lá»t top 30 con Ä‘Æ°á»ng thÃº vá»‹ nháº¥t tháº¿ giá»›i. https://vnexpress.net/co-gi-o-quang-an-pho-ha-noi-thu-vi-nhat-the-gioi-4729131.html 0784062792 Chat Quan tÃ¢m LÆ°u tin",CÃ³ Sá»• Ä‘á»,NhÃ  máº·t phá»‘,HÃ  Ná»™i,TÃ¢y Há»“,1.0,2.0,4,ÄÃ´ng nam,13,https://nhadat24h.net//Upload/User/DangTin/2023/Images/521707/26bd560f-11b7-45fa-87cc-296436128479.jpg,"[21.0705937, 105.8299492]"
Cho thuÃª vÄƒn phÃ²ng gems empire tower 201 trÆ°á»ng chinh nÃ¢ng táº§m doanh nghiá»‡p,20,50,Cho ThuÃª,"PhÆ°á»ng KhÆ°Æ¡ng ÄÃ¬nh, Quáº­n Thanh XuÃ¢n, HÃ  Ná»™i","KhÃ´ng gian Ä‘áº³ng cáº¥p â€“ Trung TÃ¢m Quáº­n Äá»‘ng Äa â€“ Thanh XuÃ¢n TÃ¬m kiáº¿m má»™t vÄƒn phÃ²ng lÃ½ tÆ°á»Ÿng Ä‘á»ƒ kháº³ng Ä‘á»‹nh vá»‹ tháº¿ vÃ  thÃºc Ä‘áº©y thÃ nh cÃ´ng cho doanh nghiá»‡p? Gems Empire Tower 201 TrÆ°á»ng Chinh chÃ­nh lÃ  lá»±a chá»n hoÃ n háº£o dÃ nh cho báº¡n! Vá»‹ trÃ­ Gems Empire Tower 201 TrÆ°á»ng Chinh Tá»a láº¡c táº¡i sá»‘ 201 TrÆ°á»ng Chinh, Thanh XuÃ¢n, HÃ  Ná»™i, Gems Empire Tower sá»Ÿ há»¯u vá»‹ trÃ­ Ä‘áº¯c Ä‘á»‹a, giao thÃ´ng thuáº­n tiá»‡n khi tiáº¿p giÃ¡p cÃ¡c tuyáº¿n Ä‘Æ°á»ng huyáº¿t máº¡ch nhÆ° TrÆ°á»ng Chinh, TÃ´n Tháº¥t TÃ¹ng, LÃª VÄƒn LÆ°Æ¡ng.. Dá»… dÃ ng káº¿t ná»‘i Ä‘áº¿n cÃ¡c quáº­n trung tÃ¢m nhÆ° Äá»‘ng Äa, Hai BÃ  TrÆ°ng, Cáº§u Giáº¥y, chá»‰ cÃ¡ch ga tÃ u Ä‘iá»‡n ngáº§m LÃ¡ng Háº¡ 5 phÃºt di chuyá»ƒn. Tiá»‡n Ã­ch vÄƒn phÃ²ng Gems Empire Tower Trang thiáº¿t bá»‹ cao cáº¥p, há»‡ thá»‘ng an ninh tiÃªn tiáº¿n, mang Ä‘áº¿n mÃ´i trÆ°á»ng lÃ m viá»‡c chuyÃªn nghiá»‡p vÃ  an toÃ n. Gáº§n gÅ©i vá»›i nhiá»u tiá»‡n Ã­ch nhÆ°: trung tÃ¢m thÆ°Æ¡ng máº¡i royal city, ngÃ¢n hÃ ng, nhÃ  hÃ ng, trÆ°á»ng há»c, bá»‡nh viá»‡n, Ä‘Ã¡p á»©ng má»i nhu cáº§u cá»§a doanh nghiá»‡p vÃ  nhÃ¢n viÃªn. Dá»‹ch vá»¥ vÄƒn phÃ²ng Gems Empire Tower Trang thiáº¿t bá»‹ cao cáº¥p, há»‡ thá»‘ng an ninh tiÃªn tiáº¿n, mang Ä‘áº¿n mÃ´i trÆ°á»ng lÃ m viá»‡c chuyÃªn nghiá»‡p vÃ  an toÃ n. CÆ¡ sá»Ÿ váº­t cháº¥t thÆ°á»ng xuyÃªn Ä‘Æ°á»£c nÃ¢ng cáº¥p. Ãp dá»¥ng cÃ´ng nghá»‡ 4.0 vÃ o há»‡ thá»‘ng váº­n hÃ nh tÃ²a nhÃ  vá»›i pháº§n má»m quáº£n lÃ½ chuyÃªn nghiá»‡p. Há»‡ sinh thÃ¡i kinh doanh, há»£p tÃ¡c cÃ¹ng phÃ¡t triá»ƒn thá»‹nh vÆ°á»£ng. KhÃ´ng gian lÃ m viá»‡c táº¡i Gems Empire Tower TÃ²a nhÃ  vÄƒn phÃ²ng cao cáº¥p Chá»©ng chá»‰ vÄƒn phÃ²ng tiÃªu chuáº©n xanh EDGE. KhÃ´ng gian vÄƒn phÃ²ng hiá»‡n Ä‘áº¡i, tiá»‡n nghi, Ä‘Æ°á»£c thiáº¿t káº¿ khoa há»c, tá»‘i Æ°u hÃ³a cÃ´ng nÄƒng. Diá»‡n tÃ­ch vÄƒn phÃ²ng cho thuÃª táº¡i Gems Empire Tower tá»« 30mÂ² - 50 mÂ² â€“ 100 mÂ² â€“ 150 mÂ² â€“ 200 mÂ² -300 mÂ² - 1000 mÂ² GiÃ¡ thuÃª vÄƒn phÃ²ng Gems Empire Tower: LiÃªn Há»‡ BQLDA Cho ThuÃª Hotline 0961669119 Ä‘á»ƒ Ä‘i xem vÄƒn phÃ²ng giÃ¡ thuÃª Ä‘Ã£ bao gá»“m phÃ­ dá»‹ch vá»¥ vÃ  tráº§n sÃ n Ä‘iá»u hoÃ  Ã¢m tráº§n vÃ¡ch bao quaonh, 0961669119 Chat Quan tÃ¢m LÆ°u tin",,"VÄƒn phÃ²ng, TTTM, Cá»­a hÃ ng, Kiot",HÃ  Ná»™i,Thanh XuÃ¢n,,,,,,https://nhadat24h.net//Upload/User/DangTin/2024/Images/50628/5de7a229-ab89-425e-bf2b-6d339fc80c11.jpg,"[20.9899852, 105.8197278]"
Khang thÃ nh invest - chuyÃªn cho thuÃª mini house cao cáº¥p cáº§n thÆ¡,7,35,Cho ThuÃª,"PhÆ°á»ng TÃ¢n An, Quáº­n Ninh Kiá»u, Cáº§n ThÆ¡","KHANG THÃ€NH Invest - CHUYÃŠN CHO THUÃŠ MINI HOUSE CAO Cáº¤P Cáº¦N THÆ  CÄ‚N Há»˜ Dá»ŠCH Vá»¤ TRUNG TÃ‚M NINH KIá»€U, Máº¶T TIá»€N ÄÆ¯á»œNG Ná»˜I Ã” Cáº¦N THÆ  - Diá»‡n TÃ­ch 30m2 - GiÃ¡ 7 triá»‡u/thÃ¡ng - Full ná»™i tháº¥t cao cáº¥p - Free nÆ°á»›c sinh hoáº¡t, nÆ°á»›c uá»‘ng, wifi - Äiá»‡n 3k/kwh ğŸ€ Æ¯u tiÃªn há»£p Ä‘á»“ng lÃ¢u dÃ i 6 - 12 thÃ¡ng ________________________ â˜ï¸Tel/zalo: 0968 20 3339 Whatsup: 0939 848 369 CÃ´ng ty TNHH KHANG THÃ€NH Invest 0968203339 Chat Quan tÃ¢m LÆ°u tin",,CÄƒn há»™ chung cÆ°,Cáº§n ThÆ¡,Ninh Kiá»u,1.0,1.0,3,,10,https://nhadat24h.net//Upload/User/DangTin/2024/Images/421897/e449e19c-c4cb-46cd-b153-6b5461e3ed1d.png,"[10.0318417, 105.785674]"
"Cho thuÃª máº·t báº±ng máº·t tiá»n pháº¡m ngÅ© lÃ£o, gáº§n chá»£ an hÃ²a, ngang 12m",45,450,Cho ThuÃª,"PhÆ°á»ng An HÃ²a, Quáº­n Ninh Kiá»u, Cáº§n ThÆ¡","CHO THUÃŠ Máº¶T Báº°NG 500M2, Máº¶T TIá»€N 12m GiÃ¡: 45 triá»‡u ğŸ“ Máº·t tiá»n Pháº¡m NgÅ© LÃ£o, gáº§n chá»£ - DT: 12x40m, hÆ¡n 500m2 - Máº·t báº±ng trá»‘ng. - Náº¿u cáº§n showroom má»›i chá»§ xÃ¢y dá»±ng - GiÃ¡: 65 triá»‡u ________________________ â˜ï¸Tel/zalo: 0968 20 3339 Whatsup: 0939 848 369 CÃ´ng ty TNHH KHANG THÃ€NH Invest 0968203339 Chat Quan tÃ¢m LÆ°u tin",,"NhÃ  xÆ°á»Ÿng, máº·t báº±ng, kho bÃ£i",Cáº§n ThÆ¡,Ninh Kiá»u,1.0,2.0,1,,12,https://nhadat24h.net//Upload/User/DangTin/2024/Images/421897/5f7f7b72-2934-4986-a789-90b2d62a4d8a.jpg,"[10.0459669, 105.7697904]"
"Cho thuÃª cÃ¡c tÃ²a nhÃ  trung tÃ¢m ninh kiá»u, cáº§n thÆ¡ - diá»‡n tÃ­ch quy mÃ´ Ä‘a dáº¡ng",150,1500,Cho ThuÃª,"PhÆ°á»ng An PhÃº, Quáº­n Ninh Kiá»u, Cáº§n ThÆ¡","CHO THUÃŠ TOÃ€ NHÃ€ TRUNG TÃ‚M NINH KIá»€U - Cáº¦N THÆ  - ToÃ  1: Ngang 8m, DTSD: 800m2 - ToÃ  2: Ngang 25m, DTSD: 3.000m2 - ToÃ  3: Ngang 10m, DTSD: 900 - 1.500m2 - ToÃ  4: gÃ³c 2 máº·t tiá»n, Ngang 8m, DTSD: 500m2 ğŸ‘‰Sáº£n pháº©m chá»§ Ä‘ang kinh doanh, khÃ¡ch hÃ ng cung cáº¥p thÃ´ng tin, em sáº½ gá»­i thÃ´ng tin! ğŸ‘‰GiÃ¡: vÃ i trÄƒm triá»‡u/thÃ¡ng ________________________ â˜ï¸Tel/zalo: 0968 20 3339 Whatsup: 0939 848 369 CÃ´ng ty TNHH KHANG THÃ€NH Invest 0968203339 Chat Quan tÃ¢m LÆ°u tin",,NhÃ  máº·t phá»‘,Cáº§n ThÆ¡,Ninh Kiá»u,1.0,1.0,9,TÃ¢y báº¯c,10,https://nhadat24h.net//Upload/User/DangTin/2024/Images/421897/64e41123-0e3a-4a27-9d4c-639fbb29662a.jpg,"[10.0322235, 105.778189]"
"Cho thuÃª máº·t báº±ng máº·t tiá»n Ä‘Æ°á»ng máº­u thÃ¢n, trá»‘ng suá»‘t, gáº§n Ä‘h cáº§n thÆ¡",100,500,Cho ThuÃª,"PhÆ°á»ng An Nghiá»‡p, Quáº­n Ninh Kiá»u, Cáº§n ThÆ¡","CHO THUÃŠ Máº¶T Báº°NG KINH DOANH Gi.Ã¡: 100 triá»‡u/thÃ¡ng Máº¶T TIá»€N NGANG 8M ÄÆ¯á»œNG Máº¬U THÃ‚N, NINH KIá»€U, Cáº¦N THÆ  - Gáº¦N NGÃƒ 4 TRáº¦N HÆ¯NG Äáº O - Diá»‡n tÃ­ch: 8m x 50m = 400m2 - HÆ°á»›ng: TÃ¢y nam - Káº¿t cáº¥u: nhÃ  trá»‡t gá»“m phÃ²ng khÃ¡ch trá»‘ng suá»‘t, phÃ²ng ngá»§, báº¿p, tolet,... - Lá»™ giá»›i: 30m - Æ¯u Ä‘iá»ƒn: nhÃ  vá»‹ trÃ­ sÃ¡ng Ä‘áº¹p thuáº­n tiá»‡n kinh doanh Ä‘a dáº¡ng ngÃ nh nghá» nhÆ° VÄƒn PhÃ²ng CÃ´ng Ty, Shop Thá»i Trang, Cá»­a HÃ ng, Showroom, NgÃ¢n HÃ ng, Nha Khoa,â€¦. - Thanh toÃ¡n: cá»c 3 thÃ¡ng, Ä‘Ã³ng tiá»n Ä‘áº§u thÃ¡ng Nháº¥n vÃ o hastag Ä‘á»ƒ xem thÃªm #máº·t_báº±ng_Cáº§n_ThÆ¡_0968203339 ________________________ â˜ï¸Tel/zalo: 0968 20 3339 Whatsup: 0939 848 369 CÃ´ng ty TNHH KHANG THÃ€NH Invest 0968203339 Chat Quan tÃ¢m LÆ°u tin",,NhÃ  máº·t phá»‘,Cáº§n ThÆ¡,Ninh Kiá»u,1.0,2.0,1,TÃ¢y Nam,8,https://nhadat24h.net//Upload/User/DangTin/2024/Images/421897/7e12205d-1abb-401b-939c-845328cb2869.jpg,"[10.0377594, 105.7742622]"
Cho thuÃª máº·t báº±ng bá» kÃ¨ Ä‘Æ°á»ng táº§m vu ngang 30m gáº§n 1000m2,26,1000,Cho ThuÃª,"PhÆ°á»ng HÆ°ng Lá»£i, Quáº­n Ninh Kiá»u, Cáº§n ThÆ¡","CHO THUÃŠ Máº¶T Báº°NG Táº¦M VU, NGANG 30M, Vá»Š TRÃ Äáº¸P, 2 Máº¶T TIá»€N - DT: gáº§n 1.000m2, trÃªn Ä‘áº¥t cÃ³ nhÃ , thÃ­ch há»£p lÃ m sÃ¢n cáº§u lÃ´ng, tennis, kho chá»©a hÃ ng, quÃ¡n cafe,... - GiÃ¡ ThÆ°Æ¡ng LÆ°á»£ng ________________________ â˜ï¸Tel/zalo: 0968 20 3339 Whatsup: 0939 848 369 CÃ´ng ty TNHH KHANG THÃ€NH Invest 0968203339 Chat Quan tÃ¢m LÆ°u tin",CÃ³ Sá»• Ä‘á»,"NhÃ  xÆ°á»Ÿng, máº·t báº±ng, kho bÃ£i",Cáº§n ThÆ¡,Ninh Kiá»u,1.0,2.0,1,,30,https://nhadat24h.net//Upload/User/DangTin/2024/Images/421897/bba0f0d8-887c-4316-b51b-1855c8eef23f.jpg,"[10.0161234, 105.7639625]"
"ChÃ­nh chá»§ gá»­i cho thuÃª vÄƒn phÃ²ng lÃ m viá»‡c 400m2 táº¡i tÃ´ hiá»‡u- cáº§u Ä‘Æ¡, hÃ  Ä‘Ã´ng",Thá»a thuáº­n,400,Cho ThuÃª,"PhÆ°á»ng HÃ  Cáº§u, Quáº­n HÃ  ÄÃ´ng, HÃ  Ná»™i","TÃ²a nhÃ  XuÃ¢n Mai Tower tá»a láº¡c táº¡i lÃ´ gÃ³c vá»›i TÃ´ Hiá»‡u- Cáº§u ÄÆ¡, quáº­n HÃ  ÄÃ´ng, HÃ  Ná»™i Diá»‡n tÃ­ch cho thuÃª: 400m2 BÃ n giao máº·t báº±ng hoÃ n thiá»‡n, Ä‘áº§y Ä‘á»§ ná»™i tháº¥t nhÆ° hÃ¬nh. Thá»i gian lÃ m viá»‡c thoáº£i mÃ¡i, KHÃ”NG Máº¤T PHÃ. Giao thÃ´ng: liÃªn káº¿t vá»›i cÃ¡c trá»¥c Ä‘Æ°á»ng lá»›n Quang Trung, LÃª Trá»ng Táº¥n, TÃ´ Hiá»‡u, PhÃ¹ng HÆ°ng, Tá»‘ Há»¯u â€“ LÃª VÄƒn LÆ°Æ¡ng,â€¦ giÃºp Ä‘i láº¡i nhanh chÃ³ng, thuáº­n tiá»‡n. Tiá»‡n Ã­ch vÃ  dá»‹ch vá»¥ táº¡i XuÃ¢n Mai Tower: - Há»‡ thá»‘ng thang mÃ¡y tiÃªu chuáº©n, sáº£nh vÄƒn phÃ²ng riÃªng biá»‡t - PCCC Ä‘áº¡t chuáº©n quá»‘c gia - Há»‡ thá»‘ng Ä‘iá»u hÃ²a, mÃ¡y phÃ¡t Ä‘iá»‡n dá»± phÃ²ng cÃ´ng suáº¥t lá»›n - Lá»… tÃ¢n, báº£o vá»‡ chuyÃªn nghiá»‡p - 2 táº§ng háº§m rá»™ng lá»›n Ä‘Ã¡p á»©ng nhu cáº§u gá»­i xe mÃ¡y vÃ  Ã´ tÃ´ cá»§a khÃ¡ch thuÃª vÃ  cáº£ cÆ° dÃ¢n - NhÃ  hÃ ng, siÃªu thá»‹, quÃ¡n cafe,... táº¡i cÃ¡c táº§ng thÆ°Æ¡ng máº¡i - CÃ¡c ngÃ¢n hÃ ng lá»›n trÃªn Ä‘Æ°á»ng Quang Trung: BIDV HÃ  TÃ¢y, Vietcombank HÃ  TÃ¢y, Vietinbank, VIB VÄƒn PhÃº, MB VÄƒn PhÃºâ€¦ LiÃªn há»‡ cho thuÃª vÄƒn phÃ²ng: Ms HoÃ i PhÆ°Æ¡ng- 0968 148 897 Email: Phuongnt.vtcland@gmail.com ChÃ¢n thÃ nh cáº£m Æ¡n! 0362664571 Chat Quan tÃ¢m LÆ°u tin",,"VÄƒn phÃ²ng, TTTM, Cá»­a hÃ ng, Kiot",HÃ  Ná»™i,HÃ  ÄÃ´ng,,,,,,https://nhadat24h.net//Upload/User/DangTin/2024/Images/511469/759315fb-22ea-4293-8ad5-27f57141d2f1.jpg,"[20.964938699999998, 105.77828177668673]"
"NhÃ  xÆ°á»Ÿng cÃ²n trá»‘ng cáº§n cho thuÃª táº¡i kcn hÆ°ng yÃªn dt 1000m2, 2500m2, 5000m2 pccc",70,3000,Cho ThuÃª,"Thá»‹ Tráº¥n VÄƒn Giang, Huyá»‡n VÄƒn Giang, HÆ°ng YÃªn","NhÃ  xÆ°á»Ÿng cÃ²n trá»‘ng cáº§n cho thuÃª táº¡i KCN HÆ°ng YÃªn dt 1000m2, 2500m2, 5000m2 PCCC Ä‘áº§y Ä‘á»§ Má»›i háº¿t háº¡n há»£p Ä‘á»“ng hiá»‡n nay cÃ²n trá»‘ng nhÃ  xÆ°á»Ÿng vÃ  kho bÃ£i trong nhiá»u Khu CÃ´ng Nghiá»‡p vÃ  cá»¥m CÃ´ng Nghiá»‡p táº¡i tá»‰nh HÆ°ng YÃªn. Vá»‹ trÃ­: KCN YÃªn Má»¹ 1-2, KCN VÄƒn LÃ¢m, KCN Má»¹ HÃ o, KCN ThÄƒng Long, KCN Phá»‘ Ná»‘i A-B, ..... vÃ  cÃ¡c cá»¥m CÃ´ng Nghiá»‡p khÃ¡c . Káº¿t cáº¥u: Khung kÃ¨o Zamil, tiÃªu chuáº©n KCN - Chiá»u cao Ã¡p mÃ¡i 8,05m, - Chiá»u cao Ä‘á»‰nh mÃ¡i 13,5m, ná»n bÃª tÃ´ng chá»‹u lá»±c, - Há»‡ thá»‘ng phÃ²ng chÃ¡y chá»¯a chÃ¡y, bÃ¬nh Ä‘iá»‡n 3 pha sáº£n xuáº¥t (160KVA - 1.000KVA), - VÄƒn phÃ²ng Ä‘iá»u hÃ nh, nhÃ  xe, nhÃ  Äƒn, phÃ²ng báº£o vá»‡, nhÃ  vá»‡ sinh sÃ¢n bÃ£i Ä‘áº­u xe, vÃ  nhiá»u tiá»‡n Ã­ch khÃ¡c. NhÃ  xÆ°á»Ÿng Ä‘áº§y Ä‘á»§ thÃ nh láº­p EPE, EDI PhÃ¹ há»£p vá»›i nhiá»u ngÃ nh sáº£n xuáº¥t kinh doanh nhÆ°: giÃ y da, may máº·c, in áº¥n, cÆ¡ khÃ­, Ä‘iá»‡n tá»­, bao bÃ¬, nhá»±a, gá»—, sáº£n xuáº¥t nÃ´ng sáº£n, phÃ¢n bÃ³n, thá»©c Äƒn chÄƒn nuÃ´i vÃ  nhiá»u ngÃ nh sáº£n xuáº¥t khÃ¡c. Diá»‡n tÃ­ch Ä‘a dáº¡ng: tá»« 1000m2 2000m2, 3000m2,5000m2â€¦200.000m2 HÃ¬nh thá»©c cho thuÃª: há»£p Ä‘á»“ng cho thuÃª dÃ i háº¡n (tá»« 3 - 10 nÄƒm) PhÆ°Æ¡ng thá»©c thanh toÃ¡n linh hoáº¡t. GiÃ¡ cho thuÃª: tá»« 2,5-4.5usd/m2/thÃ¡ng (tuá»³ theo diá»‡n tÃ­ch vÃ  vá»‹ trÃ­ cá»§a nhÃ  xÆ°á»Ÿng). Náº¿u quÃ½ doanh nghiá»‡p hoáº·c cÃ¡ nhÃ¢n cÃ³ nhu cáº§u thuÃª, vui lÃ²ng liÃªn há»‡ qua Ä‘iá»‡n thoáº¡i 0974.989.907 A Äáº¡t NgoÃ i ra chÃºng tÃ´i cÃ²n cÃ³ má»™t sá»‘ nhÃ  xÆ°á»Ÿng náº±m trong cÃ¡c Khu cÃ´ng nghiá»‡p á»Ÿ cÃ¡c tá»‰nh phÃ­a Báº¯c nhÆ°: HÃ  Ná»™i, VÄ©nh PhÃºc, Báº¯c Ninh, Báº¯c Giang, Háº£i PhÃ²ng, HÆ°ng YÃªn, Háº£i DÆ°Æ¡ng, ThÃ¡i BÃ¬nh, Nam Äá»‹nh, HÃ  Nam, Ninh BÃ¬nh,â€¦. 0974989907 Chat Quan tÃ¢m LÆ°u tin",,"NhÃ  xÆ°á»Ÿng, máº·t báº±ng, kho bÃ£i",HÆ°ng YÃªn,VÄƒn Giang,,,,,,https://nhadat24h.net//Upload/User/DangTin/2024/Images/153937/719b54ca-0f98-4501-8d09-a4934f1fbde9.jpg,"[20.9457625, 105.9378501]"
ğŸ¢ **republic plaza 18e - nÆ¡i an cÆ° lÃ½ tÆ°á»Ÿng** ğŸ¢,12,54,Cho ThuÃª,"Republic Plaza, PhÆ°á»ng 4, Quáº­n TÃ¢n BÃ¬nh, Há»“ ChÃ­ Minh","ğŸ¢ **Republic Plaza 18E - NÆ¡i An CÆ° LÃ½ TÆ°á»Ÿng** ğŸ¢ ğŸŒŸ **Vá»‹ trÃ­:** - **Äá»‹a chá»‰:** 18E Cá»™ng HÃ²a, PhÆ°á»ng 4, Quáº­n TÃ¢n BÃ¬nh, TP. Há»“ ChÃ­ Minh. - **MÃ´i trÆ°á»ng:** Khu vá»±c yÃªn tÄ©nh, an ninh, giao thÃ´ng thuáº­n tiá»‡n, gáº§n cÃ¡c tiá»‡n Ã­ch cÃ´ng cá»™ng vÃ  trung tÃ¢m mua sáº¯m. ğŸ™ **Tiá»‡n Ã­ch:** - **Há»“ bÆ¡i, phÃ²ng gym, khu vui chÆ¡i cho tráº» em.** - **SÃ¢n vÆ°á»n, khu BBQ cho cÃ¡c buá»•i tá»¥ táº­p gia Ä‘Ã¬nh hoáº·c báº¡n bÃ¨.** - **An ninh 24/7, camera giÃ¡m sÃ¡t vÃ  báº£o vá»‡ chuyÃªn nghiá»‡p.** ğŸ  **CÄƒn há»™:** - **Diá»‡n tÃ­ch:** CÃ¡c cÄƒn há»™ rá»™ng rÃ£i, thiáº¿t káº¿ hiá»‡n Ä‘áº¡i vÃ  sang trá»ng. - **Ná»™i tháº¥t Ä‘áº§y Ä‘á»§:** PhÃ²ng khÃ¡ch, báº¿p, phÃ²ng ngá»§ Ä‘Æ°á»£c trang bá»‹ ná»™i tháº¥t má»›i 100%. ğŸ›‘ **YÃªu cáº§u:** **ChÃºng tÃ´i khÃ´ng tiáº¿p mÃ´ giá»›i vÃ  Ä‘Äƒng tin há»™. Cáº£m Æ¡n!** ğŸ“ **LiÃªn há»‡:** - **Sá»‘ Ä‘iá»‡n thoáº¡i:** 0927 156 956 - **Email:** hotro.chothuenha@gmail.com ğŸ” **HÃ£y Ä‘áº¿n vÃ  tráº£i nghiá»‡m cuá»™c sá»‘ng tuyá»‡t vá»i táº¡i Republic Plaza 18E, nÆ¡i lá»±a chá»n hoÃ n háº£o cho má»™t khÃ´ng gian sá»‘ng lÃ½ tÆ°á»Ÿng!** ğŸ” TRANSLATE with x English Arabic Hebrew Polish Bulgarian Hindi Portuguese Catalan Hmong Daw Romanian Chinese Simplified Hungarian Russian Chinese Traditional Indonesian Slovak Czech Italian Slovenian Danish Japanese Spanish Dutch Klingon Swedish English Korean Thai Estonian Latvian Turkish Finnish Lithuanian Ukrainian French Malay Urdu German Maltese Vietnamese Greek Norwegian Welsh Haitian Creole Persian TRANSLATE with COPY THE URL BELOW Back EMBED THE SNIPPET BELOW IN YOUR SITE Enable collaborative features and customize widget: Bing Webmaster Portal Back 0927156956 Chat Quan tÃ¢m LÆ°u tin",,CÄƒn há»™ chung cÆ°,Há»“ ChÃ­ Minh,TÃ¢n BÃ¬nh,1.0,1.0,,Báº¯c,,https://nhadat24h.net//Upload/User/avatar/2024/505815/Avatar/3de263d2-50f3-4745-865f-b1c137ca61b4.png,"[10.802033300000002, 106.65503800694893]"
"Cho thuÃª biá»‡t thá»± lÃ´ gÃ³c cÃ³ thang mÃ¡y khu 3ha, cáº§u diá»…n. dt 180m x 5 ná»•i 1 háº§m.",50,180,Cho ThuÃª,"PhÆ°á»ng PhÃºc Diá»…n, Quáº­n Báº¯c Tá»« LiÃªm, HÃ  Ná»™i","Cho thuÃª biá»‡t thá»± lÃ´ gÃ³c 2 máº·t thoÃ¡ng Khu 3Ha Cáº§u Diá»…n phá»‘ PhÃºc Minh, Q Báº¯c Tá»« LiÃªm. gáº§n nhÃ  vÄƒn hÃ³a quáº­n Báº¯c Tá»« LiÃªm. Diá»‡n tÃ­ch 180m XD 150m x 5 táº§ng ná»•i 1 táº§ng háº§m, máº·t tiá»n 30m. Hiá»‡n tráº¡ng nhÃ  cÃ²n má»›i thiáº¿t káº¿ hiá»‡n Ä‘áº¡i. Táº§ng háº§m rá»™ng Ä‘á»ƒ Ä‘Æ°á»£c 3 chiáº¿c Ã´ tÃ´ vÃ  ráº¥t nhiá»u xe mÃ¡y. Táº§ng 1 thÃ´ng sÃ n báº¿p, khÃ¡ch. CÃ¡c táº§ng trÃªn chia 2 phÃ²ng rá»™ng thoÃ¡ng Ã¡nh sÃ¡ng, ban cÃ´ng Ä‘áº§y Ä‘á»§. NhÃ  cÃ³ sáºµn thang mÃ¡y, Ä‘iá»u hÃ²a, nÃ³ng láº¡nh Ä‘á»“ cÆ¡ báº£n Ä‘áº§y Ä‘á»§. NhÃ  thÃ­ch há»£p lÃ m cty, vp, du há»c, trung tÃ¢m ngoáº¡i ngá»¯... GiÃ¡ cho thuÃª 50tr/th. Xem nhÃ  liÃªn há»‡ 0941882456 Mr Háº¡nh. 0975200330 Chat Quan tÃ¢m LÆ°u tin",,"NhÃ  biá»‡t thá»±, liá»n ká»",HÃ  Ná»™i,Báº¯c Tá»« LiÃªm,,,6,,30,https://nhadat24h.net//Upload/User/DangTin/2024/Images/273328/794e57f8-78c5-40a0-90d4-6322118a655d.jpg,"[21.0471983, 105.7517539]"
Máº·t báº±ng 450m2 gÃ³c 2 máº·t tiá»n Ä‘á»‘i diá»‡n bÃªn xe biÃªn hÃ²a giÃ¡ 40 triá»‡u thÃ¡ng,40,460,Cho ThuÃª,"PhÆ°á»ng Bá»­u Long, ThÃ nh phá»‘ BiÃªn HÃ²a, Äá»“ng Nai","Máº·t Báº±ng 450m2 GÃ³c 2 Máº·t Tiá»n Äá»‘i Diá»‡n BÃªn Xe BiÃªn HÃ²a GiÃ¡ 40 Triá»‡u/ThÃ¡ng Cho thuÃª máº·t báº±ng 450m2 gÃ³c 2 máº·t tiá»n vá»‹ trÃ­ Ä‘áº¹p trung tÃ¢m BiÃªn HÃ²a - Diá»‡n tÃ­ch: 16x23 (450m2). HÆ°á»›ng Báº¯c - ÄÃ´ng Báº¯c - Hiá»‡n tráº¡ng: máº·t báº±ng setup theo mÃ´ hÃ¬nh quÃ¡n Äƒn, gá»“m khÃ´ng gian má»Ÿ, 2 phÃ²ng vip, khu báº¿p rá»™ng vÃ  toilet. - Vá»‹ trÃ­ gáº§n báº¿n xe BiÃªn HÃ²a, khu dÃ¢n cÆ° Ä‘Ã´ng Ä‘Ãºc, Ä‘áº§y Ä‘á»§ tiá»‡n Ã­ch: trÆ°á»ng há»c, chá»£, cÆ¡ quan nhÃ  nÆ°á»›c... - ÄÆ°á»ng 10m vá»‰a hÃ¨ rá»™ng, Ä‘áº­u xe thoáº£i mÃ¡i. - PhÃ¹ há»£p cafe, quÃ¡n Äƒn, khu vui chÆ¡i, garage... - GiÃ¡ thuÃª: 40 triá»‡u/ thÃ¡ng, cá»c 3 thÃ¡ng, hÄ‘ lÃ¢u dÃ i. LiÃªn há»‡: 0918342646 HoÃ ng Sá»± 0918342646 Chat Quan tÃ¢m LÆ°u tin",,"NhÃ  xÆ°á»Ÿng, máº·t báº±ng, kho bÃ£i",Äá»“ng Nai,BiÃªn HÃ²a,,,,,16,https://nhadat24h.net//Upload/User/DangTin/2024/Images/280328/064621cf-9ab2-418a-8535-4511efa9c5ab.jpg,"[10.9605286, 106.7968985]"
Cho thuÃª nhÃ  máº·t tiá»n Ä‘Æ°á»ng 30/4 ngay vÃ²ng xoay biÃªn hÃ¹ng; 1t2l ngang 7m giÃ¡ 75,75,140,Cho ThuÃª,"PhÆ°á»ng Trung DÅ©ng, ThÃ nh phá»‘ BiÃªn HÃ²a, Äá»“ng Nai","Cho thuÃª nhÃ  máº·t tiá»n Ä‘Æ°á»ng 30/4 ngay VÃ²ng Xoay BiÃªn HÃ¹ng; 1T2L ngang 7m giÃ¡ 75 triá»‡u/thÃ¡ng Cho thuÃª nhÃ  nguyÃªn cÄƒn 140m2 ngay VÃ²ng Xoay BiÃªn HÃ¹ng - Diá»‡n tÃ­ch: 7m x 20m (140m2) - Vá»‹ trÃ­: VÃ²ng xoay biÃªn hÃ¹ng, Ä‘Æ°á»ng 30/4, P. Trung DÅ©ng - Hiá»‡n tráº¡ng: 2 cÄƒn NhÃ  1T2L, Táº§ng trá»‡t Ä‘Ã£ thÃ´ng vÃ¡ch trá»‘ng suá»‘t, láº§u cÃ³ phÃ²ng ngá»§, toillet tá»«ng táº§ng - Máº·t báº±ng ngay vÃ²ng xoay biÃªn hÃ¹ng vá»‹ trÃ­ Ä‘áº¯c Ä‘á»‹a, sáº§m uáº¥t, thÃ­ch há»£p kinh doanh má»i ngÃ nh nghá».... - HÆ°á»›ng: TÃ¢y Báº¯c - GiÃ¡ thuÃª: 75 triá»‡u/ thÃ¡ng, HÄ lÃ¢u dÃ i LiÃªn há»‡: 0918342646 HoÃ ng Sá»± 0918342646 Chat Quan tÃ¢m LÆ°u tin",,NhÃ  máº·t phá»‘,Äá»“ng Nai,BiÃªn HÃ²a,,,3,,7,https://nhadat24h.net//Upload/User/DangTin/2024/Images/280328/11a0a2c9-d3fb-4b4d-b3a4-b5ba253069d3.jpg,"[10.9536004, 106.8224823]"
"Cáº§n cho thuÃª nhÃ  xÆ°á»Ÿng táº¡i kcn yÃªn má»¹ hÆ°ng yÃªn dt 2000m2, 3000m2,5000m2â€¦200.000m",70,2000,Cho ThuÃª,"Thá»‹ Tráº¥n YÃªn Má»¹, Huyá»‡n YÃªn Má»¹, HÆ°ng YÃªn","Cáº§n cho thuÃª nhÃ  xÆ°á»Ÿng táº¡i KCN YÃªn Má»¹ HÆ°ng YÃªn dt 2000m2, 3000m2,5000m2â€¦200.000m2 PCCC Ä‘áº§y Ä‘á»§ Hiá»‡n táº¡i nhÃ  xÆ°á»Ÿng má»›i háº¿t háº¡n há»£p Ä‘á»“ng cáº§n cho thuÃª Vá»‹ trÃ­: Náº±m trong KCN YÃªn Má»¹ 1-2..... vÃ  cÃ¡c cá»¥m CÃ´ng Nghiá»‡p táº¡i YÃªn Má»¹ . Káº¿t cáº¥u: Khung kÃ¨o Zamil, tiÃªu chuáº©n KCN - Chiá»u cao Ã¡p mÃ¡i 8,05m, - Chiá»u cao Ä‘á»‰nh mÃ¡i 13,5m, ná»n bÃª tÃ´ng chá»‹u lá»±c, - Há»‡ thá»‘ng phÃ²ng chÃ¡y chá»¯a chÃ¡y, bÃ¬nh Ä‘iá»‡n 3 pha sáº£n xuáº¥t (250KVA - 1.000KVA), - VÄƒn phÃ²ng Ä‘iá»u hÃ nh, nhÃ  xe, nhÃ  Äƒn, phÃ²ng báº£o vá»‡, nhÃ  vá»‡ sinh sÃ¢n bÃ£i Ä‘áº­u xe, vÃ  nhiá»u tiá»‡n Ã­ch khÃ¡c. NhÃ  xÆ°á»Ÿng Ä‘áº§y Ä‘á»§ thÃ nh láº­p EPE, EDI PhÃ¹ há»£p vá»›i nhiá»u ngÃ nh sáº£n xuáº¥t kinh doanh nhÆ°: giÃ y da, may máº·c, in áº¥n, cÆ¡ khÃ­, Ä‘iá»‡n tá»­, bao bÃ¬, nhá»±a, gá»—, sáº£n xuáº¥t nÃ´ng sáº£n, phÃ¢n bÃ³n, thá»©c Äƒn chÄƒn nuÃ´i vÃ  nhiá»u ngÃ nh sáº£n xuáº¥t khÃ¡c. Diá»‡n tÃ­ch Ä‘a dáº¡ng: tá»« 1000m2, 2000m2, 3000m2,5000m2â€¦200.000m2 HÃ¬nh thá»©c cho thuÃª: há»£p Ä‘á»“ng cho thuÃª dÃ i háº¡n (tá»« 3 - 10 nÄƒm) PhÆ°Æ¡ng thá»©c thanh toÃ¡n linh hoáº¡t. GiÃ¡ cho thuÃª: tá»« 2,5-4.5usd/m2/thÃ¡ng (tuá»³ theo diá»‡n tÃ­ch vÃ  vá»‹ trÃ­ cá»§a nhÃ  xÆ°á»Ÿng). Náº¿u quÃ½ doanh nghiá»‡p hoáº·c cÃ¡ nhÃ¢n cÃ³ nhu cáº§u thuÃª, vui lÃ²ng liÃªn há»‡ qua Ä‘iá»‡n thoáº¡i 0974.989.907 A Äáº¡t 0974989907 Chat Quan tÃ¢m LÆ°u tin",,"NhÃ  xÆ°á»Ÿng, máº·t báº±ng, kho bÃ£i",HÆ°ng YÃªn,YÃªn Má»¹,,,,TÃ¢y Nam,,https://nhadat24h.net//Upload/User/DangTin/2024/Images/153937/7ed7c347-3c5e-4c7b-ae9b-efd70e336b4d.jpg,"[20.941841, 106.029898]"
"Cho thuÃª shophouse green river q8 151m2 2pn ,3wc chá»‰ 16 tr",17,151,Cho ThuÃª,"PhÆ°á»ng 6, Quáº­n 8, Há»“ ChÃ­ Minh","Cáº§n cho thuÃª cÄƒn há»™ táº§ng trá»‡t chung cÆ° Green River. Äá»‹a chá»‰: 2225 Pháº¡m Tháº¿ Hiá»ƒn, PhÆ°á»ng 6, Quáº­n 8. Káº¿t cáº¥u: 1 trá»‡t 1 láº§u. 1 trá»‡t trá»‘ng suá»‘t cÃ³ nhÃ  vá»‡ sinh 2 phÃ²ng ngá»§ táº§ng trÃªn trang bá»‹ Ä‘áº§y Ä‘á»§ ná»™i tháº¥t. Náº±m trong khuÃ´n viÃªn chung cÆ° Green River, Ä‘Ã´ng cÆ° dÃ¢n, tiá»‡n má»Ÿ VP hoáº·c kinh doanh Ä‘a ngÃ nh nghá», vá»«a á»Ÿ Ä‘Æ°á»£c. Chung cÆ° Ä‘áº§y Ä‘á»§ tiá»‡n Ã­ch: SiÃªu thá»‹, khu vui chÆ¡i cho tráº» em, há»“ bÆ¡i, coffe shop, khu trung tÃ¢m thÆ°Æ¡ng máº¡i chuáº©n bá»‹ Ä‘Æ°a vÃ o hoáº¡t Ä‘á»™ng. Vá»‹ trÃ­ thuáº­n tiá»‡n di chuyá»ƒn cÃ¡c quáº­n trung tÃ¢m, cÃ¡ch cáº§u Nhá»‹ Thi ÄÆ°á»ng chÆ°a tá»›i 1km,... 0705181901 Chat Quan tÃ¢m LÆ°u tin",,ShopHouse,Há»“ ChÃ­ Minh,8,2.0,3.0,30,Báº¯c,30,https://nhadat24h.net//Upload/User/DangTin/2024/Images/527458/512a83e0-6c8a-48ed-a244-787f856fbedc.jpg,"[10.7331377, 106.6485241]"
"Máº·t báº±ng thuÃª lÃ m vÄƒn phÃ²ng green river 151m2 3wc, 2pn",16,151,Cho ThuÃª,"PhÆ°á»ng 6, Quáº­n 8, Há»“ ChÃ­ Minh","Cáº§n cho thuÃª cÄƒn há»™ táº§ng trá»‡t chung cÆ° Green River. Äá»‹a chá»‰: 2225 Pháº¡m Tháº¿ Hiá»ƒn, PhÆ°á»ng 6, Quáº­n 8. Káº¿t cáº¥u: 1 trá»‡t 1 láº§u. 1 trá»‡t trá»‘ng suá»‘t cÃ³ nhÃ  vá»‡ sinh 2 phÃ²ng ngá»§ táº§ng trÃªn trang bá»‹ Ä‘áº§y Ä‘á»§ ná»™i tháº¥t. Náº±m trong khuÃ´n viÃªn chung cÆ° Green River, Ä‘Ã´ng cÆ° dÃ¢n, tiá»‡n má»Ÿ VP hoáº·c kinh doanh Ä‘a ngÃ nh nghá», vá»«a á»Ÿ Ä‘Æ°á»£c. Chung cÆ° Ä‘áº§y Ä‘á»§ tiá»‡n Ã­ch: SiÃªu thá»‹, khu vui chÆ¡i cho tráº» em, há»“ bÆ¡i, coffe shop, khu trung tÃ¢m thÆ°Æ¡ng máº¡i chuáº©n bá»‹ Ä‘Æ°a vÃ o hoáº¡t Ä‘á»™ng. Vá»‹ trÃ­ thuáº­n tiá»‡n di chuyá»ƒn cÃ¡c quáº­n trung tÃ¢m, cÃ¡ch cáº§u Nhá»‹ Thi ÄÆ°á»ng chÆ°a tá»›i 1km,... 0705181901 Chat Quan tÃ¢m LÆ°u tin",,NhÃ  máº·t phá»‘,Há»“ ChÃ­ Minh,8,2.0,3.0,1,ÄÃ´ng,30,https://nhadat24h.net//Upload/User/DangTin/2024/Images/527458/aa78c574-9b9d-4434-9a13-eb925ec6c17c.jpg,"[10.7331377, 106.6485241]"
"Cccáº§n cho thuÃª cÄƒn há»™ chung cÆ° cao cáº¥p the prince residence, phÆ°á»ng 11,phÃº nhuáº­n",28,108,Cho ThuÃª,"The Prince Residence, PhÆ°á»ng 11, Quáº­n PhÃº Nhuáº­n, Há»“ ChÃ­ Minh","ChÃ­nh chá»§ cáº§n cho thuÃª cÄƒn há»™ chung cÆ° cao cáº¥p The Prince Residence, phÆ°á»ng 11, Quáº­n PhÃº Nhuáº­n, TPHCM. - GiÃ¡ thuÃª: 28 triá»‡u/thÃ¡ng (giÃ¡ nÃ©t) - Diá»‡n tÃ­ch: 108 m2, 3 PN, cÄƒn gÃ³c, láº§u cao thoÃ¡ng mÃ¡t, view cá»±c Ä‘áº¹p. - Thiáº¿t káº¿ hiá»‡n Ä‘áº¡i, ná»™i tháº¥t cao cáº¥p chá»‰ cáº§n mang vali vÃ o á»Ÿ. - Náº±m giá»¯a sÃ¢n bay TSN vÃ  trung tÃ¢m Q1. - Äáº§y Ä‘á»§ tiá»‡n Ã­ch: Há»“ bÆ¡i, gym, spa, siÃªu thá»‹. - Gáº§n chá»£, trÆ°á»ng há»c, ngÃ¢n hÃ ng. - CÃ³ xuáº¥t Ä‘áº­u Ã´ tÃ´. - TÃ²a nhÃ  Ä‘Æ°á»£c trang bá»‹ há»‡ thá»‘ng thang bá»™, thang mÃ¡y hiá»‡n Ä‘áº¡i, báº£o vá»‡ 24/24 chuyÃªn nghiá»‡p. Äáº£m báº£o an ninh tuyá»‡t Ä‘á»‘i. CÃ³ camera trong thang mÃ¡y vÃ  hÃ nh lang má»—i táº§ng. - LiÃªn há»‡ chÃ­nh chá»§: 0908833299. 0904518532 Chat Quan tÃ¢m LÆ°u tin",,CÄƒn há»™ chung cÆ°,Há»“ ChÃ­ Minh,PhÃº Nhuáº­n,3.0,2.0,1,,6,https://nhadat24h.net//Upload/User/DangTin/2024/Images/527099/13a55a11-b956-4d9b-9a76-1bb39dbd598e.jpg,
Cho thuÃª nhÃ  nguyÃªn cÄƒn tá»‰nh lá»™ 10 bÃ¬nh tÃ¢n,50,500,Cho ThuÃª,"PhÆ°á»ng TÃ¢n Táº¡o A, Quáº­n BÃ¬nh TÃ¢n, Há»“ ChÃ­ Minh","Cho thuÃª nhÃ  nguyÃªn cÄƒn Tá»‰nh Lá»™ 10, BÃ¬nh TÃ¢n Äá»‹a chá»‰: 1691 Tá»‰nh Lá»™ 10, P.TÃ¢n Táº¡o A, Q.BÃ¬nh TÃ¢n NhÃ  rá»™ng trá»‘ng suá»‘t, phÃ¹ há»£p má»Ÿ cá»­a hÃ ng, siÃªu thá»‹ mini, kho chá»©a hÃ ng hÃ³a, ngÃ¢n hÃ ng Diá»‡n tÃ­ch: 500m ( 9,2 x 30 x 12,5 ) GiÃ¡ 50 triá»‡u/ thÃ¡ng Äiá»‡n thoáº¡i: 0907799780 Kiá»‡t 0907799780 Chat Quan tÃ¢m LÆ°u tin",,NhÃ  máº·t phá»‘,Há»“ ChÃ­ Minh,BÃ¬nh TÃ¢n,,,,,9.2,https://nhadat24h.net//Upload/User/DangTin/2024/Images/160949/0b7ac62b-573d-4b5e-ac91-02c119188d29.jpg,"[10.7547879, 106.584389]"
Æ¯u Ä‘Ã£i phÃ²ng trá» sinh viÃªn chá»‰ tá»« 2.500.000Ä‘/thÃ¡ng,2.5,12,Cho ThuÃª,"PhÆ°á»ng BÃ¬nh Trá»‹ ÄÃ´ng, Quáº­n BÃ¬nh TÃ¢n, Há»“ ChÃ­ Minh","ğŸ’¥ Äá»‹a chá»‰: 24/35 TrÆ°Æ¡ng PhÆ°á»›c Phan, PhÆ°á»ng BÃ¬nh Trá»‹ ÄÃ´ng, BÃ¬nh TÃ¢n ğŸ’¥ ğŸ“Œ Äáº·c Äiá»ƒm: - PhÃ²ng trá» má»›i, sáº¡ch sáº½, khÃ´ng chung chá»§, giá» giáº¥c tá»± do. - KhÃ³a vÃ¢n tay 2 lá»›p Ä‘áº£m báº£o an toÃ n. - Báº¿p vÃ  nhÃ  vá»‡ sinh riÃªng tá»«ng phÃ²ng. - Má»—i phÃ²ng Ä‘á»u Ä‘Æ°á»£c tranh bá»‹ sáºµn mÃ¡y láº¡nh vÃ  mÃ¡y quáº¡t. ğŸ“Œ Vá»‹ TrÃ­: - Náº±m trong khu vá»±c háº»m lá»›n, an ninh, sáº§m uáº¥t. - Gáº§n cÃ¡c tiá»‡n Ã­ch xÃ£ há»™i nhÆ° siÃªu thá»‹, chá»£, nhÃ  hÃ ng, quÃ¡n cafÃ©, cá»­a hÃ ng tiá»‡n lá»£i,... ğŸ“Œ GiÃ¡ ThuÃª: - GiÃ¡ thuÃª tá»« 2.700.000 - 3.000.000Ä‘/thÃ¡ng. (03 thÃ¡ng Ä‘áº§u tiÃªn giáº£m 200.000Ä‘/thÃ¡ng) - Cá»c 1 thÃ¡ng, há»£p Ä‘á»“ng 1 nÄƒm. - CÃ¡c chi phÃ­ khÃ¡c chá»‰ bao gá»“m Ä‘iá»‡n vÃ  nÆ°á»›c, vá»›i giÃ¡ Ä‘iá»‡n 3.500Ä‘/kWh vÃ  nÆ°á»›c 100.000Ä‘/ngÆ°á»i. 0974599936 Chat Quan tÃ¢m LÆ°u tin",,"NhÃ  trá», phÃ²ng trá»",Há»“ ChÃ­ Minh,BÃ¬nh TÃ¢n,,,,,,https://nhadat24h.net//Upload/User/DangTin/2024/Images/515606/ebcc91c8-9e45-4ab3-9ca9-6e6e6996c632.png,"[10.7663912, 106.6167997]"
Cho thuÃª nhÃ  máº·t tiá»n 278 tiá»ƒu la thá»‹ tráº¥n hÃ  lam,10,85,Cho ThuÃª,"Thá»‹ Tráº¥n HÃ  Lam, Huyá»‡n ThÄƒng BÃ¬nh, Quáº£ng Nam","Cho thuÃª nhÃ  máº·t tiá»n 278 Tiá»ƒu La thá»‹ tráº¥n HÃ  Lam ThÄƒng BÃ¬nh Quáº£ng Nam, chiá»u ngang 8m5, giÃ¡ thá»a thuáº­n. LiÃªn há»‡ Yáº¿n 0905370675 0914874371 Chat Quan tÃ¢m LÆ°u tin",,"NhÃ  xÆ°á»Ÿng, máº·t báº±ng, kho bÃ£i",Quáº£ng Nam,ThÄƒng BÃ¬nh,,1.0,,,8.5,https://nhadat24h.net//Upload/User/avatar/2024/253027/Avatar/8d3133ae-9529-418e-90a1-5a418b00e3da.jpg,
"Cho thuÃª nhÃ  máº·t tiá»n Ä‘Æ°á»ng tráº§n báº¡ch Ä‘áº±ng, ngay khu sáº§m uáº¥t",18,90,Cho ThuÃª,"PhÆ°á»ng An KhÃ¡nh, Quáº­n Ninh Kiá»u, Cáº§n ThÆ¡","NhÃ  cÃ³ diá»‡n tÃ­ch ngang trÃªn 5m dÃ i trÃªn 18m. Thiáº¿t káº¿ 1 phÃ²ng khÃ¡ch trá»‘ng suá»‘t, 4 phÃ²ng ngá»§, 3 toilet, nhÃ  báº¿p sáº¡ch sáº½. Náº±m gáº§n Ä‘áº¡i há»c y dÆ°á»£c cáº§n thÆ¡, gáº§n highlands cafÃ©, ngay khu vá»±c nhiá»u ngÆ°á»i dÃ¢n sinh sá»‘ng vÃ  Ä‘Ã´ng phÆ°Æ¡ng tiá»‡n qua láº¡i táº¥p náº­p thuáº­n tiá»‡n kinh doanh nhiá»u ngÃ nh nghá» cá»­a hÃ ng Ä‘iá»‡n thoáº¡i, cá»­a hÃ ng giáº·t sáº¥y, cá»­a hÃ ng trÃ¡i cÃ¢y tÆ°Æ¡i, cá»­a hÃ ng Ä‘á»“ thá»ƒ thao, má»Ÿ vÄƒn phÃ²ng cÃ´ng ty Ä‘áº¡i diá»‡n hoáº·c á»Ÿ gia Ä‘Ã¬nh. GiÃ¡ cho thuÃª 18 triá»‡u/thÃ¡ng, cá»c 2 thÃ¡ng. LiÃªn há»‡: 0919.275.966 Mr.TÃ¹ng 0919275966 Chat Quan tÃ¢m LÆ°u tin",,NhÃ  máº·t phá»‘,Cáº§n ThÆ¡,Ninh Kiá»u,4.0,3.0,,,,https://nhadat24h.net//Upload/User/DangTin/2024/Images/517601/1614bbd9-4699-4286-9ed0-b567d27dcc1d.jpg,"[10.0315481, 105.7554049]"
Cho thuÃª nhÃ  5 táº§ng nguyá»…n vÄƒn linh sÃ¡t cáº§u rá»“ng - tp. Ä‘Ã  náºµng,Thá»a thuáº­n,105,Cho ThuÃª,"PhÆ°á»ng PhÆ°á»›c Ninh, Quáº­n Háº£i ChÃ¢u, ÄÃ  Náºµng","âœ… Cho ThuÃª NhÃ  5 Táº§ng #Nguyá»…n #VÄƒn #Linh SÃ¡t Cáº§u Rá»“ng - TP. ÄÃ  Náºµng âœ… Diá»‡n tÃ­ch Ä‘áº¥t : 105mÂ² âœ… Ngang : 4,5m âœ… NhÃ  5 táº§ng cÃ³ 5phÃ²ng ngá»§, thang mÃ¡y. âœ… HÆ°á»›ng Nam. âœ… KhÃ´ng ngáº­p lá»¥t. âœ… Thanh toÃ¡n trÆ°á»›c 6 thÃ¡ng. âœ… GiÃ¡ cho thuÃª : 65tr/ thÃ¡ng thÆ°Æ¡ng lÆ°á»£ng âœ… Há»— trá»£ 1 thÃ¡ng thá»i gian sá»­a chá»¯a. 0905956401 Chat Quan tÃ¢m LÆ°u tin",,NhÃ  máº·t phá»‘,ÄÃ  Náºµng,Háº£i ChÃ¢u,5.0,6.0,5,,5,https://nhadat24h.net//Upload/User/DangTin/2024/Images/397209/4cfa8c67-ce31-4a64-9675-b738b5e9802b.jpeg,"[16.0639116, 108.2213419]"
"Cho thuÃª nhÃ  máº·t tiá»n lÃ½ thÃ¡i tá»•, khu dÃ¢n cÆ° hÆ°ng phÃº 1",17,115,Cho ThuÃª,"PhÆ°á»ng HÆ°ng PhÃº, Quáº­n CÃ¡i RÄƒng, Cáº§n ThÆ¡","Diá»‡n tÃ­ch: 5m x 23m Thiáº¿t káº¿: 1 trá»‡t 2 láº§u cÃ³ 6 phÃ²ng vá»‡ sinh, 4 phÃ²ng ngá»§ GiÃ¡ thuÃª 17 triá»‡u/ thÃ¡ng, cá»c 2 thÃ¡ng, Æ°u tiÃªn há»£p Ä‘á»“ng lÃ¢u dÃ i Náº±m ngay khu vá»±c tiá»‡n Ã­ch, gáº§n siÃªu thá»‹ go, gáº§n trÆ°á»ng tráº§n Ä‘áº¡i nghÄ©a, gáº§n trÆ°á»ng máº§m non ngÃ´i sao, thuáº­n tiá»‡n kinh doanh nhiá»u ngÃ nh nghá» nhÆ° cá»­a hÃ ng trÃ¡i cÃ¢y tÆ°Æ¡i, spa, cá»­a hÃ ng chuyá»ƒn phÃ¡t nhanh, cÃ´ng ty báº¥t Ä‘á»™ng sáº£n, má»Ÿ vÄƒn phÃ²ng cÃ´ng ty Ä‘áº¡i diá»‡n hoáº·c á»Ÿ gia Ä‘Ã¬nh. LÆ°u Ã½: chá»§ khÃ´ng cho kinh doanh Äƒn uá»‘ng LiÃªn há»‡: 0919.275.966 Mr.TÃ¹ng 0919275966 Chat Quan tÃ¢m LÆ°u tin",,NhÃ  Ä‘áº¥t thá»• cÆ°,Cáº§n ThÆ¡,CÃ¡i RÄƒng,4.0,6.0,,,,https://nhadat24h.net//Upload/User/DangTin/2024/Images/517601/a6acf0d3-064d-414f-bef4-bb88372efd44.jpg,"[10.0215307, 105.7892182]"
Cáº§n cho thuÃª nhÃ  nguyÃªn cÄƒn máº·t tiá»n Ä‘Æ°á»ng cmt8 p6 qtbÃ¬nh,45,150,Cho ThuÃª,"CÃ¡ch Máº¡ng ThÃ¡ng 8, PhÆ°á»ng 6, Quáº­n TÃ¢n BÃ¬nh, Há»“ ChÃ­ Minh","XÃ¡c thá»±c chÃ­nh chá»§ Cáº§n cho thuÃª nhÃ  nguyÃªn cÄƒn máº·t tiá»n Ä‘Æ°á»ng 755 CMT8 p6 qTBÃ¬nh, dt 4,2â€¢21m, má»™t trá»‡t má»™t lá»­ng, cÃ³ vá»‰a hÃ¨ rá»™ng 10m, cÃ³ Ä‘Æ°á»ng ná»™i bá»™ rá»™ng 2m phÃ­a sau nhÃ , nhÃ  trá»‘ng khÃ´ng ngÄƒn phÃ²ng, ná»™i tháº¥t cao cáº¥p , cÃ³ thá»ƒ giao nhÃ  ngay. Ät liÃªn há»‡ 0903772416 0903772416 Chat Quan tÃ¢m LÆ°u tin",,NhÃ  máº·t phá»‘,Há»“ ChÃ­ Minh,TÃ¢n BÃ¬nh,3.0,1.0,2,ÄÃ´ng báº¯c,4.2,https://nhadat24h.net//Upload/User/DangTin/2024/Images/11606/56023457-3b71-45ec-90bc-cfffae7e5e26.jpeg,"[10.7877696, 106.6630309]"
Cáº§n cho thuÃª toÃ  nhÃ  9 táº§ng Ä‘Æ°á»ng 3/2 q11,400,500,Cho ThuÃª,"ÄÆ°á»ng 3/2, PhÆ°á»ng 16, Quáº­n 11, Há»“ ChÃ­ Minh","XÃ¡c thá»±c chÃ­nh chá»§ Cáº§n cho thuÃª toÃ  nhÃ  máº·t tiá»n Ä‘Æ°á»ng 3/2 q11,Â 9 táº§ng , 11mâ€¢30m. LiÃªn há»‡ 0903772416 0903772416 Chat Quan tÃ¢m LÆ°u tin",,NhÃ  máº·t phá»‘,Há»“ ChÃ­ Minh,11,,,,,,https://nhadat24h.net/https://nhadat24h01.blob.core.windows.net/2024/Images/11606/IMG_1718246884348.jpg,
Cho thuÃª villa khuÃ´n viÃªn 1000m2 phÆ°á»ng 8 Ä‘Ã  láº¡t,25,1000,Cho ThuÃª,"PhÆ°á»ng 8, ThÃ nh phá»‘ ÄÃ  Láº¡t, LÃ¢m Äá»“ng","** GiÃ¡ chá»‰ 25tr/ thÃ¡ng ** PTTT: Cá»c 1, Ä‘Ã³ng thá»a thuáº­n ==================== Diá»‡n tÃ­ch Ä‘áº¥t 1000m2 Diá»‡n tÃ­ch xÃ¢y dá»±ng: 200m2 Máº·t tiá»n: 30m Lá»™ Giá»›i: 6m Ä‘Æ°á»ng báº±ng pháº³ng, thÃ´ng thoÃ¡ng. NhÃ  1 trá»‡t 1 láº§u cÄƒn nhÃ  cáº¥p 4 gá»“m 1 phÃ²ng khÃ¡ch, 1 phÃ²ng báº¿p, 6 phÃ²ng ngá»§, 6wc SÃ¢n rá»™ng Ä‘áº­u Ä‘Æ°á»£c 4-5 Ã´ tÃ´ hoáº·c xe 16 chá»—, cÃ³ sáº£nh BBQ khuÃ´n viÃªn sÃ¢n vÆ°á»n cá»±c rá»™ng Hiá»‡n tráº¡ng: nhÃ  trá»‘ng khÃ´ng ná»™i tháº¥t ================================== LiÃªn há»‡ ngay Ä‘á»ƒ Ä‘Æ°á»£c tÆ° váº¥n vÃ  tham kháº£o nhiá»u thÃ´ng tin hÆ¡n! 0911912566 Chat Quan tÃ¢m LÆ°u tin",,"NhÃ  biá»‡t thá»±, liá»n ká»",LÃ¢m Äá»“ng,ÄÃ  Láº¡t,6.0,6.0,2,,30,https://nhadat24h.net//Upload/User/DangTin/2024/Images/476931/b4db1ea9-1b0b-407a-a785-b1c1e39ef571.jpg,"[11.9648407, 108.4431979]"
"Cho thuÃª kho xÆ°á»Ÿng 2.700m2 á»Ÿ Ä‘á»©c hÃ²a, long an giÃ¡ 140tr/thÃ¡ng lh: 0949 861 287",140,2700,Cho ThuÃª,"XÃ£ Äá»©c HÃ²a Háº¡, Huyá»‡n Äá»©c HÃ²a, Long An","*** Cho thuÃª nhÃ  xÆ°á»Ÿng thuá»™c huyá»‡n Äá»©c HÃ²a, Long An *** Diá»‡n tÃ­ch: nhÃ  xÆ°á»Ÿng xÃ¢y dá»±ng 2.700m2 *** GiÃ¡ cho thuÃª: xÆ°á»Ÿng: 2.2 usd/m2/ thÃ¡ng (táº§m 140tr/ thÃ¡ng) *** BÃ¬nh Ä‘iá»‡n: 560KVA *** ÄÆ°á»ng container, há»‡ thá»‘ng phÃ²ng chÃ¡y chá»¯a chÃ¡y Ä‘áº§y Ä‘á»§ *** Anh chá»‹ cÃ³ nhu cáº§u thuÃª liÃªn há»‡ gáº·p Kim CÃºc qua sá»‘ 0949.861 287, 0786.7978 99 hoáº·c (zalo) 0949.861 287 Ä‘á»ƒ xem xÆ°á»Ÿng vÃ  cá»c ngay nhÃ© *** NgoÃ i ra, Kim CÃºc cÃ³ nháº­n kÃ½ gá»­i cho thuÃª, mua bÃ¡n kho, nhÃ  xÆ°á»Ÿng, Ä‘áº¥t lá»›n cÃ´ng máº«u, Ä‘áº¥t ná»n, nhÃ  á»Ÿ, nhÃ  trá» , anh chá»‹ cÃ³ nhu cáº§u alo Kim CÃºc theo sá»‘:0949861287, 0786797899 hoáº·c (zalo) 0949861287. Xin chÃ¢n thÃ nh cÃ¡m Æ¡n 0949861287 Chat Quan tÃ¢m LÆ°u tin",,"NhÃ  xÆ°á»Ÿng, máº·t báº±ng, kho bÃ£i",Long An,Äá»©c HÃ²a,,,,,,https://nhadat24h.net//Upload/User/DangTin/2023/Images/325169/a80120e5-e92a-4a2c-a93e-5139e93ac005.jpg,"[10.8155812, 106.4689869]"
"Cho thuÃª kho xÆ°á»Ÿng 19.000mÂ² Ä‘á»©c hÃ²a, long an giÃ¡ 800tr/thÃ¡ng lh: 0949 861 287",800,19000,Cho ThuÃª,"XÃ£ Äá»©c HÃ²a Háº¡, Huyá»‡n Äá»©c HÃ²a, Long An","**** Cho thuÃª nhÃ  xÆ°á»Ÿng Äá»©c HÃ²a, Long An **** *** Diá»‡n tÃ­ch tá»•ng khuÃ´n viÃªn: 19.000mÂ² *** Diá»‡n tÃ­ch xÆ°á»Ÿng xÃ¢y dá»±ng : 10.800mÂ² *** Diá»‡n tÃ­ch vÄƒn phÃ²ng : 1.730mÂ² *** NhÃ  xe 1 trá»‡t, 2 láº§u tá»•ng: 1.800mÂ² *** NhÃ  Äƒn : 400mÂ² *** PhÃ²ng báº£o vá»‡, cÃ²n láº¡i sÃ¢n vÃ  hÃ nh lang *** GiÃ¡ cho thuÃª tá»•ng: 800tr/ thÃ¡ng *** Äiá»‡n háº¡ bÃ¬nh:1.000 KVA *** Pccc tá»± Ä‘á»™ng tháº©m duyá»‡t *** Anh chá»‹ cÃ³ nhu cáº§u thuÃª liÃªn há»‡ gáº·p Kim CÃºc qua sá»‘ Ä‘iá»‡n thoáº¡i 0949.861 287, 0786.7978 99 hoáº·c (zalo) 0949.861 287 Ä‘á»ƒ Ä‘i xem xÆ°á»Ÿng vÃ  cá»c ngay nhÃ© *** NgoÃ i ra, Kim CÃºc cÃ³ nháº­n kÃ½ gá»­i cho thuÃª, mua bÃ¡n kho, nhÃ  xÆ°á»Ÿng, Ä‘áº¥t lá»›n cÃ´ng máº«u, Ä‘áº¥t ná»n, nhÃ  á»Ÿ, nhÃ  trá» , anh chá»‹ cÃ³ nhu cáº§u alo Kim CÃºc theo sá»‘ Ä‘iá»‡n thoáº¡i 0949861287, 0786797899 hoáº·c (zalo) 0949861287. Xin chÃ¢n thÃ nh cÃ¡m Æ¡n. 0949861287 Chat Quan tÃ¢m LÆ°u tin",CÃ³ Sá»• Ä‘á»,"NhÃ  xÆ°á»Ÿng, máº·t báº±ng, kho bÃ£i",Long An,Äá»©c HÃ²a,,,,,,https://nhadat24h.net//Upload/User/DangTin/2024/Images/325169/6b4dc651-a22c-488d-93b6-dedffde0daf2.jpg,"[10.8155812, 106.4689869]"
"Cho thuÃª kho xÆ°á»Ÿng 13.200m2 á»Ÿ Ä‘á»©c hÃ²a, long an giÃ¡ 3usd/m2/thÃ¡ng lh 0949 861 287",730,13200,Cho ThuÃª,"XÃ£ Äá»©c HÃ²a ÄÃ´ng, Huyá»‡n Äá»©c HÃ²a, Long An","*** Cho thuÃª nhÃ  xÆ°á»Ÿng thuá»™c huyá»‡n Äá»©c HÃ²a, Long An *** Tá»•ng diá»‡n tÃ­ch khuÃ´n viÃªn: 13.200 m2 - Diá»‡n tÃ­ch xÆ°á»Ÿng 1: 4.558,3 m2 - Diá»‡n tÃ­ch xÆ°á»Ÿng 2: 4.242,3 m2 - Diá»‡n tÃ­ch vÄƒn phÃ²ng: 865,20 m2 *** GiÃ¡ cho thuÃª xÆ°á»Ÿng 3 usd/m2/ thÃ¡ng, VÄƒn phÃ²ng 4 usd/m2/ thÃ¡ng táº§m 730tr/thÃ¡ng *** NhÃ  xÆ°á»Ÿng vÃ  vÄƒn phÃ²ng má»›i xÃ¢y, cao rÃ¡o, Ä‘áº¹p, cháº¯c cháº¯n *** BÃ¬nh Ä‘iá»‡n 750kva *** ÄÆ°á»ng container, há»‡ thá»‘ng phÃ²ng chÃ¡y chá»¯a chÃ¡y Ä‘áº§y Ä‘á»§ *** Anh chá»‹ cÃ³ nhu cáº§u thuÃª liÃªn há»‡ gáº·p Kim CÃºc qua sá»‘ 0949.861 287, 0786.7978 99 hoáº·c (zalo) 0949.861 287 Ä‘á»ƒ xem xÆ°á»Ÿng vÃ  cá»c ngay nhÃ© *** NgoÃ i ra, Kim CÃºc cÃ³ nháº­n kÃ½ gá»­i cho thuÃª, mua bÃ¡n kho, nhÃ  xÆ°á»Ÿng, Ä‘áº¥t lá»›n cÃ´ng máº«u, Ä‘áº¥t ná»n, nhÃ  á»Ÿ, nhÃ  trá» , anh chá»‹ cÃ³ nhu cáº§u alo Kim CÃºc theo sá»‘:0949861287, 0786797899 hoáº·c (zalo) 0949861287. Xin chÃ¢n thÃ nh cÃ¡m Æ¡n 0949861287 Chat Quan tÃ¢m LÆ°u tin",,"NhÃ  xÆ°á»Ÿng, máº·t báº±ng, kho bÃ£i",Long An,Äá»©c HÃ²a,,,,,,https://nhadat24h.net//Upload/User/DangTin/2024/Images/325169/4874b9a2-bcb9-4858-8aa4-714bb69306f4.jpg,"[10.8368488, 106.4870372]"
"Cho thuÃª kho xÆ°á»Ÿng máº·t tiá»n nhá»±a 10x45m á»Ÿ Ä‘á»©c hÃ²a, long an giÃ¡ 18tr/thÃ¡ng",18,450,Cho ThuÃª,"XÃ£ Äá»©c HÃ²a ÄÃ´ng, Huyá»‡n Äá»©c HÃ²a, Long An","*** Cho thuÃª nhÃ  xÆ°á»Ÿng á»Ÿ huyá»‡n Äá»©c HÃ²a, Long An *** Kho cho thuÃª 10x45m (450m2) *** CÃ³ Ä‘iá»‡n 3 pha *** GiÃ¡ 18tr/ thÃ¡ng *** Anh chá»‹ cÃ³ nhu cáº§u thuÃª liÃªn há»‡ gáº·p Kim CÃºc qua sá»‘ Ä‘iá»‡n thoáº¡i 0949 861 287 - 0786 7978 99 hoáº·c zalo 0949 861 287 Ä‘á»ƒ Ä‘i xem xÆ°á»Ÿng vÃ  cá»c ngay nhÃ© *** NgoÃ i ra, Kim CÃºc cÃ³ nháº­n kÃ½ gá»­i cho thuÃª, mua bÃ¡n kho, nhÃ  xÆ°á»Ÿng, Ä‘áº¥t lá»›n cÃ´ng máº«u, Ä‘áº¥t ná»n, nhÃ  á»Ÿ, nhÃ  trá» , anh chá»‹ cÃ³ nhu cáº§u alo Kim CÃºc theo sá»‘ Ä‘iá»‡n thoáº¡i 0949 861 287 - 0786 7978 99 hoáº·c zalo 0949 861 287. Xin chÃ¢n thÃ nh cÃ¡m Æ¡n. 0949861287 Chat Quan tÃ¢m LÆ°u tin",,"NhÃ  xÆ°á»Ÿng, máº·t báº±ng, kho bÃ£i",Long An,Äá»©c HÃ²a,,,,,10,https://nhadat24h.net//Upload/User/DangTin/2023/Images/325169/31cac831-f827-4df8-b3e1-bbc0eaa372b8.jpg,"[10.8368488, 106.4870372]"
"ChÃ­nh chá»§ cho thuÃª táº§ng 1, 2, 3,4 trong nhÃ  phá»‘ 7 táº§ng 576 thá»¥y khuÃª, tÃ¢y há»“",Thá»a thuáº­n,100,Cho ThuÃª,"PhÆ°á»ng BÆ°á»Ÿi, Quáº­n TÃ¢y Há»“, HÃ  Ná»™i","CHÃNH CHá»¦ CHO THUÃŠ Táº¦NG 1, 2, 3,4 TRONG NHÃ€ PHá» 7 Táº¦NG 576 THá»¤Y KHUÃŠ, PHÆ¯á»œNG BÆ¯á»I, TÃ‚Y Há»’, HN. - Diá»‡n tÃ­ch 100m2 thÃ´ng sÃ n. - Vá»‹ trÃ­ trung tÃ¢m thuáº­n lá»£i, vá»‰a hÃ¨ rá»™ng, Ä‘Æ°á»ng 2 chiá»u, Ä‘i láº¡i di chuyá»ƒn thuáº­n tiá»‡n. gáº§n chá»£ BÆ°á»Ÿi. - NhÃ  má»›i xÃ¢y, trang bá»‹ há»‡ thá»‘ng thang mÃ¡y, Ä‘iá»u hoÃ  Ã¢m tráº§n vÃ  há»‡ thá»‘ng PCCC Ä‘áº¡t chuáº©n. - NhÃ  cÃ³ máº·t ngÃµ thoÃ¡ng mÃ¡t, Ä‘iá»‡n nÆ°á»›c riÃªng biá»‡t. - PhÃ¹ há»£p cho thuÃª nhiá»u ngÃ nh nghá» nhÆ° vÄƒn phÃ²ng, trá»¥ sá»Ÿ cty, spa, viá»‡n tháº©m má»¹, trung tÃ¢m giáº£ng dáº¡y,... - GiÃ¡ thuÃª thá»a thuáº­n cáº£ 4 táº§ng, cÃ³ thá»ƒ thuÃª riÃªng láº» tá»«ng táº§ng. - KhÃ¡ch quan tÃ¢m liÃªn há»‡ trá»±c tiáº¿p: 0904166387 Chá»‹ HÆ°Æ¡ng (miá»…n quáº£ng cÃ¡o). - Link video: https://youtube.com/shorts/GrjnjhTGwB0?feature=share https://youtube.com/shorts/ytPZuImxrO0?feature=share https://youtube.com/shorts/FnSkXvW5Fuk?feature=share https://youtube.com/shorts/x2iYHkOhpww 0816628545 Chat Quan tÃ¢m LÆ°u tin",,"VÄƒn phÃ²ng, TTTM, Cá»­a hÃ ng, Kiot",HÃ  Ná»™i,TÃ¢y Há»“,,,,,,https://nhadat24h.net//Upload/User/avatar/2024/525649/Avatar/ffb574ae-81a7-48a7-ab18-124d2f6017ca.jpg,"[21.0501972, 105.8107606]"
"TÃ´i cáº§n cho thuÃª máº·t báº±ng kinh doanh 20 triá»‡u/thÃ¡ng máº·t tiá»n Ä‘Æ°á»ng Ä‘inh hÃ²a, q8",20,60,Cho ThuÃª,"Äinh HoÃ , PhÆ°á»ng 13, Quáº­n 8, Há»“ ChÃ­ Minh","DT: 60m2, 5x12 GiÃ¡ thuÃª: 20 triá»‡u/thÃ¡ng. KÃ½ há»£p Ä‘á»“ng, bÃ n giao ngay. Vá»‹ trÃ­: náº±m gáº§n GÃ³c 3 MT Ä‘Æ°á»ng Cáº§n Giuá»™c - ÄÃ¬nh HÃ²a - Cao XuÃ¢n Dá»¥c. LiÃªn há»‡ xem nhÃ  trá»±c tiáº¿p : 0906.773.781 Ms Tháº£o CÃ³ hoa há»“ng cho mÃ´i giá»›i 0906773781 Chat Quan tÃ¢m LÆ°u tin",,NhÃ  máº·t phá»‘,Há»“ ChÃ­ Minh,8,,,,,,https://nhadat24h.net//Upload/User/DangTin/2024/Images/520111/ffe9c5d0-d971-4d4e-b31d-ddb7fbd87e1d.jpg,"[10.7468109, 106.6599042]"
BÃ¡n cho thuÃª mb kho xÆ°á»Ÿng hÃ  huy giÃ¡p tháº¡nh lá»™c quáº­n 12,140,1600,Cho ThuÃª,"PhÆ°á»ng Tháº¡nh Lá»™c, Quáº­n 12, Há»“ ChÃ­ Minh","Cho thuÃª, BÃ¡n MB kho xÆ°á»Ÿng Ä‘Æ°á»ng HÃ  Huy GiÃ¡p Quáº­n 12 * Cho thuÃª: - Kho xÆ°á»Ÿng, cÃ³ VÄƒn phÃ²ng 382m2, ná»n Expoxy, cao Ä‘áº¹p, gáº§n cáº§u PhÃº Long. giÃ¡ thuÃª 24tr - NhÃ  xÆ°á»Ÿng 430m2 gÃ¡c 400m2 ná»n expoxy, laphong sáº¡ch Ä‘áº¹p. há»£p thá»±c pháº©m, má»¹ pháº©m.... giÃ¡ cho thuÃª 35tr - Máº·t báº±ng kho bÃ£i kinh doanh MT HÃ  Huy GiÃ¡p, gáº§n ngÃ£ tÆ° Ga. (Kho 1400m2, 1700m2, 2000m2. ThÃ­ch há»£p lÃ m kho, xÆ°á»Ÿng, kinh doanh, showroom trÆ°ng bÃ y, cá»­a hÃ ng..... * BÃ¡n kho xÆ°á»Ÿng 1/ HÃ  Huy GiÃ¡p gáº§n cáº§u PhÃº Long diá»‡n tÃ­ch (7,3x 58 ~ 429m2) vÃ  (8,5x46~378m2), thá»• cÆ° 100%. giÃ¡ bÃ¡n 14 tá»·. ThÃ´ng tin chi tiáº¿t lh: 0909298353 A.TÃ¹ng (tÆ° váº¥n vÃ  xem MB) Tiáº¿p khÃ¡ch mua thuÃª trá»±c tiáº¿p 0909298353 Chat Quan tÃ¢m LÆ°u tin",,"NhÃ  xÆ°á»Ÿng, máº·t báº±ng, kho bÃ£i",Há»“ ChÃ­ Minh,12,,,,,,https://nhadat24h.net//Upload/User/DangTin/2024/Images/145695/68cc0881-aaea-4995-b044-b0bcc02ca004.jpg,"[10.8731713, 106.6860324]"
Cho thuÃª kho xÆ°á»Ÿng 320-385- 500- 1000m2 Ä‘Æ°á»ng tháº¡nh lá»™c quáº­n 12,23,385,Cho ThuÃª,"PhÆ°á»ng Tháº¡nh Lá»™c, Quáº­n 12, Há»“ ChÃ­ Minh","Cho thuÃª xÆ°á»Ÿng HÃ  Huy GiÃ¡p, Tháº¡nh lá»™c, Quáº­n 12 NhÃ  xÆ°á»Ÿng cao rÃ¡o. Ná»n expoxy sáº¡ch sáº½, cÃ³ sáºµn vÄƒn phÃ²ng, lÃ m viá»‡c, Ä‘Æ°á»ng dÃ¢y Ä‘iá»‡n 3pha quanh xÆ°á»Ÿng, Ä‘iá»‡n nÆ°á»›c Ä‘áº§y Ä‘á»§, máº·t tiá»n Ä‘Æ°á»ng táº£i 8 táº¥n Diá»‡n tÃ­ch: 320m2 (20tr); 400m2 (23tr); 500m2(30tr), 1000m2(55tr).... Kho xÆ°á»Ÿng Ä‘ang trá»‘ng, vÃ o sá»­ dá»¥ng ngay. LiÃªn há»‡: 0909298353 a.TÃ¹ng, Ä‘á»ƒ xem MB kho, xÆ°á»Ÿng. 0909298353 Chat Quan tÃ¢m LÆ°u tin",,"NhÃ  xÆ°á»Ÿng, máº·t báº±ng, kho bÃ£i",Há»“ ChÃ­ Minh,12,,,,,,https://nhadat24h.net//Upload/User/DangTin/2024/Images/145695/b680838f-b3a0-45bc-a618-0a8047db41ea.jpg,"[10.8731713, 106.6860324]"
Cho thuÃª kho xÆ°á»Ÿng ngÃ£ tÆ° ga tl tx apd ta ttn quáº­n 12,75,1200,Cho ThuÃª,"PhÆ°á»ng Tháº¡nh XuÃ¢n, Quáº­n 12, Há»“ ChÃ­ Minh","Kho, nhÃ  xÆ°á»Ÿng cho thuÃª khu vá»±c ngÃ£ tÆ° Ga (Tháº¡nh Lá»™c, Tháº¡nh XuÃ¢n, An PhÃº ÄÃ´ng, Thá»›i An, TTNâ€¦ Quáº­n 12, TPHCM 1/ Kho xÆ°á»Ÿng 500m2, 580m2 LÃª thá»‹ riÃªng, Apd. GiÃ¡ thuÃª 48tr 2/ nhÃ  xÆ°á»Ÿng 900m2 An PhÃº ÄÃ´ng. GiÃ¡ thuÃª 3/ Kho 1400m2 TÃ´ Ngá»c VÃ¢n . GiÃ¡ thuÃª 120tr 4/ Kho xÆ°á»Ÿng 1000m2 gÃ¡c 200m2, Tháº¡nh XuÃ¢n. GiÃ¡ thuÃª 75tr 5/ Kho xÆ°á»Ÿng 1500m2, xÆ°á»Ÿng, Vp 1200m2. GiÃ¡ thuÃª 80tr 6/ Kho 1000m2, 2000m2 An PhÃº ÄÃ´ng. GiÃ¡ thuÃª 70k/m2 7/ 2800m2, kho, Vp 2000m2, pccc tá»± Ä‘á»™ng 220tr 8/ 8000m2, kho xÆ°á»Ÿng 6000m2. GiÃ¡ thuÃª 350tr 9/ Kho xÆ°á»Ÿng giÃ¡ ráº»: 2000m2, 3200m2, 4000m2, 6000m2. GiÃ¡ thuÃª chá»‰ 50k/m2 Lh: 0909298353 a.TÃ¹ng/Zalo tÆ° váº¥n thÃªm thÃ´ng tin, nhu cáº§u phÃ¹ há»£p. Tiáº¿p khÃ¡ch thuÃª mua trá»±c tiáº¿p! (BÃ¡n, cho thuÃª kho bÃ£i xÆ°á»Ÿng Ä‘áº¥t Quáº­n 12, lÃ¢n cáº­n 0909298353 Chat Quan tÃ¢m LÆ°u tin",,"NhÃ  xÆ°á»Ÿng, máº·t báº±ng, kho bÃ£i",Há»“ ChÃ­ Minh,12,,,,,,https://nhadat24h.net//Upload/User/DangTin/2024/Images/145695/de2f4144-3054-4dee-adbc-1260d2ef07f1.jpeg,"[10.8719549, 106.6726095]"
Cho thuÃª kho bÃ£i xÆ°á»Ÿng 1200m2 trá»¥c Ä‘Æ°á»ng 52 quáº­n 12,40,1200,Cho ThuÃª,"PhÆ°á»ng Tháº¡nh XuÃ¢n, Quáº­n 12, Há»“ ChÃ­ Minh","Cho thuÃª kho bÃ£i, nhÃ  xÆ°á»Ÿng trá»¥c TX52 Quáº­n 12 *** Diá»‡n tÃ­ch: 25x50= 1200m2, xd hÆ¡n 500m2( 2 vÄƒn phÃ²ng, 3wc, nhÃ  xÆ°á»Ÿng, sÃ¢n bÃ£i ná»n betong. CÃ³ 3pha. - ÄÆ°á»ng nhá»±a, Cont 20f ra vÃ o. ThÃ­ch há»£p kho bÃ£i, xÆ°á»Ÿng gá»—, cÆ¡ khÃ­â€¦. Há»£p Ä‘á»“ng dÃ i háº¡n - GiÃ¡ cho thuÃª: 40tr/thÃ¡ng *** Diá»‡n tÃ­ch 900m2, nhÃ  xÆ°á»Ÿng 1 láº§u, sÃ n xd 450m2. Cho thuÃª 35tr Lh: 0909298353 a.TÃ¹ng (xem MB) (Kho bÃ£i xÆ°á»Ÿng Ä‘áº¥t Quáº­n 12, lÃ¢n cáº­n) 0909298353 Chat Quan tÃ¢m LÆ°u tin",,"NhÃ  xÆ°á»Ÿng, máº·t báº±ng, kho bÃ£i",Há»“ ChÃ­ Minh,12,,,,,,https://nhadat24h.net//Upload/User/DangTin/2024/Images/145695/892ebabc-c868-4eda-aa06-7d8f9c46fa9c.jpeg,"[10.8719549, 106.6726095]"
Cho thuÃª kho xÆ°á»Ÿng ngÃ£ tÆ° ga tl tx apd ta ttn quáº­n 12,75,1200,Cho ThuÃª,"PhÆ°á»ng Tháº¡nh XuÃ¢n, Quáº­n 12, Há»“ ChÃ­ Minh","Kho, nhÃ  xÆ°á»Ÿng cho thuÃª khu vá»±c ngÃ£ tÆ° Ga (Tháº¡nh Lá»™c, Tháº¡nh XuÃ¢n, An PhÃº ÄÃ´ng, Thá»›i An, TTNâ€¦ Quáº­n 12, TPHCM 1/ Kho xÆ°á»Ÿng 500m2, 580m2 LÃª thá»‹ riÃªng, Apd. GiÃ¡ thuÃª 48tr 2/ nhÃ  xÆ°á»Ÿng 900m2 An PhÃº ÄÃ´ng. GiÃ¡ thuÃª 3/ Kho 1400m2 TÃ´ Ngá»c VÃ¢n . GiÃ¡ thuÃª 120tr 4/ Kho xÆ°á»Ÿng 1000m2 gÃ¡c 200m2, Tháº¡nh XuÃ¢n. GiÃ¡ thuÃª 75tr 5/ Kho xÆ°á»Ÿng 1500m2, xÆ°á»Ÿng, Vp 1200m2. GiÃ¡ thuÃª 80tr 6/ Kho 1000m2, 2000m2 An PhÃº ÄÃ´ng. GiÃ¡ thuÃª 70k/m2 7/ 2800m2, kho, Vp 2000m2, pccc tá»± Ä‘á»™ng 220tr 8/ 8000m2, kho xÆ°á»Ÿng 6000m2. GiÃ¡ thuÃª 350tr 9/ Kho xÆ°á»Ÿng giÃ¡ ráº»: 2000m2, 3200m2, 4000m2, 6000m2. GiÃ¡ thuÃª chá»‰ 50k/m2 Lh: 0909298353 a.TÃ¹ng/Zalo tÆ° váº¥n thÃªm thÃ´ng tin, nhu cáº§u phÃ¹ há»£p. Tiáº¿p khÃ¡ch thuÃª mua trá»±c tiáº¿p! (BÃ¡n, cho thuÃª kho bÃ£i xÆ°á»Ÿng Ä‘áº¥t Quáº­n 12, lÃ¢n cáº­n 0909298353 Chat Quan tÃ¢m LÆ°u tin",,"NhÃ  xÆ°á»Ÿng, máº·t báº±ng, kho bÃ£i",Há»“ ChÃ­ Minh,12,,,,,,https://nhadat24h.net//Upload/User/DangTin/2024/Images/145695/de2f4144-3054-4dee-adbc-1260d2ef07f1.jpeg,"[10.8719549, 106.6726095]"
Cho thuÃª kho xÆ°á»Ÿng 320-385- 500- 1000m2 Ä‘Æ°á»ng tháº¡nh lá»™c quáº­n 12,23,385,Cho ThuÃª,"PhÆ°á»ng Tháº¡nh Lá»™c, Quáº­n 12, Há»“ ChÃ­ Minh","Cho thuÃª xÆ°á»Ÿng HÃ  Huy GiÃ¡p, Tháº¡nh lá»™c, Quáº­n 12 NhÃ  xÆ°á»Ÿng cao rÃ¡o. Ná»n expoxy sáº¡ch sáº½, cÃ³ sáºµn vÄƒn phÃ²ng, lÃ m viá»‡c, Ä‘Æ°á»ng dÃ¢y Ä‘iá»‡n 3pha quanh xÆ°á»Ÿng, Ä‘iá»‡n nÆ°á»›c Ä‘áº§y Ä‘á»§, máº·t tiá»n Ä‘Æ°á»ng táº£i 8 táº¥n Diá»‡n tÃ­ch: 320m2 (20tr); 400m2 (23tr); 500m2(30tr), 1000m2(55tr).... Kho xÆ°á»Ÿng Ä‘ang trá»‘ng, vÃ o sá»­ dá»¥ng ngay. LiÃªn há»‡: 0909298353 a.TÃ¹ng, Ä‘á»ƒ xem MB kho, xÆ°á»Ÿng. 0909298353 Chat Quan tÃ¢m LÆ°u tin",,"NhÃ  xÆ°á»Ÿng, máº·t báº±ng, kho bÃ£i",Há»“ ChÃ­ Minh,12,,,,,,https://nhadat24h.net//Upload/User/DangTin/2024/Images/145695/b680838f-b3a0-45bc-a618-0a8047db41ea.jpg,"[10.8731713, 106.6860324]"
Cho thuÃª kho bÃ£i xÆ°á»Ÿng 1200m2 trá»¥c Ä‘Æ°á»ng 52 quáº­n 12,40,1200,Cho ThuÃª,"PhÆ°á»ng Tháº¡nh XuÃ¢n, Quáº­n 12, Há»“ ChÃ­ Minh","Cho thuÃª kho bÃ£i, nhÃ  xÆ°á»Ÿng trá»¥c TX52 Quáº­n 12 *** Diá»‡n tÃ­ch: 25x50= 1200m2, xd hÆ¡n 500m2( 2 vÄƒn phÃ²ng, 3wc, nhÃ  xÆ°á»Ÿng, sÃ¢n bÃ£i ná»n betong. CÃ³ 3pha. - ÄÆ°á»ng nhá»±a, Cont 20f ra vÃ o. ThÃ­ch há»£p kho bÃ£i, xÆ°á»Ÿng gá»—, cÆ¡ khÃ­â€¦. Há»£p Ä‘á»“ng dÃ i háº¡n - GiÃ¡ cho thuÃª: 40tr/thÃ¡ng *** Diá»‡n tÃ­ch 900m2, nhÃ  xÆ°á»Ÿng 1 láº§u, sÃ n xd 450m2. Cho thuÃª 35tr Lh: 0909298353 a.TÃ¹ng (xem MB) (Kho bÃ£i xÆ°á»Ÿng Ä‘áº¥t Quáº­n 12, lÃ¢n cáº­n) 0909298353 Chat Quan tÃ¢m LÆ°u tin",,"NhÃ  xÆ°á»Ÿng, máº·t báº±ng, kho bÃ£i",Há»“ ChÃ­ Minh,12,,,,,,https://nhadat24h.net//Upload/User/DangTin/2024/Images/145695/892ebabc-c868-4eda-aa06-7d8f9c46fa9c.jpeg,"[10.8719549, 106.6726095]"
Cho thuÃª kho xÆ°á»Ÿng cÃ³ pccc 840m2 an phÃº Ä‘Ã´ng quáº­n 12,50,840,Cho ThuÃª,"PhÆ°á»ng An PhÃº ÄÃ´ng, Quáº­n 12, Há»“ ChÃ­ Minh","Kho xÆ°á»Ÿng cho thuÃª An PhÃº ÄÃ´ng, Ä‘Æ°á»ng nhá»±a, gáº§n Ql1A - DiÃªn tÃ­ch 840m2, 12x70 cao 8m , xe continer 24/24, CÃ³ vÄƒn phÃ²ng, Ä‘iá»‡n 3 pha, nÆ°á»›c thuá»· cá»¥c, pccc Ä‘áº§y Ä‘á»§. GiÃ¡ cho thuÃª 50tr/thÃ¡ng Lh: 0909298353 TÃ¹ng (Kho bÃ£i xÆ°á»Ÿng Ä‘áº¥t Quáº­n 12) 0909298353 Chat Quan tÃ¢m LÆ°u tin",,"NhÃ  xÆ°á»Ÿng, máº·t báº±ng, kho bÃ£i",Há»“ ChÃ­ Minh,12,,,,,,https://nhadat24h.net//Upload/User/DangTin/2024/Images/145695/0334c60e-0d40-4d05-8d36-12c4f977d7ea.jpeg,"[10.8588271, 106.6966734]"
"Cho thuÃª nhÃ  3 táº§ng táº¡i phá»‘ cáº§u tre, xÃ£ há»“ sÆ¡n, huyá»‡n tam Ä‘áº£o, tá»‰nh vÄ©nh phÃºc",3,240,Cho ThuÃª,"XÃ£ Há»“ SÆ¡n, Huyá»‡n Tam Äáº£o, VÄ©nh PhÃºc","XÃ¡c thá»±c chÃ­nh chá»§ Do chuyá»ƒn nhÃ  Ä‘á»ƒ tiá»‡n cho con há»c hÃ nh nÃªn tÃ´i cho thuÃª cÄƒn nhÃ  3 táº§ng ráº¥t thá»‹nh nÃ y. NhÃ  Ä‘Æ°á»£c xÃ¢y dá»±ng kiÃªn cá»‘, cáº©n thÃ¢n, tá»‰ má»‰, cháº¯c cháº¯n, thoÃ¡ng mÃ¡t vÃ  lá»£i phong thá»§y. Ai cáº§n thuÃª dÃ i háº¡n hoáº·c mua cÃ³ thá»ƒ liÃªn há»‡ chÃ­nh chá»§: CÃ´ ChiÃªm 0981113961 0981113961 Chat Quan tÃ¢m LÆ°u tin",,NhÃ  Ä‘áº¥t thá»• cÆ°,VÄ©nh PhÃºc,Tam Äáº£o,3.0,4.0,3,TÃ¢y báº¯c,5,https://nhadat24h.net//Upload/User/DangTin/2024/Images/528843/ca2147e9-093a-43f1-aea1-1482b4a7a1e8.jpg,
Cho thuÃª tÃ²a nhÃ  máº·t tiá»n Ä‘Æ°á»ng 30/4 trung tÃ¢m thÃ nh phá»‘ cáº§n thÆ¡,200,900,Cho ThuÃª,"30 ThÃ¡ng 4, PhÆ°á»ng XuÃ¢n KhÃ¡nh, Quáº­n Ninh Kiá»u, Cáº§n ThÆ¡","Cho thuÃª tÃ²a nhÃ  gÃ³c 2 máº·t tiá»n trung tÃ¢m thÃ nh phá»‘ cáº§n thÆ¡ - Diá»‡n tÃ­ch : 8m x 20m - Káº¿t cáº¥u : 1 háº§m 5 láº§u , toilet, sÃ¢n thÆ°á»£ng - Trang bá»‹ : thang mÃ¡y, há»‡ thá»‘ng pccc, Ä‘iá»‡n 3 pha - GiÃ¡ thuÃª : thá»a thuáº­n - PhÃ¹ há»£p : Showroom, trá»¥ sá»Ÿ cÃ´ng ty, ngÃ¢n hÃ ng, tháº©m má»¹, spa, phÃ²ng khÃ¡m, (khÃ´ng Æ°u tiÃªn trÆ°á»ng há»c) .. ---------------------------------------------------------- LiÃªn há»‡ trao Ä‘á»•i trá»±c tiáº¿p Ä‘á»ƒ cáº­p nháº­t thÃªm NhÃ  Máº·t Tiá»n ngang trÃªn 8m xung quanh theo nhu cáº§u Tel/Zalo: 094-741-1199 Mr Äáº¡t CÃ”NG TY TNHH DNC MEKONG 0947411199 Chat Quan tÃ¢m LÆ°u tin",,NhÃ  máº·t phá»‘,Cáº§n ThÆ¡,Ninh Kiá»u,7.0,6.0,6,,8,https://nhadat24h.net//Upload/User/DangTin/2024/Images/501830/96481d52-1e13-48d5-a1b0-6465f53fe73f.jpg,"[10.0263341, 105.7759748]"
"CÃ´ng ty chuyÃªn cho thuÃª tÃ²a nhÃ  vÄƒn phÃ²ng táº¡i cáº§n thÆ¡, Ä‘a dáº¡ng diá»‡n tÃ­ch vÃ  vá»‹ t",25,100,Cho ThuÃª,"30 ThÃ¡ng 4, PhÆ°á»ng XuÃ¢n KhÃ¡nh, Quáº­n Ninh Kiá»u, Cáº§n ThÆ¡","VÄƒn phÃ²ng cho thuÃª: * Diá»‡n tÃ­ch: 50mÂ² - 70mÂ² - 100mÂ² - 150mÂ² - 200mÂ² - 300mÂ² - 500mÂ² - 700mÂ² - 1.000mÂ² - 2.000mÂ² - 3.000mÂ² - 5.000mÂ². * ÄÆ°á»ng: Äáº¡i Lá»™ HÃ²a BÃ¬nh, 30 ThÃ¡ng 04, 3 ThÃ¡ng 2, Tráº§n HÆ°ng Äáº¡o, Máº­u ThÃ¢n, Nguyá»…n TrÃ£i, CÃ¡ch Máº¡ng ThÃ¡ng 8, Pháº¡m Ngá»c Tháº¡ch, Nguyá»…n VÄƒn Cá»«, Tráº§n HoÃ ng Na, Nguyá»…n Viá»‡t Há»“ng, LÃ½ Tá»± Trá»ng,.. * GiÃ¡ thuÃª: 190 - 400 nghÃ¬n/mÂ²/thÃ¡ng. * Dá»‹ch vá»¥ vÃ  tiá»‡n Ã­ch. - MÃ¡y láº¡nh. - Thang mÃ¡y. - Quáº£n lÃ½ vÃ  váº­n hÃ nh tÃ²a nhÃ . - Báº£o vá»‡ 24/24. - Vá»‡ sinh. - MÃ¡y phÃ¡t Ä‘iá»‡n. - Háº§m giá»¯ xe. - Sáº£nh lá»… tÃ¢n. - Há»‡ thá»‘ng máº¡ng Ä‘iá»‡n thoáº¡i vÃ  internet. - Gáº§n ngÃ¢n hÃ ng, khu vÄƒn phÃ²ng cÃ´ng ty. - CÆ¡m trÆ°a, cafe vÄƒn phÃ²ng 20m. - Äáº§y Ä‘á»§ cÃ¡c dá»‹ch vá»¥ cá»§a 1 cao á»‘c vÄƒn phÃ²ng. LiÃªn há»‡ Ä‘á»ƒ nháº­n Ä‘Æ°á»£c bÃ¡o giÃ¡ giáº£m cá»§a cÃ¡c toÃ  nhÃ : * Hotline: 0947 411 ***. * Mr. Äáº¡t - Zalo, Viber. Sá»‘ D4/24 Tráº§n Quang Kháº£i, PhÆ°á»ng CÃ¡i Kháº¿, Quáº­n Ninh Kiá»u, TP Cáº§n ThÆ¡. * ChÃºng tÃ´i cÃ²n nhiá»u cao á»‘c, 15m Ä‘áº¿n 5.000m, giÃ¡ giáº£m tá»« 10% Ä‘áº¿n 20% Ä‘ang trá»‘ng sáºµn táº¡i 3 Quáº­n trung tÃ¢m thÃ nh phá»‘ cáº§n thÆ¡. 0947411199 Chat Quan tÃ¢m LÆ°u tin",,"VÄƒn phÃ²ng, TTTM, Cá»­a hÃ ng, Kiot",Cáº§n ThÆ¡,Ninh Kiá»u,1.0,2.0,15,,20,https://nhadat24h.net//Upload/User/DangTin/2023/Images/501830/6659bde8-aafe-440a-9b20-a6bed6d0b0d4.jpg,"[10.0263341, 105.7759748]"
CÃ´ng ty chuyÃªn cho thuÃª máº·t báº±ng kinh doanh táº¡i cáº§n thÆ¡,100,500,Cho ThuÃª,"Nguyá»…n VÄƒn cá»«, PhÆ°á»ng An KhÃ¡nh, Quáº­n Ninh Kiá»u, Cáº§n ThÆ¡","KÃ­nh chÃ o quÃ½ khÃ¡ch hÃ ng! ChÃºng tÃ´i lÃ  CÃ´ng ty TNHH BÄS Há»“ ChÃ­ Minh - Cáº§n ThÆ¡ Gia Lá»™c Äiá»n. CÃ´ng ty chuyÃªn cung cáº¥p dá»‹ch vá»¥ cho thuÃª chuyÃªn nghiá»‡p hoÃ n toÃ n miá»…n phÃ­ vá»›i Ä‘a dáº¡ng loáº¡i hÃ¬nh nhÆ°: - Máº·t báº±ng kinh doanh. - Kho xÆ°á»Ÿng. - TÃ²a nhÃ  vÄƒn phÃ²ng. - GiÃ¡ thuÃª 100 triá»‡u/thÃ¡ng, DT 1000mÂ². Vá»›i Ä‘a dáº¡ng sáº£n pháº©m náº±m á»Ÿ nhiá»u vá»‹ trÃ­ Ä‘áº¯c Ä‘á»‹a, khu vá»±c cÃ³ tá»‘c Ä‘á»™ phÃ¡t triá»ƒn kinh doanh tá»‘t táº¡i cÃ¡c quáº­n Trung TÃ¢m TP. Cáº§n ThÆ¡ vÃ  Miá»n TÃ¢y. ChÃºng tÃ´i tá»± tin sáº½ Ä‘Ã¡p á»©ng Ä‘áº§y Ä‘á»§ nhu cáº§u cáº§n thuÃª cá»§a quÃ½ khÃ¡ch hÃ ng, QuÃ½ doanh nghiá»‡p. - Hiá»‡n táº¡i vÄƒn phÃ²ng CÃ´ng ty chÃºng tÃ´i cÃ³ nhiá»u máº·t báº±ng kinh doanh cáº§n cho thuÃª táº¡i quáº­n Ninh Kiá»u. - Diá»‡n tÃ­ch tá»« 100mÂ² Ä‘áº¿n 10.000mÂ² tá»a láº¡c táº¡i cÃ¡c quáº­n trung tÃ¢m vÃ  máº·t tiá»n quá»‘c lá»™ náº±m á»Ÿ nhiá»u vá»‹ trÃ­ Ä‘áº¯c Ä‘á»‹a nháº¥t thÃ nh phá»‘. - Vui lÃ²ng liÃªn há»‡ sá»‘ Ä‘iá»‡n thoáº¡i Ä‘Äƒng tin Ä‘á»ƒ Ä‘Æ°á»£c nhÃ¢n viÃªn tÆ° váº¥n vÃ  Ä‘áº·t háº¹n miá»…n phÃ­, Ráº¥t hÃ¢n háº¡nh Ä‘Æ°á»£c phá»¥ vá»¥ quÃ½ doanh nghiá»‡p. Best Regards!.. 0947411199 Chat Quan tÃ¢m LÆ°u tin",,"VÄƒn phÃ²ng, TTTM, Cá»­a hÃ ng, Kiot",Cáº§n ThÆ¡,Ninh Kiá»u,1.0,1.0,,TÃ¢y báº¯c,20,https://nhadat24h.net//Upload/User/DangTin/2023/Images/501830/f80915cc-1be7-42a7-ac74-ed60598ae629.jpg,"[10.0305207, 105.7519739]"
CÃ´ng ty chuyÃªn cho thuÃª kho xÆ°á»Ÿng cáº§n thÆ¡ & miá»n tÃ¢y tá»« 500m2 Ä‘áº¿n 20.000m2,60,1000,Cho ThuÃª,"Quá»‘c Lá»™ 1, PhÆ°á»ng Ba LÃ¡ng, Quáº­n CÃ¡i RÄƒng, Cáº§n ThÆ¡","CÃ´ng ty chuyÃªn cho thuÃª kho xÆ°á»Ÿng Cáº§n ThÆ¡ & Miá»n TÃ¢y tá»« 10mÂ² Ä‘áº¿n 20.000mÂ². Kho cÃ³ sáºµn 10mÂ² - 20mÂ² - 30mÂ² - 100mÂ² - 150mÂ² - 1000mÂ² - 2.000mÂ² - 5.000mÂ² - 10.000mÂ² táº¡i Cáº§n ThÆ¡. GiÃ¡ thuÃª tuá»³ theo nhu cáº§u dao Ä‘á»™ng tá»«: 30 - 90 nghÃ¬n/mÂ². Há»‡ thá»‘ng kho xÆ°á»Ÿng cÃ³ sáºµn Ä‘áº§y Ä‘á»§ há»‡ thá»‘ng PCCC, Cáº¥p thoÃ¡t nÆ°á»›c, Ä‘iá»‡n 3 pha,... CÃ³ sáºµn kho cao cáº¥p trong cÃ¡c KCN Ä‘Ã¡p á»©ng má»i tiÃªu chÃ­ Ä‘a dáº¡ng diá»‡n tÃ­ch. Äa dáº¡ng mÃ´ hÃ¬nh kho xÆ°á»Ÿng: Kho mini, kho chung, kho chá»©a hÃ ng tá»•ng há»£p, xÆ°á»Ÿng sáº£n xuáº¥t, cÆ¡ sá»Ÿ may gia cÃ´ng, kho chá»©a hÃ ng hÃ ng y táº¿, logistic, kho gáº¡o, kho phÃ¢n bÃ³n, hÃ³a cháº¥t, mÃ´i trÆ°á»ng,... Äa dáº¡ng vá»‹ trÃ­ thuáº­n tiá»‡n di chuyá»ƒn, lá»™ giá»›i container Ä‘áº¿n nÆ¡i. CÃ³ kho sáºµn hoáº·c xÃ¢y má»›i theo yÃªu cáº§u vÃ  nháº­n kho tá»« 2 thÃ¡ng Ä‘áº¿n 6 thÃ¡ng. CÃ¡c Vá»‹ trÃ­ kho náº±m trÃªn Quá»‘c Lá»™, khÃ´ng cáº¥m táº£i, kho cÃ³ sÃ¢n bÃ£i rá»™ng, dock cao, Ä‘Ã¡p á»©ng Ä‘Æ°á»£c tiÃªu chuáº©n kho chuyÃªn nghiá»‡p. LiÃªn há»‡ tÆ° váº¥n: 0947 411 *** Mr Äáº¡t. D - HOMES Office & Warehouse. Mail: dhomesoffice@gmail.com 0947411199 Chat Quan tÃ¢m LÆ°u tin",,"NhÃ  xÆ°á»Ÿng, máº·t báº±ng, kho bÃ£i",Cáº§n ThÆ¡,CÃ¡i RÄƒng,,,,,30,https://nhadat24h.net//Upload/User/DangTin/2023/Images/501830/33a48c42-3ea2-4ad9-bbf5-a394276a6f0e.jpg,"[9.9687165, 105.7376963]"
"5000m2 Ä‘áº¥t (tmd) máº·t tiá»n vÃµ nguyÃªn giÃ¡p, cho thuÃª dÃ i háº¡n",150,5000,Cho ThuÃª,"VÃµ NguyÃªn GiÃ¡p, PhÆ°á»ng PhÃº Thá»©, Quáº­n CÃ¡i RÄƒng, Cáº§n ThÆ¡","Cho thuÃª Ä‘áº¥t máº·t tiá»n VÃµ NguyÃªn GiÃ¡p. Diá»‡n tÃ­ch lá»›n 5000 mÂ² giÃ¡ 0947 411 *** khu vá»±c chá»‰ 30.000Ä‘/mÂ², phÃ¡p lÃ½ TMD cho thuÃª dÃ i háº¡n 10 Ä‘áº¿n 15 nÄƒm. Äáº¥t trong Ã´ vuÃ´ng viá»n Ä‘á» lÃ  Ä‘áº¥t cho thuÃª. Náº¿u khÃ¡ch thuÃª 5000mÂ² thÃ¬ cho thuÃª vÃ¹ng khoanh Ä‘á». Äáº¥t 2 máº·t tiá»n Ä‘Æ°á»ng. ÄÆ°á»ng 2 container trÃ¡nh nhau. Vá»‹ trÃ­ Ä‘áº¯c Ä‘á»‹a giÃ¡p tá»‰nh Háº­u Giang, tá»‰nh VÄ©nh Long, Gáº§n TrÃ  Vinh, 1 HÆ°á»›ng Vá» Háº­u Giang, SÃ³c TrÄƒng, Báº¡c LiÃªu, CÃ  Mau, má»™t hÆ°á»›ng vá» trung tÃ¢m cáº§n thÆ¡ Ä‘i An Giang, KiÃªn Giang, Äá»“ng ThÃ¡p. CÃ¡ch Cáº£ng CÃ¡i Cui 3km, cáº£ng Vmic Háº­u Giang 6km Ä‘Æ°á»ng Ä‘i lá»™ lá»›n thuáº­n tiá»‡n. Äáº¥t lÃ  Ä‘áº¥t máº·t tiá»n. Gáº§n chá»£ phÃº thá»©, gáº§n siÃªu thá»‹ Big C Go, gáº§n báº¿n xe trung tÃ¢m thÃ nh phá»‘ Cáº§n ThÆ¡, gáº§n bá»‡nh viá»‡n HoÃ n Má»¹ Cá»­u Long, gáº§n cÃ¡c khu cÃ´ng nghiá»‡p lá»›n nháº¥t Cáº§n ThÆ¡, cÃ¡ch trung tÃ¢m thÃ nh phá»‘ 3.5 km. Vá»‹ trÃ­ cá»±c Ä‘áº¹p táº­p trung nhiá»u showroom Ã´ tÃ´ nháº¥t khu vá»±c Cáº§n ThÆ¡. 0947411199 Chat Quan tÃ¢m LÆ°u tin",,"NhÃ  xÆ°á»Ÿng, máº·t báº±ng, kho bÃ£i",Cáº§n ThÆ¡,CÃ¡i RÄƒng,,,,ÄÃ´ng báº¯c,50,https://nhadat24h.net//Upload/User/DangTin/2023/Images/501830/61678ece-fd33-4fd3-9c80-19b0c80b5f54.jpg,"[9.9969516, 105.8058693]"
ToÃ  nhÃ  máº·t tiá»n Ä‘Æ°á»ng cmt8 gáº§n vincom hÃ¹ng vÆ°Æ¡ng cáº§n thÆ¡ dtsd 1 100mÂ²,170,1100,Cho ThuÃª,"CÃ¡ch Máº¡ng ThÃ¡ng 8, PhÆ°á»ng An HÃ²a, Quáº­n Ninh Kiá»u, Cáº§n ThÆ¡","Cho thuÃª toÃ  nhÃ  vÄƒn phÃ²ng má»›i gáº§n vincom hÃ¹ng vÆ°Æ¡ng,gáº§n bá»‡nh viá»‡n phá»¥ sáº£n,hoÃ  háº£o medic, nhÃ  1 háº§m ná»•i 5 láº§u cÃ³ thang mÃ¡y vÃ  há»‡ thá»‘ng PCCC, máº·t tiá»n ngang 7m, diá»‡n tÃ­ch máº·t sÃ n 1.100mÂ² - Vá»‹ trÃ­ phÃ¹ há»£p vÄƒn phÃ²ng, ngÃ¢n hÃ ng, cÃ´ng ty, bá»‡nh viá»‡n, spa, tháº©m má»¹, trung tÃ¢m dáº¡y há»c,phÃ²ng khÃ¡m nhi khoa, Ä‘a khoa ... - Diá»‡n tÃ­ch : ngang trÆ°á»›c 7m x dÃ i 30m (DTSD : 1.100mÂ²) - Káº¿t cáº¥u cÃ¡c táº§ng trá»‘ng suá»‘t, má»—i táº§ng 2 toilet - Trang bá»‹ : thang mÃ¡y, há»‡ thá»‘ng PCCC toÃ  nhÃ  - Lá»™ giá»›i : 30m - Há»£p Ä‘á»“ng : trao Ä‘á»•i trá»±c tiáº¿p â€”â€”â€”â€”â€”â€”â€”â€”â€”â€”â€”â€”â€”â€”â€”â€”â€”â€”â€”â€” LiÃªn há»‡: Mr Äáº¡t CÃ”NG TY TNHH DNC MEKONG ChuyÃªn ToÃ  NhÃ  VÄƒn PhÃ²ng - Kho XÆ°á»Ÿng 0947411199 Chat Quan tÃ¢m LÆ°u tin",,"VÄƒn phÃ²ng, TTTM, Cá»­a hÃ ng, Kiot",Cáº§n ThÆ¡,Ninh Kiá»u,6.0,11.0,6,,7,https://nhadat24h.net//Upload/User/DangTin/2023/Images/501830/908c2796-2a6f-41dd-a9a6-14cb7094b16f.jpg,"[10.051865, 105.7735636]"
Kho xÆ°á»Ÿng 81mÂ² - 162mÂ² - 243mÂ² máº·t tiá»n vÃµ nguyÃªn giÃ¡p cÃ¡i rÄƒng cáº§n thÆ¡,21,243,Cho ThuÃª,"VÃµ NguyÃªn GiÃ¡p, PhÆ°á»ng PhÃº Thá»©, Quáº­n CÃ¡i RÄƒng, Cáº§n ThÆ¡","KHO XÆ¯á»NG 81MÂ² - 162MÂ² - 243MÂ² Máº¶T TIá»€N VÃ• NGUYÃŠN GIÃP CÃI RÄ‚NG Cáº¦N THÆ  â€”â€”â€”â€”â€”â€”â€”â€”â€”â€”â€”â€”â€”â€”â€”â€”â€”â€”â€”â€”â€” - Vá»‹ trÃ­ phÃ¹ há»£p: kho hÃ ng, cá»­a hÃ ng, showroom, gia cÃ´ng, sáº¯t thÃ©p, cÆ¡ khÃ­,... - Diá»‡n tÃ­ch kho: Ngang 4,5m x dÃ i 18m (DTSD: 81mÂ²) giÃ¡ thuÃª 7 triá»‡u/ thÃ¡ng - Diá»‡n tÃ­ch kho: Ngang 9m x dÃ i 18m (DTSD: 162mÂ²) giÃ¡ thuÃª 14 triá»‡u/ thÃ¡ng - Diá»‡n tÃ­ch kho: Ngang 13,5m x dÃ i 18m (DTSD: 243mÂ²) giÃ¡ thuÃª 21 triá»‡u/ thÃ¡ng - Káº¿t cáº¥u nhÃ  kho: trá»‘ng suá»‘t, sÃ n betong cá»©ng, tráº§n cao 5m - Lá»™ giá»›i: 50m Container hoáº¡t Ä‘á»™ng 24/7 â€”â€”â€”â€”â€”â€”â€”â€”â€”â€”â€”â€”â€”â€”â€”â€”â€”â€”â€”â€”â€” DNC Warehouse Cho thuÃª Kho xÆ°á»Ÿng chuyÃªn nghiá»‡p Cáº§n thÆ¡ LiÃªn há»‡ trao Ä‘á»•i: Mr Äáº¡t qua zalo, Ä‘á»ƒ cáº­p nháº­t thÃªm ráº¥t nhiá»u Kho XÆ°á»Ÿng xung quanh khu vá»±c CÃ”NG TY TNHH DNC MEKONG 0947411199 Chat Quan tÃ¢m LÆ°u tin",,"NhÃ  xÆ°á»Ÿng, máº·t báº±ng, kho bÃ£i",Cáº§n ThÆ¡,CÃ¡i RÄƒng,,,,,13.5,https://nhadat24h.net//Upload/User/DangTin/2024/Images/501830/510bcfdb-1540-4321-82fe-7719ab8421fb.jpg,"[9.9969516, 105.8058693]"
"CÄƒn há»™ dá»‹ch vá»¥ trung tÃ¢m thÃ nh phá»‘ cáº§n thÆ¡,chá»‰ 5 triá»‡u",5,30,Cho ThuÃª,"Nguyá»…n VÄƒn cá»«, PhÆ°á»ng An KhÃ¡nh, Quáº­n Ninh Kiá»u, Cáº§n ThÆ¡","CHO THUÃŠ CÄ‚N Há»˜ CHUNG CÆ¯ CAO Cáº¤P Táº I TRáº¦N NAM PHÃš, AN KHÃNH, NINH KIá»€U, Cáº¦N THÆ  - GiÃ¡ thuÃª chá»‰: 5 triá»‡u / thÃ¡ng ( cá»c 1 thÃ¡ng ) phÃ²ng cÃ³ view vá»‹ trÃ­ thÃ­ch há»£p hÆ¡n 6 triá»‡u / thÃ¡ng ( cá»c 1 thÃ¡ng ) - Diá»‡n tÃ­ch 28-30m2 CÃ³ thang mÃ¡y, nhÃ  xe, cá»­a cá»•ng vÃ¢n tay, Báº£o vá»‡, táº¡p vá»¥, ká»¹ thuáº­t phÃ²ng ÄÆ°á»£c nuÃ´i thÃº cÆ°ng nhÆ°ng pháº£i Ä‘áº£m báº£o vá»‡ sinh vÃ  khÃ´ng gÃ¢y tiáº¿ng á»“n... khÃ´ng nháº­u trong phÃ²ng Ná»™i tháº¥t: MÃ¡y Láº¡nh, MÃ¡y Giáº·t Tá»§ Láº¡nh...GiÆ°á»ng, Ná»‡m, Tá»§ Quáº§n Ão, Tá»§ Báº¿p Gá»—, Báº¿p Máº·t ÄÃ¡...BÃ n LÃ m Viá»‡c, BÃ n Trang Äiá»ƒm, Tivi vÃ  Ká»‡ Tivi, Quáº¡t Tráº§n...NhÃ  Vá»‡ Sinh Cao cáº¥p cÃ³ gÆ°Æ¡ng chá»‰nh Ä‘iá»‡n MÃ¡y NÆ°á»›c NÃ³ng __________________________ DNC Warehouse Cho thuÃª Kho XÆ°á»Ÿng VÄƒn PhÃ²ng ChuyÃªn nghiá»‡p Cáº§n ThÆ¡ LiÃªn há»‡: Mr Äáº¡t CÃ”NG TY TNHH DNC MEKONG 0947411199 Chat Quan tÃ¢m LÆ°u tin",,CÄƒn há»™ chung cÆ°,Cáº§n ThÆ¡,Ninh Kiá»u,1.0,1.0,7,,10,https://nhadat24h.net//Upload/User/DangTin/2024/Images/501830/e7235640-9bbe-4025-a5ba-4cd57b396b5d.jpg,"[10.0305207, 105.7519739]"
"NhÃ  1t4l,cÃ³ háº§m xe & thang mÃ¡y, 7 phÃ²ng cho thuÃª gáº§n báº¿n ninh kiá»u",35,400,Cho ThuÃª,"Nguyá»…n Thá»‹ Minh Khai, PhÆ°á»ng TÃ¢n An, Quáº­n Ninh Kiá»u, Cáº§n ThÆ¡","CHO THUÃŠ NHÃ€ 1 TRá»†T 1 Lá»®NG 4 Láº¦U Máº¶T TIá»€N ÄÆ¯á»œNG NGUYá»„N THá»Š MINH KHAI, NINH KIá»€U, Cáº¦N THÆ  - NHÃ€ CÃ“ Háº¦M Äá»‚ XE & THANG MÃY - Diá»‡n tÃ­ch: 6m x 16m - Lá»™ giá»›i: 12m - Káº¿t cáº¥u: nhÃ  1 trá»‡t 1 háº§m 4 láº§u gá»“m háº§m Ä‘áº­u xe, táº§ng lá»¯ng trá»‘ng suá»‘t, 07 phÃ²ng ngá»§, Kho, 04 tolet, sÃ¢n thÆ°á»£ng,... - HÆ°á»›ng: ÄÃ´ng nam ğŸ”¥ Ná»˜I THáº¤T: MÃ¡y Láº¡nh, Äiá»‡n 3 Pha, Thang MÃ¡y,... - Æ¯u Ä‘iá»ƒm: nhÃ  vá»‹ trÃ­ sÃ¡ng Ä‘áº¹p vÃ  chá»£ XuÃ¢n KhÃ¡nh nÃªn thuáº­n tiÃªn kinh doanh Ä‘a ngÃ nh nghá» nhÆ° Spa, Shop Quáº§n Ão, Cá»­a HÃ ng, VÄƒn PhÃ²ng CÃ´ng Ty, NhÃ  Thuá»‘c,... - Thanh toÃ¡n: cá»c 2 thÃ¡ng, Ä‘Ã³ng tiá»n Ä‘áº§u thÃ¡ng __________________________ Officecantho Cho thuÃª VÄƒn phÃ²ng chuyÃªn nghiá»‡p Cáº§n thÆ¡ LiÃªn há»‡ trao Ä‘á»•i: Mr Äáº¡t Ä‘á»ƒ cáº­p nháº­t thÃªm nhiá»u sáº£n pháº©m khu vá»±c xung quanh CÃ”NG TY TNHH DNC MEKONG 0947411199 Chat Quan tÃ¢m LÆ°u tin",,NhÃ  máº·t phá»‘,Cáº§n ThÆ¡,Ninh Kiá»u,7.0,4.0,4,,6,https://nhadat24h.net//Upload/User/DangTin/2024/Images/501830/aa102453-e5bf-4d1b-b1cf-f05ac843cece.jpg,"[10.0258564, 105.7821537]"
"Cho thuÃª kho xÆ°á»Ÿng,dt tá»« 100mÂ² Ä‘áº¿n 500mÂ² lÃ  giáº£i phÃ¡p lÃ½ tÆ°á»Ÿng cho cÃ¡c doanh ngh",10,200,Cho ThuÃª,"VÃµ NguyÃªn GiÃ¡p, PhÆ°á»ng PhÃº Thá»©, Quáº­n CÃ¡i RÄƒng, Cáº§n ThÆ¡","Cho thuÃª kho xÆ°á»Ÿng diá»‡n tÃ­ch tá»« 100mÂ² Ä‘áº¿n 500mÂ² lÃ  giáº£i phÃ¡p lÃ½ tÆ°á»Ÿng cho cÃ¡c doanh nghiá»‡p nhá» vÃ  vá»«a Ä‘ang tÃ¬m kiáº¿m khÃ´ng gian lÆ°u trá»¯ hoáº·c sáº£n xuáº¥t linh hoáº¡t, tiáº¿t kiá»‡m chi phÃ­. CÃ¡c kho xÆ°á»Ÿng nÃ y thÆ°á»ng Ä‘Æ°á»£c thiáº¿t káº¿ hiá»‡n Ä‘áº¡i, Ä‘Ã¡p á»©ng Ä‘áº§y Ä‘á»§ cÃ¡c tiÃªu chuáº©n vá» an toÃ n vÃ  tiá»‡n nghi, giÃºp doanh nghiá»‡p yÃªn tÃ¢m váº­n hÃ nh. - Vá»‹ trÃ­ Ä‘áº¯c Ä‘á»‹a - Tiá»‡n Ã­ch Ä‘á»“ng bá»™ - Äa dáº¡ng vá» lá»±a chá»n - GiÃ¡ cáº£ há»£p lÃ½ - Äáº·c biá»‡t, Dá»‹ch vá»¥ tÆ° váº¥n chuyÃªn nghiá»‡p lÃ  yáº¿u tá»‘ cáº§n cÃ³ Ä‘á»ƒ doanh nghiá»‡p tin tÆ°á»Ÿng lá»±a chá»n tÆ° váº¥n --------------------------------------------- QuÃ½ khÃ¡ch hÃ ng vui lÃ²ng LiÃªn há»‡ trao Ä‘á»•i trá»±c tiáº¿p qua sá»‘ ÄT Ä‘Äƒng tin Ä‘á»ƒ cáº­p nháº­t thÃªm ráº¥t nhiá»u Kho xÆ°á»Ÿng xung quanh theo nhu cáº§u - LiÃªn há»‡ : Mr Äáº¡t CÃ”NG TY TNHH DNC MEKONG 0947411199 Chat Quan tÃ¢m LÆ°u tin",,"NhÃ  xÆ°á»Ÿng, máº·t báº±ng, kho bÃ£i",Cáº§n ThÆ¡,CÃ¡i RÄƒng,1.0,2.0,,ÄÃ´ng báº¯c,10,https://nhadat24h.net//Upload/User/DangTin/2024/Images/501830/a0c10f29-abf9-455b-94d5-3661b886a3a8.jpg,"[9.9969516, 105.8058693]"
"Máº·t báº±ng 4.500mÂ²,2 máº·t tiá»n gáº§n trÆ°á»ng Ä‘h, kd Ä‘Æ°á»£c nhiá»u mÃ´ hÃ¬nh káº¿t há»£p",100,4500,Cho ThuÃª,"Pháº¡m HÃ¹ng, PhÆ°á»ng LÃª BÃ¬nh, Quáº­n CÃ¡i RÄƒng, Cáº§n ThÆ¡","Máº¶T Báº°NG 4500mÂ² Äáº¤T 2 Máº¶T TIá»€N ÄÆ¯á»œNG PHáº M HÃ™NG & NHáº¬T Táº¢O CÃI RÄ‚NG - PHÃP LÃ XÃ‚Y Dá»°NG, 10 NÄ‚M OK Æ¯U TIÃŠN DÃ€I Háº N YÃŠN TÃ‚M Äáº¦U TÆ¯ Vá»‹ trÃ­ ráº¥t Ä‘áº¹p ,gáº§n nhiá»u cÆ¡ quan ban nghÃ nh, trÆ°á»ng há»c, doanh nghiá»‡p lá»›n xung quanh,.. - Diá»‡n tÃ­ch: ngang 10,7m ná»Ÿ háº­u 43,7m dÃ i hÆ¡n 100m - Tá»•ng diá»‡n tÃ­ch 4500mÂ² (trong Ä‘Ã³ cÃ³ 600mÂ² thá»• cÆ°, 2350mÂ² chuyÃªn dÃ¹ng) - Máº·t báº±ng Ä‘Ã£ Ä‘Æ°á»£c san láº¥p, cÃ³ tÆ°á»ng gáº¡ch 2m bao quanh háº¿t Ä‘áº¥t - Äáº·c Ä‘iá»ƒm: 2 máº·t tiá»n thÃ­ch há»£p cho má»i loáº¡i hÃ¬nh kinh doanh: Khu vui chÆ¡i tráº» em, cafe, bida,cÄƒn há»™ dá»‹ch vá»¥, bÃ£i xe, cáº§u lÃ´ng - GiÃ¡ thuÃª: 100tr/thÃ¡ng thÆ°Æ¡ng lÆ°á»£ng ---------------------------------- DNC Warehouse Cho thuÃª Kho xÆ°á»Ÿng chuyÃªn nghiá»‡p Cáº§n thÆ¡ LiÃªn há»‡ trao Ä‘á»•i: 094-741-1199 Mr Äáº¡t CÃ”NG TY TNHH DNC MEKONG 0947411199 Chat Quan tÃ¢m LÆ°u tin",,"NhÃ  xÆ°á»Ÿng, máº·t báº±ng, kho bÃ£i",Cáº§n ThÆ¡,CÃ¡i RÄƒng,1.0,1.0,,ÄÃ´ng nam,45,https://nhadat24h.net//Upload/User/DangTin/2024/Images/501830/8e33403a-6790-4e95-95ca-5018a416527e.jpg,"[9.9954037, 105.749316]"
Cho thuÃª máº·t tiá»n phá»‘ thá»i trang ngang 8m Ä‘Æ°á»ng nguyá»…n viá»‡t há»“ng cáº§n thÆ¡,40,200,Cho ThuÃª,"PhÆ°á»ng An PhÃº, Quáº­n Ninh Kiá»u, Cáº§n ThÆ¡","CHO THUÃŠ NHÃ€ TRá»†T Láº¦U Máº¶T TIá»€N PHá» THá»œI TRANG NGANG 8M ÄÆ¯á»œNG NGUYá»„N VIá»†T Há»’NG, Cáº¦N THÆ  - Diá»‡n tÃ­ch: 8m x 14m - Lá»™ giá»›i: 15m - Káº¿t cáº¥u: nhÃ  1 trá»‡t 1 láº§u gá»“m phÃ²ng khÃ¡ch trá»‘ng suá»‘t, phÃ²ng ngá»§, tolet,.. - HÆ°á»›ng: ÄÃ´ng nam - Æ¯u Ä‘iá»ƒm: nhÃ  máº·t tiá»n vá»‹ trÃ­ sÃ¡ng Ä‘áº¹p nÃªn thuáº­n tiá»‡n kinh doanh Ä‘a ngÃ nh nghá» nhÆ° Shop Quáº§n Ão, VÄƒn PhÃ²ng CÃ´ng Ty, Cá»­a HÃ ng, Showroom, Spa, SiÃªu Thá»‹,... - GiÃ¡ thuÃª : 40 ----------------------------------- LiÃªn há»‡ trao Ä‘á»•i trá»±c tiáº¿p Ä‘á»ƒ cáº­p nháº­t thÃªm NhÃ  Máº·t Tiá»n ngang trÃªn 8m xung quanh theo nhu cáº§u Tel/Zalo: 094-741-1199 Mr Äáº¡t CÃ”NG TY TNHH DNC MEKONG 0947411199 Chat Quan tÃ¢m LÆ°u tin",,NhÃ  máº·t phá»‘,Cáº§n ThÆ¡,Ninh Kiá»u,1.0,1.0,1,,8,https://nhadat24h.net//Upload/User/DangTin/2024/Images/501830/edb069b6-84e5-45f9-8863-c7318f93db95.jpg,"[10.0322235, 105.778189]"
"Cho thuÃª kho xÆ°á»Ÿng 900m, 2 máº·t tiá»n vÃµ nguyÃªn giÃ¡p cáº§n thÆ¡ gáº§n bv hoÃ n má»¹",69,900,Cho ThuÃª,"VÃµ NguyÃªn GiÃ¡p, PhÆ°á»ng HÆ°ng Tháº¡nh, Quáº­n CÃ¡i RÄƒng, Cáº§n ThÆ¡","CHO THUÃŠ KHO XÆ¯á»NG 900M2 , Gáº¦N Bá»†NH VIá»†N HOÃ€N Má»¸ & NHIá»€U SHOWROOM Ã” TÃ” 2 Máº¶T TIá»€N ÄÆ¯á»œNG VÃ• NGUYÃŠN GIÃP CÃI RÄ‚NG Cáº¦N THÆ  ---------------------------------- - Diá»‡n tÃ­ch : 18m x 45m, CÃ²n 700m2 trá»‘ng cÃ³ thá»ƒ má»Ÿ rá»™ng theo nhu cáº§u sá»­ dá»¥ng - Káº¿t cáº¥u : Trá»‘ng suá»‘t, cÃ³ VÄ‚N PHÃ’NG 120M Trá»‡t láº§u, ná»n bÃª tÃ´ng cháº¯c cháº¯n, Cao vÃ¡ch 7.2m tráº§n 9.2m, toilet - GiÃ¡ thuÃª : 69 triá»‡u/ thÃ¡ng -------------------------- LiÃªn há»‡ trao Ä‘á»•i trá»±c tiáº¿p Ä‘á»ƒ cáº­p nháº­t thÃªm Kho xÆ°á»Ÿng xung quanh theo nhu cáº§u Tel/Zalo: Mr Äáº¡t CÃ”NG TY TNHH DNC MEKONG 0947411199 Chat Quan tÃ¢m LÆ°u tin",,"NhÃ  xÆ°á»Ÿng, máº·t báº±ng, kho bÃ£i",Cáº§n ThÆ¡,CÃ¡i RÄƒng,1.0,1.0,1,ÄÃ´ng báº¯c,18,https://nhadat24h.net//Upload/User/DangTin/2024/Images/501830/5311c3d0-cdc6-4ea1-a6a5-a09499c24389.jpg,"[10.0112999, 105.7856881]"
"Cho thuÃª kho xÆ°á»Ÿng má»™c, cÆ¡ khÃ­,cÃ´ng nghiá»‡p náº·ng 1.000m cÃ¡i rÄƒng cáº§n thÆ¡ cáº·p ql1a",50,1000,Cho ThuÃª,"Quá»‘c Lá»™ 1, PhÆ°á»ng HÆ°ng PhÃº, Quáº­n CÃ¡i RÄƒng, Cáº§n ThÆ¡","CHO THUÃŠ KHO XÆ¯á»NG 1.000m2 CÃ“ ÄIá»†N 3 PHA Cáº¶P QUá»C Lá»˜ 1A CÃI RÄ‚NG Cáº¦N THÆ  GIÃ 50K/M2 â€”â€”â€”â€”â€”â€”â€”â€”â€”â€”â€”â€”â€”â€”â€”â€”â€”â€”â€”â€”â€” - Vá»‹ trÃ­ phÃ¹ há»£p: xÆ°á»Ÿng má»™c, xÆ°á»Ÿng cÆ¡ khÃ­, gia cÃ´ng, cÃ´ng nghiá»‡p náº·ng, bÃ£i xe cÆ¡ giá»›i, bÃ£i pháº¿ liá»‡u, kho hÃ ng,... - Diá»‡n tÃ­ch sá»­ dá»¥ng: 1.000mÂ² - Káº¿t cáº¥u gá»“m: sÃ¢n bÃ£i, nhÃ  kho, nhÃ  Container, toilet, sÃ n betong chá»‹u táº£i tá»‘t - Trang bá»‹: Ä‘iá»‡n 3 pha - Lá»™ giá»›i: 8m Container hoáº¡t Ä‘á»™ng 24/7 â€”â€”â€”â€”â€”â€”â€”â€”â€”â€”â€”â€”â€”â€”â€”â€”â€”â€”â€”â€”â€” LiÃªn há»‡ trao Ä‘á»•i trá»±c tiáº¿p Ä‘á»ƒ cáº­p nháº­t thÃªm Kho xÆ°á»Ÿng xung quanh theo nhu cáº§u Tel/Zalo: Mr Äáº¡t CÃ”NG TY TNHH DNC MEKONG 0947411199 Chat Quan tÃ¢m LÆ°u tin",,"NhÃ  xÆ°á»Ÿng, máº·t báº±ng, kho bÃ£i",Cáº§n ThÆ¡,CÃ¡i RÄƒng,,,,,20,https://nhadat24h.net//Upload/User/DangTin/2024/Images/501830/7b0fc00a-7f18-461c-9a21-9d77c33cc169.jpg,"[10.0197936, 105.7938921]"
"Kho xÆ°á»Ÿng 170m, bÃ£i 180m, ngang 12m cÃ³ pccc/skc/container",9,170,Cho ThuÃª,"LÃª Há»“ng Phong, PhÆ°á»ng TrÃ  NÃ³c, Quáº­n BÃ¬nh Thá»§y, Cáº§n ThÆ¡","KHO XÆ¯á»NG 170M, BÃƒI 180M, NGANG 12M CÃ“ PCCC/SKC/CONTAINER Máº¶T TIá»€N QL91 GIÃ CHá»ˆ 9 TRIá»†U Vá»‹ trÃ­ phÃ¹ há»£p : kho hÃ ng, gia cÃ´ng, logistic, vÄƒn phÃ²ng, showroom, cá»­a hÃ ng, ... - Diá»‡n tÃ­ch : ngang 12m x dÃ i 14m (DTSD: 170mÂ²) - Káº¿t cáº¥u trá»‡t : kho trá»‘ng suá»‘t, sÃ n lÃ³t gáº¡ch, tráº§n Ä‘Ã³ng laphong, toilet - Trang bá»‹ : há»‡ thá»‘ng PCCC - Lá»™ giá»›i : 40m lá» 15m Container tá»›i xÆ°á»Ÿng â€”â€”â€”â€”â€”â€”â€”â€”â€”â€”â€”â€”â€”â€”â€”â€”â€”â€”â€”â€”â€” DNC Warehouse Cho thuÃª Kho xÆ°á»Ÿng chuyÃªn nghiá»‡p Cáº§n thÆ¡ LiÃªn há»‡ trao Ä‘á»•i: 094-741-1199 Mr Äáº¡t CÃ”NG TY TNHH DNC MEKONG 0947411199 Chat Quan tÃ¢m LÆ°u tin",,"NhÃ  xÆ°á»Ÿng, máº·t báº±ng, kho bÃ£i",Cáº§n ThÆ¡,BÃ¬nh Thá»§y,,1.0,,,12,https://nhadat24h.net//Upload/User/DangTin/2024/Images/501830/10be4442-812c-4392-b0bd-d9d60b0a79eb.jpg,"[10.0979637, 105.7183381]"
Cho thuÃª tÃ²a nhÃ  máº·t tiá»n Ä‘Æ°á»ng 30/4 trung tÃ¢m thÃ nh phá»‘ cáº§n thÆ¡,200,900,Cho ThuÃª,"30 ThÃ¡ng 4, PhÆ°á»ng XuÃ¢n KhÃ¡nh, Quáº­n Ninh Kiá»u, Cáº§n ThÆ¡","Cho thuÃª tÃ²a nhÃ  gÃ³c 2 máº·t tiá»n trung tÃ¢m thÃ nh phá»‘ cáº§n thÆ¡ - Diá»‡n tÃ­ch : 8m x 20m - Káº¿t cáº¥u : 1 háº§m 5 láº§u , toilet, sÃ¢n thÆ°á»£ng - Trang bá»‹ : thang mÃ¡y, há»‡ thá»‘ng pccc, Ä‘iá»‡n 3 pha - GiÃ¡ thuÃª : thá»a thuáº­n - PhÃ¹ há»£p : Showroom, trá»¥ sá»Ÿ cÃ´ng ty, ngÃ¢n hÃ ng, tháº©m má»¹, spa, phÃ²ng khÃ¡m, (khÃ´ng Æ°u tiÃªn trÆ°á»ng há»c) .. ---------------------------------------------------------- LiÃªn há»‡ trao Ä‘á»•i trá»±c tiáº¿p Ä‘á»ƒ cáº­p nháº­t thÃªm NhÃ  Máº·t Tiá»n ngang trÃªn 8m xung quanh theo nhu cáº§u Tel/Zalo: 094-741-1199 Mr Äáº¡t CÃ”NG TY TNHH DNC MEKONG 0947411199 Chat Quan tÃ¢m LÆ°u tin",,NhÃ  máº·t phá»‘,Cáº§n ThÆ¡,Ninh Kiá»u,7.0,6.0,6,,8,https://nhadat24h.net//Upload/User/DangTin/2024/Images/501830/96481d52-1e13-48d5-a1b0-6465f53fe73f.jpg,"[10.0263341, 105.7759748]"
"Kho xÆ°á»Ÿng 170m, bÃ£i 180m, ngang 12m cÃ³ pccc/skc/container",9,170,Cho ThuÃª,"LÃª Há»“ng Phong, PhÆ°á»ng TrÃ  NÃ³c, Quáº­n BÃ¬nh Thá»§y, Cáº§n ThÆ¡","KHO XÆ¯á»NG 170M, BÃƒI 180M, NGANG 12M CÃ“ PCCC/SKC/CONTAINER Máº¶T TIá»€N QL91 GIÃ CHá»ˆ 9 TRIá»†U Vá»‹ trÃ­ phÃ¹ há»£p : kho hÃ ng, gia cÃ´ng, logistic, vÄƒn phÃ²ng, showroom, cá»­a hÃ ng, ... - Diá»‡n tÃ­ch : ngang 12m x dÃ i 14m (DTSD: 170mÂ²) - Káº¿t cáº¥u trá»‡t : kho trá»‘ng suá»‘t, sÃ n lÃ³t gáº¡ch, tráº§n Ä‘Ã³ng laphong, toilet - Trang bá»‹ : há»‡ thá»‘ng PCCC - Lá»™ giá»›i : 40m lá» 15m Container tá»›i xÆ°á»Ÿng â€”â€”â€”â€”â€”â€”â€”â€”â€”â€”â€”â€”â€”â€”â€”â€”â€”â€”â€”â€”â€” DNC Warehouse Cho thuÃª Kho xÆ°á»Ÿng chuyÃªn nghiá»‡p Cáº§n thÆ¡ LiÃªn há»‡ trao Ä‘á»•i: 094-741-1199 Mr Äáº¡t CÃ”NG TY TNHH DNC MEKONG 0947411199 Chat Quan tÃ¢m LÆ°u tin",,"NhÃ  xÆ°á»Ÿng, máº·t báº±ng, kho bÃ£i",Cáº§n ThÆ¡,BÃ¬nh Thá»§y,,1.0,,,12,https://nhadat24h.net//Upload/User/DangTin/2024/Images/501830/10be4442-812c-4392-b0bd-d9d60b0a79eb.jpg,"[10.0979637, 105.7183381]"
"Kho xÆ°á»Ÿng 700m cÃ³ pccc trong cá»¥m kho ql91b nguyá»…n vÄƒn linh, 3 pha 320kva",27,700,Cho ThuÃª,"Nguyá»…n VÄƒn Linh, PhÆ°á»ng Long Tuyá»n, Quáº­n BÃ¬nh Thá»§y, Cáº§n ThÆ¡","KHO XÆ¯á»NG 700M CÃ“ PCCC TRONG Cá»¤M KHO QL91B NGUYá»„N VÄ‚N LINH, 3 PHA 320Kva, Vá»‹ trÃ­ phÃ¹ há»£p : kho hÃ ng, sáº£n xuáº¥t, gia cÃ´ng, cÆ¡ khÃ­, bÃ£i xe,... - Diá»‡n tÃ­ch : ngang 16m x dÃ i 44m x cao 6m (DTSD : 700mÂ²) - Káº¿t cáº¥u : sÃ¢n bÃ£i, nhÃ  kho trá»‘ng suá»‘t, cÃ³ 2 vÄƒn phÃ²ng, toilet - Trang bá»‹ : tráº¡m Ä‘iá»‡n 3 pha 320 kVA - Lá»™ giá»›i : Container hoáº¡t Ä‘á»™ng 24/24 - GiÃ¡ thuÃª 27 triá»‡u â€”â€”â€”â€”â€”â€”â€”â€”â€”â€”â€”â€”â€”â€”â€”â€”â€”â€”â€”â€”â€” DNC Warehouse Cho thuÃª Kho xÆ°á»Ÿng chuyÃªn nghiá»‡p Cáº§n thÆ¡ LiÃªn há»‡ trao Ä‘á»•i: Mr Äáº¡t CÃ”NG TY TNHH DNC MEKONG 0947411199 Chat Quan tÃ¢m LÆ°u tin",,"NhÃ  xÆ°á»Ÿng, máº·t báº±ng, kho bÃ£i",Cáº§n ThÆ¡,BÃ¬nh Thá»§y,,1.0,,,16,https://nhadat24h.net//Upload/User/DangTin/2024/Images/501830/bf501a4b-ba51-4c56-a513-fc5e58078b44.jpg,"[10.0451499, 105.7325572]"
"Kho xÆ°á»Ÿng 400mÂ² gáº§n bv nhi Ä‘á»“ng cáº§n thÆ¡,15 triá»‡u/thÃ¡ng",15,400,Cho ThuÃª,"PhÆ°á»ng Long Tuyá»n, Quáº­n BÃ¬nh Thá»§y, Cáº§n ThÆ¡","KHO XÆ¯á»NG 400M Gáº¦N BV NHI Äá»’NG NGUYá»„N VÄ‚N Cá»ª 15 TRIá»†U/ THÃNG CÃ“ TÃCH,Vá»‹ trÃ­ phÃ¹ há»£p: kho hÃ ng, gia cÃ´ng, xÆ°á»Ÿng gá»—, cÆ¡ khÃ­, logistic,... - Diá»‡n tÃ­ch: Ngang 16m x dÃ i 25m x cao (vÃ¡ch 4m Ä‘á»‰nh 4,5m) (DTSD: 400mÂ²) - Káº¿t cáº¥u nhÃ  kho: trá»‘ng suá»‘t, 1 vÄƒn phÃ²ng, 1 phÃ²ng ngá»§, 2 toilet - Lá»™ giá»›i: 7m trá»ng táº£i Ä‘Æ°á»ng 8 táº¥n â€”â€”â€”â€”â€”â€”â€”â€”â€”â€”â€”â€”â€”â€”â€”â€”â€”â€”â€”â€”â€” DNC Warehouse Cho thuÃª Kho xÆ°á»Ÿng chuyÃªn nghiá»‡p Cáº§n thÆ¡ LiÃªn há»‡ trao Ä‘á»•i Mr Äáº¡t CÃ”NG TY TNHH DNC MEKONG 0947411199 Chat Quan tÃ¢m LÆ°u tin",,"NhÃ  xÆ°á»Ÿng, máº·t báº±ng, kho bÃ£i",Cáº§n ThÆ¡,BÃ¬nh Thá»§y,1.0,1.0,,,16,https://nhadat24h.net//Upload/User/DangTin/2024/Images/501830/cf603974-3000-4427-8d61-c139554f137a.jpg,"[10.0300271, 105.7267367]"
ToÃ  nhÃ  máº·t tiá»n Ä‘Æ°á»ng cmt8 gáº§n vincom hÃ¹ng vÆ°Æ¡ng cáº§n thÆ¡ dtsd 1 100mÂ²,170,1100,Cho ThuÃª,"CÃ¡ch Máº¡ng ThÃ¡ng 8, PhÆ°á»ng An HÃ²a, Quáº­n Ninh Kiá»u, Cáº§n ThÆ¡","Cho thuÃª toÃ  nhÃ  vÄƒn phÃ²ng má»›i gáº§n vincom hÃ¹ng vÆ°Æ¡ng,gáº§n bá»‡nh viá»‡n phá»¥ sáº£n,hoÃ  háº£o medic, nhÃ  1 háº§m ná»•i 5 láº§u cÃ³ thang mÃ¡y vÃ  há»‡ thá»‘ng PCCC, máº·t tiá»n ngang 7m, diá»‡n tÃ­ch máº·t sÃ n 1.100mÂ² - Vá»‹ trÃ­ phÃ¹ há»£p vÄƒn phÃ²ng, ngÃ¢n hÃ ng, cÃ´ng ty, bá»‡nh viá»‡n, spa, tháº©m má»¹, trung tÃ¢m dáº¡y há»c,phÃ²ng khÃ¡m nhi khoa, Ä‘a khoa ... - Diá»‡n tÃ­ch : ngang trÆ°á»›c 7m x dÃ i 30m (DTSD : 1.100mÂ²) - Káº¿t cáº¥u cÃ¡c táº§ng trá»‘ng suá»‘t, má»—i táº§ng 2 toilet - Trang bá»‹ : thang mÃ¡y, há»‡ thá»‘ng PCCC toÃ  nhÃ  - Lá»™ giá»›i : 30m - Há»£p Ä‘á»“ng : trao Ä‘á»•i trá»±c tiáº¿p â€”â€”â€”â€”â€”â€”â€”â€”â€”â€”â€”â€”â€”â€”â€”â€”â€”â€”â€”â€” LiÃªn há»‡: Mr Äáº¡t CÃ”NG TY TNHH DNC MEKONG ChuyÃªn ToÃ  NhÃ  VÄƒn PhÃ²ng - Kho XÆ°á»Ÿng 0947411199 Chat Quan tÃ¢m LÆ°u tin",,"VÄƒn phÃ²ng, TTTM, Cá»­a hÃ ng, Kiot",Cáº§n ThÆ¡,Ninh Kiá»u,6.0,11.0,6,,7,https://nhadat24h.net//Upload/User/DangTin/2023/Images/501830/908c2796-2a6f-41dd-a9a6-14cb7094b16f.jpg,"[10.051865, 105.7735636]"
"TÃ²a nhÃ ,dtsd hÆ¡n 3.000mÂ², sÃ¢n bÃ£i rá»™ng, trá»‘ng suá»‘t/qb thÆ°Æ¡ng hiá»‡u tá»‘t, táº¡i cáº§n t",197,3235,Cho ThuÃª,"VÃµ NguyÃªn GiÃ¡p, PhÆ°á»ng HÆ°ng PhÃº, Quáº­n CÃ¡i RÄƒng, Cáº§n ThÆ¡","CHO THUÃŠ TÃ’A NHÃ€ 3.235mÂ² Máº¶T TIá»€N SONG HÃ€NH TRUNG TÃ‚M Cáº¦N THÆ  ÄÆ°á»ng VÃµ NguyÃªn GiÃ¡p, P. PhÃº Thá»©, Q. CÃ¡i RÄƒng, TP. Cáº§n ThÆ¡ GiÃ¡ thuÃª 197 triá»‡u/ thÃ¡ng,CÃ³ há»‡ thá»‘ng Pccc, Äiá»‡n 3 pha - Diá»‡n tÃ­ch sá»­ dá»¥ng: 3.235mÂ² - Diá»‡n tÃ­ch toÃ  nhÃ : 1.800mÂ² - Diá»‡n tÃ­ch sÃ¢n bÃ£i : 1.017mÂ² - Diá»‡n tÃ­ch kho chá»©a: 418mÂ² ğŸ‘‰ Vá»‹ trÃ­ phÃ¹ há»£p: vÄƒn phÃ²ng, showroom, xÆ°á»Ÿng dá»‹ch vá»¥, kho hÃ ng, gia cÃ´ng, tháº©m má»¹, phÃ²ng khÃ¡m, trung tÃ¢m dáº¡y há»c,... -------------------------------------------- LiÃªn há»‡ trao Ä‘á»•i: Mr Äáº¡t CÃ”NG TY TNHH DNC MEKONG 0947411199 Chat Quan tÃ¢m LÆ°u tin",,NhÃ  máº·t phá»‘,Cáº§n ThÆ¡,CÃ¡i RÄƒng,2.0,6.0,2,,40,https://nhadat24h.net//Upload/User/DangTin/2024/Images/501830/56da6c86-1b6c-4d91-9855-e29057a4eb1f.jpg,"[10.0089839, 105.791867]"
"VÄƒn phÃ²ng cho thuÃª 460m2,vá»‹ trÃ­ trung tÃ¢m,giÃ¡ cá»±c tá»‘t chá»‰ 40 triá»‡u/thÃ¡ng",40,460,Cho ThuÃª,"SÃ´ng Háº­u, PhÆ°á»ng CÃ¡i Kháº¿, Quáº­n Ninh Kiá»u, Cáº§n ThÆ¡","cho thuÃª vÄƒn phÃ²ng má»›i trung tÃ¢m thÃ nh phá»‘ cáº§n thÆ¡, diá»‡n tÃ­ch gáº§n 500m giÃ¡ thuÃª chá»‰ 40 triá»‡u/thÃ¡ng giÃ¡ ráº» nháº¥t phÃ¹ há»£p cÆ¡ sá»Ÿ Ä‘Ã o Ä‘áº¡o, vÄƒn phÃ²ng cÃ´ng ty, dáº¡y há»c,.. - Diá»‡n tÃ­ch : 10m x 46m = 460m2/sÃ n - TÃ²a nhÃ  cÃ³ 2 thang bá»™, 2 thang mÃ¡y, 2 toilet má»—i táº§ng - ÄÃ£ cÃ³ nÆ°á»›c nÃ³ng láº¡nh - ÄÃ£ cÃ³ tráº§n tháº¡ch cao vÃ  Ä‘Ã¨n Ã¢m tráº§n - ÄÃ£ cÃ³ Ä‘iá»‡n 3 pha - ÄÃ£ cÃ³ HT PCCC cho toÃ n bá»™ toÃ  nhÃ  - SÃ¢n trÆ°á»›c diá»‡n tÃ­ch : 10m x 11m - GiÃ¡ thuÃª : 40 triá»‡u chÆ°a thuáº¿, chÆ°a mÃ¡y láº¡nh - Æ¯u tiÃªn : trung tÃ¢m Ä‘Ã o táº¡o, dáº¡y nghá», vÄƒn phÃ²ng cÃ´ng ty,.. - Äáº­u xe : toÃ n bá»™ á»Ÿ bÃ£i phá»¥ toÃ n bá»™ cÃ¡ch 20m - Tiá»‡n Ã­ch : khu vá»±c trung tÃ¢m Ä‘áº§y Ä‘á»§ tiá»‡n Ã­ch, tiá»‡n khÃ¡ch hÃ ng ghÃ© thÄƒm vÃ  nhÃ¢n viÃªn di chuyá»ƒn Ä‘áº¿n lÃ m viá»‡c, cÃ¡ch khu vá»±c Äƒn uá»‘ng, Ä‘á»• xÄƒng, cÆ¡ quan hÃ nh chÃ­nh, chá»£, khÃ¡ch sáº¡n,... bÃ¡n kÃ­nh 200m __________________________ Officecantho Cho thuÃª VÄƒn phÃ²ng chuyÃªn nghiá»‡p Cáº§n thÆ¡ LiÃªn há»‡ trao Ä‘á»•i: Mr Äáº¡t, Tham quan thÃªm nhiá»u VÄƒn phÃ²ng cho thuÃª theo nhu cáº§u CÃ”NG TY TNHH DNC MEKONG 0947411199 Chat Quan tÃ¢m LÆ°u tin",,"VÄƒn phÃ²ng, TTTM, Cá»­a hÃ ng, Kiot",Cáº§n ThÆ¡,Ninh Kiá»u,1.0,2.0,4,,10,https://nhadat24h.net//Upload/User/DangTin/2024/Images/501830/15b8e27d-bdd1-4f79-8567-c063a273e346.jpg,"[10.0441556, 105.7920086]"
Cho thuÃª vÄƒn phÃ²ng showroom rá»™ng 1.000m máº·t tiá»n vÃµ nguyÃªn giÃ¡p cÃ¡i rÄƒng cáº§n t,66,1000,Cho ThuÃª,"VÃµ NguyÃªn GiÃ¡p, PhÆ°á»ng HÆ°ng Tháº¡nh, Quáº­n CÃ¡i RÄƒng, Cáº§n ThÆ¡","CHO THUÃŠ VÄ‚N PHÃ’NG Máº¶T TIá»€N DTSD 1.000M TRá»NG SUá»T ÄÆ¯á»œNG VÃ• NGUYÃŠN GIÃP CÃI RÄ‚NG Cáº¦N THÆ  - Diá»‡n tÃ­ch: 10m x 50m ( DTSD 1.000 m2 ) - Káº¿t cáº¥u nhÃ  trá»‡t láº§u xÃ¢y dá»±ng kiÃªn cá»‘ - Táº§ng trá»‡t trá»‘ng suá»‘t cÃ³ 2 toilÃ©t ná»n nhÃ  xe container vÃ o Ä‘Æ°á»£c ( 2 máº·t tiá»n) - Láº§u kiÃªn cá»‘ trá»‘ng phÃ­a trÆ°á»›c ráº¥t rá»™ng, khu vá»±c báº¿p toilÃ©t, 2 phÃ²ng ngá»§ cÃ³ sáºµn toilÃ©t riÃªng trong phÃ²ng, 1 phÃ²ng lÃ m viá»‡c thoÃ¡ng mÃ¡t. - Lá»™ giá»›i: xe Container vivu , cÃ³ chá»— Ä‘áº­u Ã”TÃ”, Táº£i,â€¦ thoáº£i mÃ¡i - Kho trang bá»‹ sáºµn há»‡ thá»‘ng cá»­a cuá»‘n Ä‘iá»‡n, thang tá»i Ä‘á»“ lÃªn xuá»‘ng hÃ ng, Ä‘iá»‡n 3 Pha, Ä‘iá»‡n NÄƒng lÆ°á»£ng máº·t trá»i,â€¦ - GiÃ¡ thuÃª 66 triá»‡u chÆ°a VAT ----------------------------------- LiÃªn há»‡ trao Ä‘á»•i trá»±c tiáº¿p Ä‘á»ƒ cáº­p nháº­t thÃªm NhÃ  Máº·t Tiá»n ngang trÃªn 8m xung quanh theo nhu cáº§u Tel/Zalo: Mr Äáº¡t CÃ”NG TY TNHH DNC MEKONG 0947411199 Chat Quan tÃ¢m LÆ°u tin",,NhÃ  máº·t phá»‘,Cáº§n ThÆ¡,CÃ¡i RÄƒng,3.0,3.0,1,ÄÃ´ng báº¯c,10,https://nhadat24h.net//Upload/User/DangTin/2024/Images/501830/90720dba-c3a9-4ce6-a064-3a565936e206.jpg,"[10.0112999, 105.7856881]"
"Kho xÆ°á»Ÿng 200m kdc 586, gÃ³c 2 máº·t tiá»n quáº­n cÃ¡i rÄƒng cáº§n thÆ¡",12,200,Cho ThuÃª,"VÃµ NguyÃªn GiÃ¡p, PhÆ°á»ng PhÃº Thá»©, Quáº­n CÃ¡i RÄƒng, Cáº§n ThÆ¡","Cho thuÃª kho xÆ°á»Ÿng 200m2 gÃ³c 2 máº·t tiá»n gáº§n hÃ£ng xe Toyota, Quáº­n CÃ¡i RÄƒng, Cáº§n ThÆ¡,giÃ¡ thuÃª 12 triá»‡u/ thÃ¡ng Vá»‹ trÃ­ phÃ¹ há»£p : cá»­a hÃ ng, showroom, kho hÃ ng, logistic, gia cÃ´ng, bÃ£i xe, gagare,... - Diá»‡n tÃ­ch : 10m x 20m (DTSD : 200mÂ²) - Lá»™ giá»›i : 10m â€”â€”â€”â€”â€”â€”â€”â€”â€”â€”â€”â€”â€”â€”â€”â€”â€”â€”â€”â€”â€” - CÃ´ng ty BÄS Gia Lá»™c Äiá»n chuyÃªn mÃ´i giá»›i (Miá»…n phÃ­ mÃ´i giá»›i): SÃ n vÄƒn phÃ²ng, nhÃ  nguyÃªn cÄƒn lÃ m phÃ²ng, Kho xÆ°á»Ÿng, trung tÃ¢m Ä‘Ã o táº¡o, cá»­a hÃ ng, spa, tháº©m má»¹ táº¡i cÃ¡c quáº­n Ninh Kiá»u, CÃ¡i rÄƒng, BÃ¬nh Thá»§y . QuÃ½ doanh nghiá»‡p cÃ³ nhu cáº§u vui lÃ²ng liÃªn há»‡ qua sá»‘ Ä‘iá»‡n thoáº¡i hoáº·c zalo Ä‘á»ƒ cáº­p nháº­t thÃªm nhiá»u sáº£n pháº©m má»›i . 0947411199 Chat Quan tÃ¢m LÆ°u tin",,"NhÃ  xÆ°á»Ÿng, máº·t báº±ng, kho bÃ£i",Cáº§n ThÆ¡,CÃ¡i RÄƒng,,,,,10,https://nhadat24h.net//Upload/User/DangTin/2023/Images/501830/36ab5939-ca1a-4b2f-86dd-35e178a3e334.jpg,"[9.9969516, 105.8058693]"
Máº·t tiá»n máº­u thÃ¢n xuÃ¢n khÃ¡nh cáº§n thÆ¡ ngang 8m 2 láº§u,45,300,Cho ThuÃª,"Máº­u ThÃ¢n, PhÆ°á»ng XuÃ¢n KhÃ¡nh, Quáº­n Ninh Kiá»u, Cáº§n ThÆ¡","Cho thuÃª nhÃ  Ä‘Æ°á»ng máº­u thÃ¢n phÆ°á»ng xuÃ¢n khÃ¡nh quáº­n ninh kiá»u ngay trung tÃ¢m TPCT giÃ¡ 45tr/thÃ¡ng diá»‡n tÃ­ch ngang trÃªn 8m x 12m káº¿t cáº¥u trá»‡t lá»­ng 2 láº§u, 5 phÃ²ng lÃ  tuyáº¿n Ä‘Æ°á»ng giao thÃ´ng chÃ­nh trung tÃ¢m phÃ¹ há»£p kinh doanh Ä‘a nghÃ nh nghá» nhÆ°: tháº©m má»¹, nha khoa, phÃ²ng khÃ¡m, ngÃ¢n hÃ ng, cÆ¡ sá»Ÿ Ä‘Ã o táº¡o, salon,... vá»‹ trÃ­ gáº§n trÆ°á»ng Ä‘áº¡i há»c cáº§n thÆ¡, gáº§n khÃ¡ch sáº¡n sheraton, náº±m giá»¯a Ä‘Æ°á»ng 3/2 vÃ  30/4 tuyáº¿n Ä‘Æ°á»ng táº­p trung nhiá»u thÆ°Æ¡ng hiá»‡u lá»›n,.. ---------------------------------------------------------------- Office Cáº§n thÆ¡ (Cho thuÃª vÄƒn phÃ²ng chuyÃªn nghiá»‡p táº¡i Cáº§n thÆ¡) LiÃªn há»‡: 0947411199 Mr Äáº¡t CÃ”NG TY TNHH DNC MEKONG #Officecantho #matbangcantho #vanphongchothuecantho #toanhachothucannho #nhathuecantho #OfficeSpaceCanTho #CanThoBusiness #ProfessionalOffice #ModernWorkspace #CanThoOfficeRentals #BusinessExpansion #StrategicLocation #OfficeSecurity #FlexibleWorkspace #CanThoRealEstate #BusinessGrowth #OfficeAmenities #CanThoCommercialSpace #OfficeForLease #CanThoProperty #WorkspaceSolutions #CanThoOfficeMarket #ProductiveWorkspace #CommercialRealEstateCanTho 0947411199 Chat Quan tÃ¢m LÆ°u tin",,NhÃ  máº·t phá»‘,Cáº§n ThÆ¡,Ninh Kiá»u,5.0,3.0,3,,8,https://nhadat24h.net//Upload/User/DangTin/2024/Images/501830/21f74d95-e410-4ccb-b7c8-a780e192a15a.jpg,"[10.0326531, 105.774506]"
Cho thuÃª kho tiÃªu chuáº©n 3600m gáº§n cáº£ng cÃ¡i cui thuáº­n tiá»‡n lÆ°u thÃ´ng cÃ¡c tá»‰nh,201,3600,Cho ThuÃª,"VÃµ NguyÃªn GiÃ¡p, PhÆ°á»ng PhÃº Thá»©, Quáº­n CÃ¡i RÄƒng, Cáº§n ThÆ¡","CHO THUÃŠ KHO & XÆ¯á»NG PHÃP LÃ Äáº¦Y Äá»¦ - DTSD : 3600mÂ² (cÃ³ 2 kho nhÆ° nhau, cÃ³ thá»ƒ thuÃª háº¿t hoáº·c chia 2) Lá»˜ CONTAINER - TRáº M ÄIá»†N 3 PHA Há»† THá»NG PCCC Vá»‹ trÃ­ : KCN gáº§n cáº£ng CÃ¡i Cui, Cáº§n ThÆ¡ ThuÃª : 56.000 vnÄ‘/ mÂ² (chÆ°a thuáº¿ phÃ­) Vá»‹ trÃ­ phÃ¹ há»£p : sáº£n xuáº¥t, chá»©a hÃ ng Diá»‡n tÃ­ch : 3600mÂ² cao 8m Káº¿t cáº¥u trá»‡t : bÃ£i xe Container, máº·t báº±ng trá»‡t trá»‘ng suá»‘t sÃ n xi mÄƒng pháº³ng, 1 nhÃ  vÄƒn phÃ²ng, toilet Trang bá»‹ : tráº¡m Ä‘iá»‡n 3 pha 100 kVA, há»‡ thá»‘ng PCCC, phÃ¡p lÃ½ Ä‘áº§y Ä‘á»§ Lá»™ giá»›i : 15m xe Container tá»›i xÆ°á»Ÿng Há»£p Ä‘á»“ng : 5 - 10 nÄƒm, cá»c 3 thÃ¡ng, thanh toÃ¡n theo quÃ½ ChuyÃªn cho thuÃª kho cÃ³ sáºµn 100m 150m - 2.000m - 5.000m - 10.000m - 20000M táº¡i Cáº§n ThÆ¡ - GiÃ¡ thuÃª tuá»³ theo nhu cáº§u dao Ä‘á»™ng tá»«: 30 - 90 nghÃ¬n/mÂ². - Há»‡ thá»‘ng kho xÆ°á»Ÿng cÃ³ sáºµn Ä‘áº§y Ä‘á»§ há»‡ thá»‘ng PCCC, Cáº¥p thoÃ¡t nÆ°á»›c, Ä‘iá»‡n 3 pha,... - CÃ³ sáºµn kho cao cáº¥p trong cÃ¡c KCN Ä‘Ã¡p á»©ng má»i tiÃªu chÃ­. - Äa dáº¡ng mÃ´ hÃ¬nh kho xÆ°á»Ÿng: Kho chá»©a hÃ ng tá»•ng há»£p, xÆ°á»Ÿng sáº£n xuáº¥t, cÆ¡ sá»Ÿ may gia cÃ´ng, kho chá»©a hÃ ng hÃ ng y táº¿,... -Äa dáº¡ng vá»‹ trÃ­ thuáº­n tiá»‡n di chuyá»ƒn , lá»™ giá»›i container - CÃ³ kho sáºµn hoáº·c xÃ¢y má»›i theo yÃªu cáº§u vÃ  nháº­n kho tá»« 1 thÃ¡ng - 6 thÃ¡ng. - CÃ¡c Vá»‹ trÃ­ kho náº±m trÃªn Quá»‘c Lá»™, khÃ´ng cáº¥m táº£i, kho cÃ³ sÃ¢n bÃ£i rá»™ng, dock cao, Ä‘Ã¡p á»©ng Ä‘Æ°á»£c tiÃªu chuáº©n kho chuyÃªn nghiá»‡p. 0947411199 Chat Quan tÃ¢m LÆ°u tin",,"NhÃ  xÆ°á»Ÿng, máº·t báº±ng, kho bÃ£i",Cáº§n ThÆ¡,CÃ¡i RÄƒng,1.0,2.0,,,30,https://nhadat24h.net//Upload/User/DangTin/2023/Images/501830/dd784d2a-7dac-4c86-ba67-53bb6d47053a.jpg,"[9.9969516, 105.8058693]"
Cho thuÃª máº·t tiá»n phá»‘ thá»i trang ngang 8m Ä‘Æ°á»ng nguyá»…n viá»‡t há»“ng cáº§n thÆ¡,40,200,Cho ThuÃª,"PhÆ°á»ng An PhÃº, Quáº­n Ninh Kiá»u, Cáº§n ThÆ¡","CHO THUÃŠ NHÃ€ TRá»†T Láº¦U Máº¶T TIá»€N PHá» THá»œI TRANG NGANG 8M ÄÆ¯á»œNG NGUYá»„N VIá»†T Há»’NG, Cáº¦N THÆ  - Diá»‡n tÃ­ch: 8m x 14m - Lá»™ giá»›i: 15m - Káº¿t cáº¥u: nhÃ  1 trá»‡t 1 láº§u gá»“m phÃ²ng khÃ¡ch trá»‘ng suá»‘t, phÃ²ng ngá»§, tolet,.. - HÆ°á»›ng: ÄÃ´ng nam - Æ¯u Ä‘iá»ƒm: nhÃ  máº·t tiá»n vá»‹ trÃ­ sÃ¡ng Ä‘áº¹p nÃªn thuáº­n tiá»‡n kinh doanh Ä‘a ngÃ nh nghá» nhÆ° Shop Quáº§n Ão, VÄƒn PhÃ²ng CÃ´ng Ty, Cá»­a HÃ ng, Showroom, Spa, SiÃªu Thá»‹,... - GiÃ¡ thuÃª : 40 ----------------------------------- LiÃªn há»‡ trao Ä‘á»•i trá»±c tiáº¿p Ä‘á»ƒ cáº­p nháº­t thÃªm NhÃ  Máº·t Tiá»n ngang trÃªn 8m xung quanh theo nhu cáº§u Tel/Zalo: 094-741-1199 Mr Äáº¡t CÃ”NG TY TNHH DNC MEKONG 0947411199 Chat Quan tÃ¢m LÆ°u tin",,NhÃ  máº·t phá»‘,Cáº§n ThÆ¡,Ninh Kiá»u,1.0,1.0,1,,8,https://nhadat24h.net//Upload/User/DangTin/2024/Images/501830/edb069b6-84e5-45f9-8863-c7318f93db95.jpg,"[10.0322235, 105.778189]"
Cho thuÃª nhÃ  5 phÃ²ng ngá»§ - 4 mÃ¡y láº¡nh kdc 586 gáº§n toyota cáº§n thÆ¡ giÃ¡ chá»‰ 10tr,10,320,Cho ThuÃª,"VÃµ NguyÃªn GiÃ¡p, PhÆ°á»ng PhÃº Thá»©, Quáº­n CÃ¡i RÄƒng, Cáº§n ThÆ¡","- Diá»‡n tÃ­ch : 5m x 24m (DTSD: 320m2) - Káº¿t cáº¥u : SÃ¢n bÃ£i Ä‘áº­u xe, phÃ²ng khÃ¡ch, 5 phÃ²ng cÃ³ phÃ²ng ngá»§ táº§ng trá»‡t, báº¿p, phÃ²ng giáº·t, sÃ¢n phÆ¡i táº§ng 2, 5 toilet - Trang bá»‹ ná»™i tháº¥t : 4 mÃ¡y láº¡nh, cá»­a gá»—, cá»­a cuá»‘n, mÃ¡y nÆ°á»›c nÃ³ng láº¡nh, 1 tá»§ quáº§n Ã¡o, 1 bÃ n lÃ m viá»‡c, báº¿p. - Há»£p Ä‘á»“ng : cá»c 2 thÃ¡ng, thanh toÃ¡n 3 thÃ¡ng - Vá»‹ trÃ­ gáº§n cÃ¡c hÃ£ng xe lá»›n nhÆ° Honda, Toyota, Ford, Bá»‡nh cÃ¡ch bá»‡nh viá»‡n hoÃ n má»¹ 300m cÃ¡ch cáº£ng cÃ¡i cui 1km, cÃ¡ch ngÃ¢n hÃ ng nam Ã¡ bank 2km , cÃ¡ch trung tÃ¢m thÃ nh phá»‘ cáº§n thÆ¡ chÆ°a tá»›i 3km, khu dÃ¢n cÆ° dÃ¢n trÃ­ an ninh cao - GiÃ¡ thuÃª : 10 triá»‡u/ thÃ¡ng ----------------------------------- LiÃªn há»‡ trao Ä‘á»•i: Mr Äáº¡t (CG) 0947411199 Chat Quan tÃ¢m LÆ°u tin",,NhÃ  trong ngÃµ,Cáº§n ThÆ¡,CÃ¡i RÄƒng,5.0,5.0,2,,5,https://nhadat24h.net//Upload/User/DangTin/2024/Images/501830/891a7073-2e3c-4a62-8591-6ce855ff2774.jpg,"[9.9969516, 105.8058693]"
"Cho thuÃª kho xÆ°á»Ÿng,dt tá»« 100mÂ² Ä‘áº¿n 500mÂ² lÃ  giáº£i phÃ¡p lÃ½ tÆ°á»Ÿng cho cÃ¡c doanh ngh",10,200,Cho ThuÃª,"VÃµ NguyÃªn GiÃ¡p, PhÆ°á»ng PhÃº Thá»©, Quáº­n CÃ¡i RÄƒng, Cáº§n ThÆ¡","Cho thuÃª kho xÆ°á»Ÿng diá»‡n tÃ­ch tá»« 100mÂ² Ä‘áº¿n 500mÂ² lÃ  giáº£i phÃ¡p lÃ½ tÆ°á»Ÿng cho cÃ¡c doanh nghiá»‡p nhá» vÃ  vá»«a Ä‘ang tÃ¬m kiáº¿m khÃ´ng gian lÆ°u trá»¯ hoáº·c sáº£n xuáº¥t linh hoáº¡t, tiáº¿t kiá»‡m chi phÃ­. CÃ¡c kho xÆ°á»Ÿng nÃ y thÆ°á»ng Ä‘Æ°á»£c thiáº¿t káº¿ hiá»‡n Ä‘áº¡i, Ä‘Ã¡p á»©ng Ä‘áº§y Ä‘á»§ cÃ¡c tiÃªu chuáº©n vá» an toÃ n vÃ  tiá»‡n nghi, giÃºp doanh nghiá»‡p yÃªn tÃ¢m váº­n hÃ nh. - Vá»‹ trÃ­ Ä‘áº¯c Ä‘á»‹a - Tiá»‡n Ã­ch Ä‘á»“ng bá»™ - Äa dáº¡ng vá» lá»±a chá»n - GiÃ¡ cáº£ há»£p lÃ½ - Äáº·c biá»‡t, Dá»‹ch vá»¥ tÆ° váº¥n chuyÃªn nghiá»‡p lÃ  yáº¿u tá»‘ cáº§n cÃ³ Ä‘á»ƒ doanh nghiá»‡p tin tÆ°á»Ÿng lá»±a chá»n tÆ° váº¥n --------------------------------------------- QuÃ½ khÃ¡ch hÃ ng vui lÃ²ng LiÃªn há»‡ trao Ä‘á»•i trá»±c tiáº¿p qua sá»‘ ÄT Ä‘Äƒng tin Ä‘á»ƒ cáº­p nháº­t thÃªm ráº¥t nhiá»u Kho xÆ°á»Ÿng xung quanh theo nhu cáº§u - LiÃªn há»‡ : Mr Äáº¡t CÃ”NG TY TNHH DNC MEKONG 0947411199 Chat Quan tÃ¢m LÆ°u tin",,"NhÃ  xÆ°á»Ÿng, máº·t báº±ng, kho bÃ£i",Cáº§n ThÆ¡,CÃ¡i RÄƒng,1.0,2.0,,ÄÃ´ng báº¯c,10,https://nhadat24h.net//Upload/User/DangTin/2024/Images/501830/a0c10f29-abf9-455b-94d5-3661b886a3a8.jpg,"[9.9969516, 105.8058693]"
Kho xÆ°á»Ÿng 81mÂ² - 162mÂ² - 243mÂ² máº·t tiá»n vÃµ nguyÃªn giÃ¡p cÃ¡i rÄƒng cáº§n thÆ¡,21,243,Cho ThuÃª,"VÃµ NguyÃªn GiÃ¡p, PhÆ°á»ng PhÃº Thá»©, Quáº­n CÃ¡i RÄƒng, Cáº§n ThÆ¡","KHO XÆ¯á»NG 81MÂ² - 162MÂ² - 243MÂ² Máº¶T TIá»€N VÃ• NGUYÃŠN GIÃP CÃI RÄ‚NG Cáº¦N THÆ  â€”â€”â€”â€”â€”â€”â€”â€”â€”â€”â€”â€”â€”â€”â€”â€”â€”â€”â€”â€”â€” - Vá»‹ trÃ­ phÃ¹ há»£p: kho hÃ ng, cá»­a hÃ ng, showroom, gia cÃ´ng, sáº¯t thÃ©p, cÆ¡ khÃ­,... - Diá»‡n tÃ­ch kho: Ngang 4,5m x dÃ i 18m (DTSD: 81mÂ²) giÃ¡ thuÃª 7 triá»‡u/ thÃ¡ng - Diá»‡n tÃ­ch kho: Ngang 9m x dÃ i 18m (DTSD: 162mÂ²) giÃ¡ thuÃª 14 triá»‡u/ thÃ¡ng - Diá»‡n tÃ­ch kho: Ngang 13,5m x dÃ i 18m (DTSD: 243mÂ²) giÃ¡ thuÃª 21 triá»‡u/ thÃ¡ng - Káº¿t cáº¥u nhÃ  kho: trá»‘ng suá»‘t, sÃ n betong cá»©ng, tráº§n cao 5m - Lá»™ giá»›i: 50m Container hoáº¡t Ä‘á»™ng 24/7 â€”â€”â€”â€”â€”â€”â€”â€”â€”â€”â€”â€”â€”â€”â€”â€”â€”â€”â€”â€”â€” DNC Warehouse Cho thuÃª Kho xÆ°á»Ÿng chuyÃªn nghiá»‡p Cáº§n thÆ¡ LiÃªn há»‡ trao Ä‘á»•i: Mr Äáº¡t qua zalo, Ä‘á»ƒ cáº­p nháº­t thÃªm ráº¥t nhiá»u Kho XÆ°á»Ÿng xung quanh khu vá»±c CÃ”NG TY TNHH DNC MEKONG 0947411199 Chat Quan tÃ¢m LÆ°u tin",,"NhÃ  xÆ°á»Ÿng, máº·t báº±ng, kho bÃ£i",Cáº§n ThÆ¡,CÃ¡i RÄƒng,,,,,13.5,https://nhadat24h.net//Upload/User/DangTin/2024/Images/501830/510bcfdb-1540-4321-82fe-7719ab8421fb.jpg,"[9.9969516, 105.8058693]"
"CÄƒn há»™ dá»‹ch vá»¥ trung tÃ¢m thÃ nh phá»‘ cáº§n thÆ¡,chá»‰ 5 triá»‡u",5,30,Cho ThuÃª,"Nguyá»…n VÄƒn cá»«, PhÆ°á»ng An KhÃ¡nh, Quáº­n Ninh Kiá»u, Cáº§n ThÆ¡","CHO THUÃŠ CÄ‚N Há»˜ CHUNG CÆ¯ CAO Cáº¤P Táº I TRáº¦N NAM PHÃš, AN KHÃNH, NINH KIá»€U, Cáº¦N THÆ  - GiÃ¡ thuÃª chá»‰: 5 triá»‡u / thÃ¡ng ( cá»c 1 thÃ¡ng ) phÃ²ng cÃ³ view vá»‹ trÃ­ thÃ­ch há»£p hÆ¡n 6 triá»‡u / thÃ¡ng ( cá»c 1 thÃ¡ng ) - Diá»‡n tÃ­ch 28-30m2 CÃ³ thang mÃ¡y, nhÃ  xe, cá»­a cá»•ng vÃ¢n tay, Báº£o vá»‡, táº¡p vá»¥, ká»¹ thuáº­t phÃ²ng ÄÆ°á»£c nuÃ´i thÃº cÆ°ng nhÆ°ng pháº£i Ä‘áº£m báº£o vá»‡ sinh vÃ  khÃ´ng gÃ¢y tiáº¿ng á»“n... khÃ´ng nháº­u trong phÃ²ng Ná»™i tháº¥t: MÃ¡y Láº¡nh, MÃ¡y Giáº·t Tá»§ Láº¡nh...GiÆ°á»ng, Ná»‡m, Tá»§ Quáº§n Ão, Tá»§ Báº¿p Gá»—, Báº¿p Máº·t ÄÃ¡...BÃ n LÃ m Viá»‡c, BÃ n Trang Äiá»ƒm, Tivi vÃ  Ká»‡ Tivi, Quáº¡t Tráº§n...NhÃ  Vá»‡ Sinh Cao cáº¥p cÃ³ gÆ°Æ¡ng chá»‰nh Ä‘iá»‡n MÃ¡y NÆ°á»›c NÃ³ng __________________________ DNC Warehouse Cho thuÃª Kho XÆ°á»Ÿng VÄƒn PhÃ²ng ChuyÃªn nghiá»‡p Cáº§n ThÆ¡ LiÃªn há»‡: Mr Äáº¡t CÃ”NG TY TNHH DNC MEKONG 0947411199 Chat Quan tÃ¢m LÆ°u tin",,CÄƒn há»™ chung cÆ°,Cáº§n ThÆ¡,Ninh Kiá»u,1.0,1.0,7,,10,https://nhadat24h.net//Upload/User/DangTin/2024/Images/501830/e7235640-9bbe-4025-a5ba-4cd57b396b5d.jpg,"[10.0305207, 105.7519739]"
"NhÃ  1t4l,cÃ³ háº§m xe & thang mÃ¡y, 7 phÃ²ng cho thuÃª gáº§n báº¿n ninh kiá»u",35,400,Cho ThuÃª,"Nguyá»…n Thá»‹ Minh Khai, PhÆ°á»ng TÃ¢n An, Quáº­n Ninh Kiá»u, Cáº§n ThÆ¡","CHO THUÃŠ NHÃ€ 1 TRá»†T 1 Lá»®NG 4 Láº¦U Máº¶T TIá»€N ÄÆ¯á»œNG NGUYá»„N THá»Š MINH KHAI, NINH KIá»€U, Cáº¦N THÆ  - NHÃ€ CÃ“ Háº¦M Äá»‚ XE & THANG MÃY - Diá»‡n tÃ­ch: 6m x 16m - Lá»™ giá»›i: 12m - Káº¿t cáº¥u: nhÃ  1 trá»‡t 1 háº§m 4 láº§u gá»“m háº§m Ä‘áº­u xe, táº§ng lá»¯ng trá»‘ng suá»‘t, 07 phÃ²ng ngá»§, Kho, 04 tolet, sÃ¢n thÆ°á»£ng,... - HÆ°á»›ng: ÄÃ´ng nam ğŸ”¥ Ná»˜I THáº¤T: MÃ¡y Láº¡nh, Äiá»‡n 3 Pha, Thang MÃ¡y,... - Æ¯u Ä‘iá»ƒm: nhÃ  vá»‹ trÃ­ sÃ¡ng Ä‘áº¹p vÃ  chá»£ XuÃ¢n KhÃ¡nh nÃªn thuáº­n tiÃªn kinh doanh Ä‘a ngÃ nh nghá» nhÆ° Spa, Shop Quáº§n Ão, Cá»­a HÃ ng, VÄƒn PhÃ²ng CÃ´ng Ty, NhÃ  Thuá»‘c,... - Thanh toÃ¡n: cá»c 2 thÃ¡ng, Ä‘Ã³ng tiá»n Ä‘áº§u thÃ¡ng __________________________ Officecantho Cho thuÃª VÄƒn phÃ²ng chuyÃªn nghiá»‡p Cáº§n thÆ¡ LiÃªn há»‡ trao Ä‘á»•i: Mr Äáº¡t Ä‘á»ƒ cáº­p nháº­t thÃªm nhiá»u sáº£n pháº©m khu vá»±c xung quanh CÃ”NG TY TNHH DNC MEKONG 0947411199 Chat Quan tÃ¢m LÆ°u tin",,NhÃ  máº·t phá»‘,Cáº§n ThÆ¡,Ninh Kiá»u,7.0,4.0,4,,6,https://nhadat24h.net//Upload/User/DangTin/2024/Images/501830/aa102453-e5bf-4d1b-b1cf-f05ac843cece.jpg,"[10.0258564, 105.7821537]"
Cho thuÃª biá»‡t thá»± an khang dÆ°Æ¡ng ná»™i - vá»‹ trÃ­ Ä‘áº¹p,28.5,185,Cho ThuÃª,"PhÆ°á»ng DÆ°Æ¡ng Ná»™i, Quáº­n HÃ  ÄÃ´ng, HÃ  Ná»™i","Diá»‡n tÃ­ch : 185m x 4 táº§ng, nhÃ  Ä‘Ã£ hoÃ n thiá»‡n Ä‘áº¹p, PhÃ¹ há»£p cho thuÃª lÃ m vÄƒn phÃ²ng cÃ´ng ty, vÄƒn phÃ²ng du há»c, xuáº¥t kháº©u lao Ä‘á»™ng - CÃ¡ch cÃ´ng viÃªn thiÃªn vÄƒn há»c 300m GiÃ¡ cho thuÃª 28tr5 triá»‡u/thÃ¡ng LiÃªn há»‡ : 094.125.1686 0965145894 Chat Quan tÃ¢m LÆ°u tin",,"NhÃ  biá»‡t thá»±, liá»n ká»",HÃ  Ná»™i,HÃ  ÄÃ´ng,,,,,,https://nhadat24h.net//Upload/User/DangTin/2023/Images/360542/c1a0c7c4-e6a4-463a-b001-a7b050e30116.jpg,"[20.9809284, 105.74637]"
Cho thuÃª tÃ²a vÄƒn phÃ²ng vip 10 táº§ng phá»‘ Ã´ Ä‘á»“ng láº§m máº·t há»“ ba máº«u.dt 390m2.mt14m,500,390,Cho ThuÃª,"Há»“ Ba Máº«u, PhÆ°á»ng Trung Phá»¥ng, Quáº­n Äá»‘ng Äa, HÃ  Ná»™i","Cáº§n cho thuÃª gáº¥p TÃ²a NhÃ  VÄƒn PhÃ²ng 10 táº§ng xÃ¢y mÆ¡Ìi máº·t há»“ Ba Máº«u, Äá»‘ng Äa, HÃ  Ná»™i. Vá»‹ trÃ­ view há»“ ráº¥t Ä‘áº¯c Ä‘á»‹a. Diá»‡n tÃ­ch 390m2, Máº·t tiá»n 14m. ToÌ€a nhaÌ€ Ä‘Æ°Æ¡Ì£c xÃ¢y mÆ¡Ìi theo tiÃªu chuáº©n Háº¡ng A, thiÃªÌt kÃªÌ theo kiÃªÌ‰u vÄƒn phoÌ€ng hiá»‡n Ä‘áº¡i, sang trá»ng vá»›i 8 táº§ng ná»•i vÃ  2 táº§ng háº§m. ToÃ  nhÃ  thiáº¿t káº¿ 2 thang mÃ¡y, 2 thang bá»™. Thiáº¿t bá»‹ hiá»‡n Ä‘áº¡i vá»›i há»‡ thá»‘ng Ä‘iá»u hoÃ  Trung tÃ¢m DAIKIN, toÃ n bá»™ Ä‘Ã¡ á»‘p máº·t tiá»n vÃ  thang mÃ¡y lÃ  Ä‘Ã¡ Granit nháº­p tá»« Brazil, Cá»­a gá»— Lim vÃ  NhÃ´m Xingfa, Thang mÃ¡y nháº­p kháº©u chÃ­nh hÃ£ng Mitsubishi, Thiáº¿t bá»‹ vá»‡ sinh American Standard, Thiáº¿t bá»‹ Ä‘iá»‡n toÃ n bá»™ tÃ²a nhÃ  chÃ­nh hÃ£ng Panasonic. Há»‡ thá»‘ng phÃ²ng chÃ¡y hiá»‡n Ä‘áº¡i do Sá»Ÿ cáº¥p phÃ©p. Sá»• Ä‘á» chÃ­nh chá»§. GIÃ CHO THUÃŠ 500 Triá»‡u/thÃ¡ng (cÃ³ thÆ°Æ¡ng lÆ°á»£ng). LiÃªn há»‡ Mr Nam: 0969 553 135 0972396088 Chat Quan tÃ¢m LÆ°u tin",,NhÃ  Ä‘áº¥t thá»• cÆ°,HÃ  Ná»™i,Äá»‘ng Äa,4.0,11.0,10,,14,https://nhadat24h.net//Upload/User/DangTin/2024/Images/528726/12f0981c-3585-44a9-9c59-546e04c93faf.jpg,"[21.0126529, 105.84018350197071]"
