title,address,price,description,type_estate,type,area,bedroom,toilet,law,direction,width,floor,image_links,geo_code,district,province_city
"Cho thuÃª lÃ¢u dÃ i nhÃ  6 táº§ng, Äá»‘ng Äa - HÃ  Ná»™i","P. TÃ´n Äá»©c Tháº¯ng, P. HÃ ng Bá»™t, Q. Äá»‘ng Äa, Tp. HÃ  Ná»™i",23,"Cho thuÃª lÃ¢u dÃ i nhÃ  6 táº§ng diá»‡n tÃ­ch 55m2/sÃ n.NgÃµ Thá»‹nh HÃ o 1, TÃ´n Äá»©c Tháº¯ng, Äá»‘ng Äa, HÃ  Ná»™i.NgÃµ rá»™ng 2 Ã´ tÃ´ trÃ¡nh, oto vÃ o nhÃ . cÃ¡ch Ä‘Æ°á»ng TÃ´n Äá»©c Tháº¯ng 50m, gáº§n Quá»‘c Tá»­ GiÃ¡m,  gáº§n chá»— Ä‘á»ƒ xe oto, vÃ  gáº§n nhiá»u tiá»‡n Ã­ch khÃ¡c.An ninh tá»‘t, hÃ ng xÃ³m thÃ¢n thiá»‡n.GiÃ¡ thuÃª 23 triá»‡u/thÃ¡ng, thanh toÃ¡n 6 thÃ¡ng Ä‘áº·t cá»c 1 thÃ¡ng.NgÃµ thÃ´ng, phÃ¹ há»£p lÃ m vÄƒn phÃ²ng hoáº·c kinh doanh. NhÃ  á»Ÿ!.LiÃªn há»‡: 0987866294.",NhÃ  Äáº¥t Thá»• CÆ°,Cho ThuÃª,55,8.0,4.0,"Giáº¥y CN QSDÄ, Sá»• Ä‘á», Sá»• há»“ng",,,5.0,https://io.meeymedia.com/meeyland/images/2024/06/01/3107b2d9344cb3c26b244201cc2c7070exif1717208536081-1717208537113.jpg?d=1044x464,"[21.0189958, 105.8300399]",Äá»‘ng Äa,HÃ  Ná»™i
Studio ban cÃ´ng vÃ  studio táº§ng trá»‡t. Ngay cÃ´ng viÃªn LÃª Thá»‹ RiÃªng,"Ä. BÃ nh VÄƒn TrÃ¢n, P. 07, Q. TÃ¢n BÃ¬nh, Tp. Há»“ ChÃ­ Minh",5.01,"149 BÃ nh VÄƒn TrÃ¢n, PhÆ°á»ng 7 TÃ¢n BÃ¬nh  PhÃ²ng cho thuÃª gáº§n Äáº¡i Há»c BÃ¡ch Khoa, Äáº¡i Há»c VÄƒn Hiáº¿n, Äáº¡i Há»c Y Khoa Pháº¡m Ngá»c Tháº¡ch, Äáº¡i Há»c Kinh Táº¿, Äáº¡i Há»c HUFLIT, Hoa Sen, chá»£ Ä‘áº§u má»‘i TÃ¢n BÃ¬nh, SÃ¢n váº­n Ä‘á»™ng PhÃº Thá», cÃ´ng viÃªn LÃª Thá»‹ RiÃªng, Bá»‡nh Viá»‡n Thá»‘ng  Ngay trá»¥c Ä‘Æ°á»ng LÃ½ ThÆ°á»ng Kiá»‡t, Láº¡c Long QuÃ¢n, CÃ¡ch Máº¡ng ThÃ¡ng 8.   Thuáº­n tiá»‡n di chuyá»ƒn Quáº­n 5, 3,10,11 ( 10-15 phÃºt ), Quáº­n 1 ( 20-25 PhÃºt )   Studio ban full ná»™i tháº¥t: 5tr0-5tr5  PhÃ²ng trá»‘ng sáºµn   Ná»™i tháº¥t : mÃ¡y láº¡nh, tá»§ láº¡nh, tá»§ Ã¡o, ká»‡ báº¿p, giÆ°á»ng, ná»‡m, mÃ¡y giáº·t.   PhÃ­ sinh hoáº¡t, dá»‹ch vá»¥  - Ä‘iá»‡n 4k/kwh, nÆ°á»›c 100k/ngÆ°á»i xe mÃ¡y miá»…n phÃ­  - dá»‹ch vá»¥ chung 150k má»™t phÃ²ng ( rÃ¡c, wifi, thiáº¿t bá»‹ chung â€¦ )   Gá»i/zalo - LiÃªn há»‡ tÆ° váº¥n vÃ  Ä‘áº¿n thuÃª phÃ²ng  vui lÃ²ng gá»i KhÃ¡nh trÆ°á»›c 30ph",CÄƒn Há»™ Chung CÆ°,Cho ThuÃª,30,1.0,1.0,,,,,https://i.meeymedia.com/syU-xjfv6A11u6UvYW5N1c3WmftBMMQr5MAS9CWwVR4/rs:fill:900:600/g:ce/czM6Ly9tZWV5bGFuZC1haS9pbWFnZXMvMjAyNC8wNi8yNDUxZjFiNGJlZjc4YmI3NjljOWZlMmE0ZDZiYzUwNDVmLTI4ODQzODIwNzA4ODgxNzAyMzkuanBn.jpg,"[10.7883066, 106.6609032]",TÃ¢n BÃ¬nh,Há»“ ChÃ­ Minh
"Cho thuÃª cÄƒn há»™ leagcy central 1PN+1 3,5 triá»‡u/thÃ¡ng, cÃ³ Há»“ BÆ¡","Ä. Thuáº­n Giao 24, P. Thuáº­n Giao, Tx. Thuáº­n An, T. BÃ¬nh DÆ°Æ¡ng",3.51,"Cho thue CÄƒn há»™ má»›i bÃ n giao Ä‘áº¹p, ná»™i tháº¥t Ä‘áº§y Ä‘á»§.   - CÄƒn 1PN+1 45m2 cÃ³ thá»ƒ lÃ m 2PN giÃ¡ 3,5 triá»‡u /thÃ¡ng  -CÃ³ Ä‘áº§y Ä‘á»§ tiá»‡n Ã­ch há»“ bÆ¡i, cÃ´ng viÃªn ná»™i khu, gym, yoga, bÃ³ng bÃ n  - miá»…n 2 thÃ¡ng phÃ­ quáº£n lÃ­    LiÃªn há»‡ ngay e tÆ° váº¥n vÃ  gá»­i thÃ´ng tin nhÃ©",CÄƒn Há»™ Chung CÆ°,Cho ThuÃª,45,2.0,1.0,Há»£p Ä‘á»“ng mua bÃ¡n,,,,https://i.meeymedia.com/AhO9TY9FyO7atLWgsmzWiIXMEq__0tOliCq7JrmDi64/rs:fill:900:600/g:ce/czM6Ly9tZWV5bGFuZC1haS9pbWFnZXMvMjAyNC8wNi8yNDcwMmQ2ODNkOTBiMjI3ZDgwODFlYTBmMWQ0N2M4MzU4LTI4ODQzODIxMjkxNjIwMzM2NjguanBn.jpg,"[15.5, 108.68333]",Thuáº­n An,BÃ¬nh DÆ°Æ¡ng
Khai trÆ°Æ¡ng chdv má»›i 100% 2pn 45m2 Ä‘inh bá»™ lÄ©nh q.bÃ¬nh tháº¡nh,"Ä. Äinh Bá»™ LÄ©nh, P. 26, Q. BÃ¬nh Tháº¡nh, Tp. Há»“ ChÃ­ Minh",8.01,"#CHOTHUE KHAI TRÆ¯Æ NG Má»šI 100%   Äá»‹a chá»‰: Äinh Bá»™ LÄ©nh P26 BÃ¬nh Tháº¡nh    Dáº¡ng Studio cá»­a sá»•  Dáº¡ng 2 PHÃ’NG NGá»¦   ChÃ­nh sÃ¡ch dá»‹ch vá»¥ vÃ  quy Ä‘á»‹nh cá»§a tÃ²a nhÃ :  - ToÃ  nhÃ  thang bá»™  - Full ná»™i tháº¥t: ( Tá»§ láº¡nh, mÃ¡y láº¡nh, tá»§ Ä‘á»“, ká»‡ báº¿p, giÆ°á»ng ná»‡m)   + Äiá»‡n 4k/kwh  + PhÃ­ Dá»‹ch Vá»¥ (rÃ¡c + wifi + vá»‡ sinh chung, mÃ¡y giáº·t) MÃY GIáº¶T RIÃŠNG  + Xe free 2 chiáº¿c   Call / Zalo (QuÃ½) Ä‘á»ƒ Ä‘Æ°á»£c há»— trá»£ thuÃª phÃ²ng trá» Ä‘áº¹p giÃ¡ ráº» quáº­n bÃ¬nh Tháº¡nh. Thanks!",CÄƒn Há»™ Chung CÆ°,Cho ThuÃª,45,2.0,1.0,"Giáº¥y CN QSDÄ, Sá»• Ä‘á», Sá»• há»“ng",,,,https://i.meeymedia.com/-RdQ8mA9ApgwULvnqApQZTWY6h2HKTOVmvGYCBHrODk/rs:fill:900:600/g:ce/czM6Ly9tZWV5bGFuZC1haS9pbWFnZXMvMjAyNC8wNi8yNDE4MDhlZDAzYzM1ZThiODc1NmJkMDEzZDVmZGQ0MGM0LTI4ODQzODQyMjgyNDQzNjE5ODkuanBn.jpg,"[10.8078298, 106.709329]",BÃ¬nh Tháº¡nh,Há»“ ChÃ­ Minh
khai trÆ°Æ¡ng cÄƒn há»™ cao cáº¥p - ngay cÃ´ng viÃªn gia Ä‘á»‹nh,"Ä. Nguyá»…n Kiá»‡m, P. 10, Q. PhÃº Nhuáº­n, Tp. Há»“ ChÃ­ Minh",9.5,Full ná»™i tháº¥t nhÆ° hÃ¬nh 100%     Thang mÃ¡y - háº§m xe - báº£o vá»‡ 24/24     Cá»­a khoÃ¡ vÃ¢n tay - giá» giáº¥c tá»± do     Khu an ninh - yÃªn tÄ©nh - tiá»‡n di chuyá»ƒn   â“¿â‘ââ.âŠââ.â‹â‹â    ğ’‰ğ’Ì‚Ìƒ ğ’•ğ’“ğ’Ì›Ì£ ğ’•ğ’ŠÌ€ğ’ ğ’‘ğ’‰ğ’Ì€ğ’ğ’ˆ ğ’ğ’Ì£ğ’Š ğ’‘ğ’‰ğ’‚Ì‚ğ’ ğ’Œğ’‰ğ’–Ìğ’„,CÄƒn Há»™ Chung CÆ°,Cho ThuÃª,33,1.0,1.0,,,,,https://i.meeymedia.com/e6idjQxeQuQjFSfnhO1N5fu-YFvumTqB7mjlnl1lAiY/rs:fill:900:600/g:ce/czM6Ly9tZWV5bGFuZC1haS9pbWFnZXMvMjAyNC8wNi8yNGM2MDliNmJlNWM0NjM0MTViNTE1YTgzMDQ4YzE4ZGI1LTI4ODQzODgyMjMzMzIwNTMyNzIuanBn.jpg,"[10.7994776, 106.6801643]",PhÃº Nhuáº­n,Há»“ ChÃ­ Minh
Cho thuÃª nhÃ  nguyÃªn cÄƒn 50m2 1 trá»‡t 1 láº§u gáº§n cáº£ng CÃ¡t LÃ¡i,"Q. Thá»§ Äá»©c, Tp. Há»“ ChÃ­ Minh",3.8,"NhÃ  gáº§n chá»£, trÆ°á»ng há»c, bá»‡nh viá»‡n, gáº§n cáº£ng CÃ¡t LÃ¡i.  NhÃ  cÃ²n má»›i, sáº¡ch sáº½  MÃ´i trÆ°á»ng sá»‘ng an ninh",NhÃ  Äáº¥t Thá»• CÆ°,Cho ThuÃª,25,1.0,2.0,,,,,https://i.meeymedia.com/bHOT-qPpyLs9ualZdst78TNKdevBPC9D4YkGxZ5WpBI/rs:fill:900:600/g:ce/czM6Ly9tZWV5bGFuZC1haS9pbWFnZXMvMjAyNC8wNi8yNDFlMjQyMTU2ZDkxYWE3MTRkN2Q4OWZlMDdiY2EwNWQ1LTI4ODQzNjU5MzM2Mzc1Mjk4ODAuanBn.jpg,"[10.7873629, 106.7619248]",Thá»§ Äá»©c,Há»“ ChÃ­ Minh
"PhÃ²ng tuyá»‡t Ä‘áº¹p cÃ³ ban cÃ´ng riÃªng ngay HÃ ng Xanh, D2, D1 tiá»‡n Ä‘i q1","Ä. XÃ´ Viáº¿t Nghá»‡ TÄ©nh, P. 24, Q. BÃ¬nh Tháº¡nh, Tp. Há»“ ChÃ­ Minh",5.5,"PhÃ²ng siÃªu Ä‘áº¹p cÃ³ ban cÃ´ng riÃªng háº»m xe táº£i tá»›i nhÃ    Náº±m trong toÃ  nhÃ  khu biá»‡t thá»± an ninh, háº»m xe tai tá»›i táº­n nhÃ , thÃ´ng 2 hÆ°á»›ng ra ngay XÃ´ Viáº¿t Nghá»‡ TÄ©nh vÃ  D1, hÆ°á»›ng cÃ²n láº¡i thÃ´ng ra ngay ngÃ£ 4 Äinh Bá»™ LÄ©nh vá»›i Báº¡ch Äáº±ng; giÃºp dá»… dÃ ng Ä‘i q1 hoáº·c qua Thá»§ Äá»©c  Lá»›p  +CÃ³ ban cÃ´ng riÃªng, hÆ°á»›ng ra sÃ¢n riÃªng cá»§a nhÃ   +Háº»m xe táº£i tá»›i táº­n nhÃ   +Full kiáº¿ng vÃ  mÃ n 2 lá»›p váº£i HÃ n Quá»‘c cao cáº¥p  +NhÃ  vá»‡ sinh riÃªng á»‘p Ä‘Ã¡ cao cáº¥p cá»±c Ä‘áº¹p nhÆ° khÃ¡ch sáº¡n 5 sao  +CÃ³ mÃ¡y nÆ°á»›c nÃ³ng nÄƒng lÆ°á»£ng máº·t trá»i, giÃºp tiáº¿t kiá»‡m Ä‘iá»‡n mÃ¹a mÆ°a nÃ y  +GiÆ°á»ng 1m6, tá»§ láº¡nh, smart tv xem netflix vÃ  youtube  +PhÃ²ng cÃ³ 2 tá»§ quáº§n Ã¡o thoáº£i mÃ¡i Ä‘á»ƒ Ä‘á»“  +2 lá»›p cá»­a ra vÃ o nhÃ  báº±ng vÃ¢n tay, thuáº­n tiá»‡n ra vÃ o vÃ  an ninh  +KhÃ´ng chung chá»§, giá» giáº¥c tá»± Ä‘o","NhÃ  Trá», PhÃ²ng Trá»",Cho ThuÃª,25,,,,,,,https://i.meeymedia.com/6EzDHpD71XxGIt-mIg9uvImSCPgrTBnqHlTos8PD8PY/rs:fill:900:600/g:ce/czM6Ly9tZWV5bGFuZC1haS9pbWFnZXMvMjAyNC8wNi8yNDMzMDllOGNiYTUyMzMwYmM3MDZlOTMwNjhkMjUxNzVlLTI4ODQzNDI3MjkxNjM1MzI5NzYuanBn.jpg,"[10.8043203, 106.7114661]",BÃ¬nh Tháº¡nh,Há»“ ChÃ­ Minh
"Cho thuÃª cÄƒn saigon gateway, thuÃª ngay cÄƒn 2pn 67m2 7tr","Ä. Xa Lá»™ HÃ  Ná»™i, Q. Thá»§ Äá»©c, Tp. Há»“ ChÃ­ Minh",6.97,"Äá»ªNG CHáº¦N CHá»ª Cá»ŒC THUÃŠ NGAY SAIGON GATEWAY CHÃNH CHá»¦ CHO THUÃŠ GIÃ 7TR  DT 67M2  2PN 2WC cÃ³ ná»™i tháº¥t  Tiá»‡n Ã­ch ná»™i khu:  Khu trung tÃ¢m thÆ°Æ¡ng máº¡i, nÆ¡i báº¡n vÃ  gia Ä‘Ã¬nh mÃ¬nh thá»a sá»©c mua sáº¯m.  PhÃ²ng táº­p gym - yoga - spa mang Ä‘áº¿n má»™t vÃ³c dÃ¡ng khá»e máº¡nh cÃ¢n Ä‘á»‘i.  Há»“ bÆ¡i cao cáº¥p giÃºp báº¡n sáº½ Ä‘Æ°á»£c ngÃ¢m mÃ¬nh trong lÃ n nÆ°á»›c mÃ¡t láº¡nh Ä‘á»ƒ xua Ä‘i nhá»¯ng má»‡t má»i trong cÃ´ng viá»‡c.  An ninh Ä‘áº£m báº£o  LIÃŠN Há»† EM Há»– TRá»¢ XEM NHÃ€ VÃ€ TÆ¯ Váº¤N 24/7  BÃ n giao 2019  Saigon Gateway  Chá»§ Ä‘áº§u tÆ°:  Táº­p Ä‘oÃ n Äáº¥t Xanh",CÄƒn Há»™ Chung CÆ°,Cho ThuÃª,67,2.0,2.0,Há»£p Ä‘á»“ng mua bÃ¡n,,,,https://i.meeymedia.com/IjSNjhF2x5ruTz9tzFZwQDCQihXt9hKYGSfe2odQxOk/rs:fill:900:600/g:ce/czM6Ly9tZWV5bGFuZC1haS9pbWFnZXMvMjAyNC8wNi8yNDI2ZWY3NDE3ZDVlMDU5ZWIxMDhkNjdjOTU5NmQ1ZWRhLTI4ODQzNTc5ODQ1NzM1OTQxMTYuanBn.jpg,"[10.8136475, 106.7579485]",Thá»§ Äá»©c,Há»“ ChÃ­ Minh
"Cáº§n cho thuÃª gáº¥p nhÃ  xÆ°á»Ÿng máº·t tiá»n Tá»‰nh Lá»™ 8, TÃ¢n An Há»™i, Cá»§ Chi","Ä. Tá»‰nh lá»™ 8, X. TÃ¢n An Há»™i, H. Cá»§ Chi, Tp. Há»“ ChÃ­ Minh",9.9,"Cáº§n cho thuÃª gáº¥p nhÃ  xÆ°á»Ÿng máº·t tiá»n Tá»‰nh Lá»™ 8, TÃ¢n An Há»™i, Cá»§ Chi;  DT: 10 X 30 = 300m2; Hiá»‡n tráº¡ng nhÃ  xÆ°á»Ÿng sáºµn, Ä‘iá»‡n Ba Fa, nÆ°á»›c Ä‘áº§y Ä‘á»§, vá»‹ trÃ­ Ä‘áº¹p, gáº§n ngÃ£ 3 BÃ u Tre, UB xÃ£, thÃ­ch há»£p lÃ m kho, xÆ°á»Ÿng, khai thÃ¡c ngayâ€¦  GiÃ¡ cho thuÃª: 10 triá»‡u/ thÃ¡ng  Thanks All !",NhÃ  Äáº¥t Thá»• CÆ°,Cho ThuÃª,300,2.0,2.0,"Giáº¥y CN QSDÄ, Sá»• Ä‘á», Sá»• há»“ng",,,,https://i.meeymedia.com/PIHA_nW7TpkHOG3DgvjSh7ItCbNZhY00K7YZqoGyA-M/rs:fill:900:600/g:ce/czM6Ly9tZWV5bGFuZC1haS9pbWFnZXMvMjAyNC8wNi8yNDIwNDFjOTRlMWZmY2RiMTUxNjA0OGIwNjBiNWI4Y2RhLTI4ODQzNjc0NDk0OTc1NDExMjQuanBn.jpg,"[10.97333, 106.49325]",Cá»§ Chi,Há»“ ChÃ­ Minh
Cáº§n cho thuÃª nhÃ  vÆ°á»n 3 táº§ng 4p ngá»§ khu tá»© liÃªn tÃ¢y há»“,"Ä. Ã‚u CÆ¡, P. Tá»© LiÃªn, Q. TÃ¢y Há»“, Tp. HÃ  Ná»™i",19.95,"Cho ThuÃª nhÃ  sÃ¢n vÆ°á»n táº¡i NgÃµ 200 Ã‚u CÆ¡, Tá»© LiÃªn . DT105m sÃ n x 3Táº§ng 4 phÃ²ng ngá»§, Äá»“ cÆ¡ báº£n   GiÃ¡ 20tr/thÃ¡ng   NhÃ  cÃ³.sÃ¢n vÆ°á»n.  Ã” TÃ´ vÃ o nhÃ , kinh doanh Ä‘á»‰nh.   ThÃ­ch há»£p á»Ÿ há»™ gia Ä‘Ã¬nh, vÄƒn phÃ²ng, cá»­a hÃ ng...  IB hoáº·c Zalo",NhÃ  Äáº¥t Thá»• CÆ°,Cho ThuÃª,105,4.0,4.0,"Giáº¥y CN QSDÄ, Sá»• Ä‘á», Sá»• há»“ng",,,3.0,https://i.meeymedia.com/7lhzb9YUlsJ1oRJK6w6plyoUWERchMDXijX9cDs5ONc/rs:fill:900:600/g:ce/czM6Ly9tZWV5bGFuZC1haS9pbWFnZXMvMjAyNC8wNi8yNDQ4YjBlNzJlN2I1MzA3OTA1ZWIzNGVhMDMxYThiNjY5LTI4ODQzNjgxODkwMTkzNDMzNDYuanBn.jpg,"[21.0646509, 105.8297651]",TÃ¢y Há»“,HÃ  Ná»™i
"Cho thuÃª Máº·t Tiá»n 120B Nguyá»…n PhÃºc NguyÃªn, Q3- Kinh doanh tá»± do","Ä. Nguyá»…n PhÃºc NguyÃªn, P. 09, Q. 3, Tp. Há»“ ChÃ­ Minh",27.01,"Cho thuÃª Máº·t Tiá»n 120B Nguyá»…n PhÃºc NguyÃªn, PhÆ°á»ng 9, Quáº­n 3  DT: 4x16 1 trá»‡t 3 láº§u - 5 phÃ²ng  CÃ³ 5 mÃ¡y láº¡nh. NhÃ  má»›i sá»¯a. Sáº¡ch sáº½.  NhÃ  má»›i, cÃ³ vá»‰a hÃ¨ rá»™ng, cho kinh doanh má»i ngÃ nh nghá»  GiÃ¡ 27tr/ThÃ¡ng",NhÃ  Äáº¥t Thá»• CÆ°,Cho ThuÃª,64,5.0,,"Giáº¥y CN QSDÄ, Sá»• Ä‘á», Sá»• há»“ng",,,,https://i.meeymedia.com/lmbn_v5BXb5S5fl83zHQyHQMb7RLXqxVSoIEzQHvNlc/rs:fill:900:600/g:ce/czM6Ly9tZWV5bGFuZC1haS9pbWFnZXMvMjAyNC8wNi8yNDMyZjdmYmVmZjY5ZWVjNmQwYWM3ZWY4MTQwOWY0NDI1LTI4ODQzNjc4NzQ5NDgyMTY3NjAuanBn.jpg,"[10.7806506, 106.6790594]",3,Há»“ ChÃ­ Minh
NhÃ  cho thuÃª khu HÆ°ng PhÃº,"Ä. Tráº§n VÄƒn TrÃ , P. HÆ°ng PhÃº, Q. CÃ¡i RÄƒng, Tp. Cáº§n ThÆ¡",3.5,"NhÃ  cho thuÃª khu HÆ°ng PhÃº gáº§n siÃªu thá»‹ GO khoáº£ng 1km  Diá»‡n tÃ­ch: 70m2  2 phÃ²ng ngá»§, 1 toilet, 1 báº¿p Äƒn  Gáº§n siÃªu thá»‹, chá»£, trÆ°á»ng há»c  CÃ³ mÃ¡y che, chá»— Ä‘áº­u xe, phÆ¡i Ä‘á»“ rá»™ng rÃ£i  Äiá»‡n: 3,5k, nÆ°á»›c: 10k   GiÃ¡: 3tr5/thÃ¡ng, cá»c 1 thÃ¡ng, Ä‘Ã³ng tiá»n Ä‘áº§u thÃ¡ng  Giá» giáº¥c tá»± do  BÃ n giao 2021  Khu dÃ¢n cÆ° HÆ°ng PhÃº Cáº§n ThÆ¡  Chá»§ Ä‘áº§u tÆ°:  CIC8",NhÃ  Äáº¥t Thá»• CÆ°,Cho ThuÃª,70,2.0,1.0,"Giáº¥y CN QSDÄ, Sá»• Ä‘á», Sá»• há»“ng",,,,https://i.meeymedia.com/DJJ498X5Ish4GrXlsrcE3gYobbtabu6bb9k1QZ2Bs9w/rs:fill:900:600/g:ce/czM6Ly9tZWV5bGFuZC1haS9pbWFnZXMvMjAyNC8wNi8yNGQzZWMyOTk1MmFhZjcyMzI4MjZmY2M2NjdiNGUzOThkLTI4ODQzNjY1Mjc5MzQwOTk3MzYuanBn.jpg,"[10.0156033, 105.7825259]",CÃ¡i RÄƒng,Cáº§n ThÆ¡
Cho thuÃª nhÃ  3 phÃ²ng ngá»§ máº·t tiá»n Ä‘Æ°á»ng LÆ°u Quang Thuáº­n,"Ä. LÆ°u Quang Thuáº­n, P. Má»¹ An, Q. NgÅ© HÃ nh SÆ¡n, Tp. ÄÃ  Náºµng",10.99,"NhÃ  náº±m vá»‹ trÃ­ 2 máº·t tiá»n.  Gáº§n chá»£: Báº¯c Má»¹ An, gáº§n phá»‘ An ThÆ°á»£ng, gáº§n Biá»ƒn.  CÃ´ng nÄƒng: 3 phÃ²ng ngá»§, 1 phÃ²ng khÃ¡ch, 1 báº¿p, 2 WC, sÃ¢n phÆ¡i.  Ná»™i tháº¥t Ä‘áº§y Ä‘á»§, chá»‰ xÃ¡ch vali vÃ o á»Ÿ.  GiÃ¡ cho thuÃª há»£p lÃ½.",NhÃ  Äáº¥t Thá»• CÆ°,Cho ThuÃª,70,3.0,2.0,"Giáº¥y CN QSDÄ, Sá»• Ä‘á», Sá»• há»“ng",,,2.0,https://i.meeymedia.com/BsQleV0dYRe82HvUWLq6x7-kzpTVqTEgNvt5WOsUrbI/rs:fill:900:600/g:ce/czM6Ly9tZWV5bGFuZC1haS9pbWFnZXMvMjAyNC8wNi8yNDZjYjYzNDE2ODUwNDU3NGYwM2YyNzZiZjM5YjdlYjYwLTI4ODQzODQxOTc5NzEwODk5MjQuanBn.jpg,"[16.0406533, 108.2453694]",NgÅ© HÃ nh SÆ¡n,ÄÃ  Náºµng
"NhÃ  MT háº»m Xe HÆ¡i , ngay Uá»· Ban PhÆ°á»ng TÃ¢n Quy . Quáº­n 7","Ä. Sá»‘ 10, P. TÃ¢n Quy, Q. 7, Tp. Há»“ ChÃ­ Minh",12,"Cho thuÃª nhÃ  háº»m xe hÆ¡i , ngay trung tÃ¢m quáº­n 7. Dt 4x12m 1 trá»‡t 1 láº§u , nhÃ  má»›i Ä‘áº¹p nhÆ° hÃ¬nh, xe hÆ¡i Ä‘á»— cá»­a. CÃ¡ch mt 50m â€¦",NhÃ  Äáº¥t Thá»• CÆ°,Cho ThuÃª,50,2.0,2.0,"Giáº¥y CN QSDÄ, Sá»• Ä‘á», Sá»• há»“ng",,,2.0,https://i.meeymedia.com/BCHi6NBcNSQ9wrz9PH7iRkXhN59vVHkU02a1B_Yxk08/rs:fill:900:600/g:ce/czM6Ly9tZWV5bGFuZC1haS9pbWFnZXMvMjAyNC8wNi8yNDJiODdmNjc0OTRmYmY3ODQ2Zjc2NjRhMDFmMmY2OWRiLTI4ODQzNjkxMzQ4MDk5OTE2NjYuanBn.jpg,"[10.7423978, 106.7100837]",7,Há»“ ChÃ­ Minh
"ChothuÃªnhÃ máº·ttiá»n Ä‘Æ°á»ng pháº¡mt bÆ°á»ng,p4,tpvÄ©nhlong","Ä. Pháº¡m ThÃ¡i BÆ°á»ng, P. 4, Tp. VÄ©nh Long, T. VÄ©nh Long",15.04,"CHO THUÃŠ NHÃ€ Máº¶T TIá»€N ÄÆ¯á»œNG PHáº M THÃI BÆ¯á»œNG, PHÆ¯á»œNG 4, TP VÄ¨NH LONG    NhÃ  máº·t tiá»n Ä‘Æ°á»ng Pháº¡m ThÃ¡i BÆ°á»ng    - NhÃ  gá»“m má»™t trá»‡t, 2 láº§u, 1 lá»­ng,   NhÃ  cÃ³: PhÃ²ng khÃ¡ch, 7 phÃ²ng, 4 wc, phÃ²ng báº¿p    - PhÆ°á»ng trung tÃ¢m, con Ä‘Æ°á»ng Ä‘áº¹p nháº¥t thÃ nh phá»‘ VÄ©nh Long    - ThÃ­ch há»£p má»Ÿ vÄƒn phÃ²ng, Sba, má»Ÿ trung tÃ¢m dáº¡y há»c, ...   - GiÃ¡ cho thuÃª: 15 triá»‡u / thÃ¡ng    - HÃ£y gá»i ngay cho Hiá»n Mai: *** Ä‘á»ƒ Ä‘Æ°á»£c Ä‘i xem nhÃ ",NhÃ  Äáº¥t Thá»• CÆ°,Cho ThuÃª,80,7.0,4.0,"Giáº¥y CN QSDÄ, Sá»• Ä‘á», Sá»• há»“ng",,,,https://i.meeymedia.com/pHEfh8Wy0-REXUUWDId1hSwQ1uK6WvaYK4ze54OXjp8/rs:fill:900:600/g:ce/czM6Ly9tZWV5bGFuZC1haS9pbWFnZXMvMjAyNC8wNi8yNGE3OTBkMGJhOTM5ZjQ1NjRkODY2ZTMyN2RkYTE5N2RkLTI4ODQzNjk0Njc4MDg2ODAwODguanBn.jpg,,VÄ©nh Long,VÄ©nh Long
Cho thuÃª nhÃ  trá»,"P. Tráº§n XuÃ¢n Soáº¡n, P. TÃ¢n HÆ°ng, Q. 7, Tp. Há»“ ChÃ­ Minh",4.01,"Nha trá» 4x4 1 trá»‡t 1 láº§u cáº§n cho thuÃª  Äiá»‡n nÆ°á»›c nhÃ  nÆ°á»›c tá»± Ä‘Ã³ng  GiÃ¡ thuÃª 4tr/ thÃ¡ng cá»c 1 thÃ¡ng  NhÃ  rá»™ng rÃ£i, nhÆ°á»£c Ä‘iá»ƒm háº»m gáº§n nhÃ  hÆ¡i nhá»  á» Ä‘Æ°á»£c 3-4 ngÆ°á»i   NhÃ  á»Ÿ háº»m 675 tráº§n xuÃ¢n soan",NhÃ  Äáº¥t Thá»• CÆ°,Cho ThuÃª,15,1.0,,"Giáº¥y CN QSDÄ, Sá»• Ä‘á», Sá»• há»“ng",,,,https://i.meeymedia.com/PLp6zQzrdC8UqanuhlxRLIrARTdD129lAYuxn4ChaAc/rs:fill:900:600/g:ce/czM6Ly9tZWV5bGFuZC1haS9pbWFnZXMvMjAyNC8wNi8yNDQ5NjA5YWZmNjRkOGJiMDIxMDI3YjljNWNkNzg4YWY2LTI4ODQzODQ2NDgwODE1NTIwMzYuanBn.jpg,"[10.7512445, 106.6920173]",7,Há»“ ChÃ­ Minh
NhÃ  gÃ³c 2mt háº»m ná»™i bá»™ 2pn 2 vs,"Ä. KÃªnh 26/3, P. BÃ¬nh HÆ°ng HÃ²a, Q. BÃ¬nh TÃ¢n, Tp. Há»“ ChÃ­ Minh",5.5,"CHO THUÃŠ NHÃ€  Vá»‹ trÃ­ : gÃ³c 2mt háº»m ná»™i bá»™ kÃªnh 26/3 f bhh bÃ¬nh tÃ¢n ( gáº§n aeon giÃ¡o ranh quáº­n tÃ¢n phÃº)  Dt nhÃ  4x8 : trá»‡t láº§u : 2 pn 2 vs , gÃ³c háº»m nÃªn nhÃ  cá»±c ká»³ thoÃ¡ng mÃ¡t sÃ¡ng ..  Tiá»‡n á»Ÿ gia Ä‘Ã¬nh cáº§n yÃªn tÄ©nh nghie ngÆ¡i , bÃ¡n oline ...  GiÃ¡ cho thuÃª :5 tr500 / thÃ¡ng cá»c 1 thÃ¡ng   NhÃ  trá»‘ng dá»n ngay   Lh : sá»‘ Ä‘t cÃ³ zalo   TrÃ¢n trá»ng",NhÃ  Äáº¥t Thá»• CÆ°,Cho ThuÃª,32,2.0,2.0,"Giáº¥y CN QSDÄ, Sá»• Ä‘á», Sá»• há»“ng",,,,https://i.meeymedia.com/XQgybEJ654sm_tmxxvfjHS-crZMBzOGqOAN1mIGB7kI/rs:fill:900:600/g:ce/czM6Ly9tZWV5bGFuZC1haS9pbWFnZXMvMjAyNC8wNi8yNDBiOGUyOTcwMzA2ZGQzMzc3N2I4MjI2NWM1ZjM5ZTUxLTI4ODQzNzA1NzM2MzM5ODUwMjguanBn.jpg,"[10.7897995, 106.6061367]",BÃ¬nh TÃ¢n,Há»“ ChÃ­ Minh
"NhÃ  phá»‘ Camellia hoÃ n thiá»‡n Ä‘áº¹p, an ninh.Liá»n ká» DÆ°Æ¡ng Há»“ng, Phi Long","Ä. BÃ¬nh HÆ°ng, X. BÃ¬nh HÆ°ng, H. BÃ¬nh ChÃ¡nh, Tp. Há»“ ChÃ­ Minh",15.02,"CHO THUÃŠ NHÃ€ PHá» + CÄ‚N Há»˜:   1. NhÃ  phá»‘ Camellia full ná»™i tháº¥t Ä‘áº¹p: 15 triá»‡u/ thÃ¡ng  2. NhÃ  phá»‘ Valora full ná»™i tháº¥t Ä‘áº¹p: 23,5triá»‡u/ thÃ¡ng  3. NhÃ  phá»‘ cÃ³ ná»™i tháº¥t : 18,5triá»‡u/ thÃ¡ng  4. NhÃ  phá»‘ ntcb: 16 triá»‡u/ thÃ¡ng  4. Shophouse Mizuki : 20triá»‡u- 25triá»‡u/ thÃ¡ng   5. CÄƒn há»™ 3PN thÃ¡p MP678: 12 triá»‡u/ thÃ¡ng  6. CÄƒn há»™ 3PN full ná»™i tháº¥t: 14triá»‡u-16triá»‡u/ thÃ¡ng  7. CÄƒn há»™ 2PN: 9triá»‡u- 12,5triá»‡u/ thÃ¡ng  8. PhÃ²ng á»Ÿ nhÃ  phá»‘: 4triá»‡u- 4,5triá»‡u/ thÃ¡ng   KhÃ¡ch xem nhÃ  liÃªn há»‡ em  Ms.ÄÃ o chuyÃªn bÄ‘s Mizuki    #chothuecanho  #mizukipark  #camelliagarden  #nhaphobietthubinhchanh  #chothuenhapho  #Nhaphovalora  #canhomizuki  #panorama  #nhaphoduonghong  #namlong  #nhaphoPhiLong  BÃ n giao 2016  Khu dÃ¢n cÆ° Camellia Garden  Chá»§ Ä‘áº§u tÆ°:  CÃ”NG TY Cá»” PHáº¦N Äáº¦U TÆ¯ NAM LONG",NhÃ  Äáº¥t Thá»• CÆ°,Cho ThuÃª,74,3.0,3.0,ÄÃ£ cÃ³ giáº¥y háº¹n láº¥y sá»‘,,,,https://i.meeymedia.com/xvz65eanx6hbhkvRiCp19EvlpYTClHleCAUU5735U7Q/rs:fill:900:600/g:ce/czM6Ly9tZWV5bGFuZC1haS9pbWFnZXMvMjAyNC8wNi8yNDI0ZTQxOGViOGVmNTI1YjQ2NTEwZjE5NzYzYThkMTMwLTI4ODQzNzk2NzQ5ODYzNDQ3MjguanBn.jpg,"[37.83333, 12.66667]",BÃ¬nh ChÃ¡nh,Há»“ ChÃ­ Minh
"Ban CÃ´ng + GÃ¡c + MÃ¡y láº¡nh. Tá»± do 24/24. Thang mÃ¡y, mÃ¡y giáº·t chung.","Ä. Tráº§n VÄƒn DÆ°, P. 13, Q. TÃ¢n BÃ¬nh, Tp. Há»“ ChÃ­ Minh",3.8,1 PhÃ²ng nhÆ° hÃ¬nh  PhÃ²ng cÃ³ sáºµn mÃ¡y láº¡nh  Láº§u 4 - thang mÃ¡y ráº¥t thoÃ¡ng Ä‘Ã£ng mÃ¡t máº»  Khu dÃ¢n cÆ° an ninh - yÃªn tÄ©nh - nhiá»u cÃ¢y xanh  Free tiá»n xe  Xem phÃ²ng & kÃ½ cá»c chÃ­nh chá»§,"NhÃ  Trá», PhÃ²ng Trá»",Cho ThuÃª,20,,,,,,,https://i.meeymedia.com/4y4zrcKFg2mXBRtDwWYxjr2sWndwv3oYea9P9lLtlJc/rs:fill:900:600/g:ce/czM6Ly9tZWV5bGFuZC1haS9pbWFnZXMvMjAyNC8wNi8yNDRmODk4NGJlOTM4ZDRhMDgzMjY0MzcyN2U1ZmU1ODg4LTI4ODQzNjc0ODEyNjYxOTQ5MzAuanBn.jpg,"[10.8049484, 106.6432954]",TÃ¢n BÃ¬nh,Há»“ ChÃ­ Minh
Stiudio Ban CÃ´ng PhÃº Nhuáº­n Huá»³nh VÄƒn BÃ¡nh Full Ná»™i Tháº¥t,"Ä. Huá»³nh VÄƒn BÃ¡nh, P. 10, Q. PhÃº Nhuáº­n, Tp. Há»“ ChÃ­ Minh",5.49,"Cho thuÃª phÃ²ng ban cÃ´ng ngay Huá»³nh VÄƒn BÃ¡nh PhÃº Nhuáº­n  - GiÃ¡ 5x-7x  - Full Ná»™i Tháº¥t   - Giá» giáº¥c tá»± do, an ninh   - KhoÃ¡ vÃ¢n tay, khÃ´ng chung chá»§  - Than mÃ¡y háº§m xe rá»™ng , thuáº­n tiá»‡n di chuyá»ƒn cÃ¡c quáº­n Trung TÃ¢m","NhÃ  Trá», PhÃ²ng Trá»",Cho ThuÃª,30,,,,,,,https://i.meeymedia.com/rOpN6xxoRP_qu_bQ9yL45uM_-OLNbvJaYJHgeWLjcFE/rs:fill:900:600/g:ce/czM6Ly9tZWV5bGFuZC1haS9pbWFnZXMvMjAyNC8wNi8yNGUyMDY2Zjg5NGJmNjQ5OTgyYzQ5YzgyNDZiNjQzYWM2LTI4ODQzNjc5NTQxNDM3Njc4NTUuanBn.jpg,"[10.7929503, 106.6800195]",PhÃº Nhuáº­n,Há»“ ChÃ­ Minh
"NhÃ  cho thuÃª 70m2, 2 phÃ²ng ngá»§, quáº­n12","Ä. TÃ¢n Thá»›i Hiá»‡p, P. TÃ¢n Thá»›i Hiá»‡p, Q. 12, Tp. Há»“ ChÃ­ Minh",3.99,"NhÃ  cho thuÃª tá»•ng diá»‡n tÃ­ch 70m2, má»™t láº§u , hai phÃ²ng ngá»§, hai nhÃ  vá»‡ sinh, Ä‘Æ°á»ng 21 tÃ¢n thá»›i hiá»‡p quáº­n 12",NhÃ  Äáº¥t Thá»• CÆ°,Cho ThuÃª,70,2.0,2.0,ÄÃ£ cÃ³ giáº¥y háº¹n láº¥y sá»‘,,,,https://i.meeymedia.com/FbWsEN5N72i_MgvDcs6tbLqXh5XcKl3hXewca-ki1CY/rs:fill:900:600/g:ce/czM6Ly9tZWV5bGFuZC1haS9pbWFnZXMvMjAyNC8wNi8yNGFiMDliODIzNDZjYjdiZjQyN2IxMzljM2Q5MzdiM2I3LTI4ODQzODAzODQ4ODIyNzYyODAuanBn.jpg,"[10.8625179, 106.6449286]",12,Há»“ ChÃ­ Minh
"12 TRIá»†U - 4PN 4WC - 4x15 - Háº»m xe hÆ¡i LÅ©y BÃ¡n BÃ­ch, Quáº­n TÃ¢n PhÃº.","Ä. LÅ©y BÃ¡n BÃ­ch, P. TÃ¢n Thá»›i HÃ²a, Q. TÃ¢n PhÃº, Tp. Há»“ ChÃ­ Minh",12,"LÆ°u Ã½: Em khÃ´ng tráº£ lá»i tin nháº¯n chá»£ tá»‘t. Vui lÃ²ng liÃªn há»‡ trá»±c tiáº¿p hoáº·c zalo Ä‘á»ƒ Ä‘Æ°á»£c tÆ° váº¥n vÃ  xem nhiá»u hÃ¬nh áº£nh thá»±c táº¿ hÆ¡n. Em cáº£m Æ¡n nhiá»u!!!    Æ¯u tiÃªn lÃ m vÄƒn phÃ²ng, á»Ÿ gia Ä‘Ã¬nh, KDOL (KhÃ´ng lÃ m CHDV)    Khu vá»±c an ninh, sáº¡ch sáº», giÃ¡ ráº» khÃ´ng cÃ³ cÄƒn thá»© 2. NhÃ  lÃ´ gÃ³c thoÃ¡ng mÃ¡t. Chá»§ dá»… thÆ°Æ¡ng muá»‘n kÃ­ há»£p Ä‘á»“ng lÃ¢u dÃ i vá»›i khÃ¡ch thiá»‡n chÃ­.     Gáº§n cÃ¡c trá»¥c Ä‘Æ°á»ng chÃ­nh: LÅ©y BÃ¡n BÃ­ch, HÃ²a BÃ¬nh, UBND Quáº­n TÃ¢n PhÃº, Chá»£ CÃ¢y Keo...    Gá»i ngay SÄT gáº·p Huá»³nh Ri Ä‘á»ƒ Ä‘Æ°á»£c xem nhÃ  miá»…n phÃ­.    HIá»†U QUáº¢ - Táº¬N TÃ‚M - CHUYÃŠN NGHIá»†P   Cho thuÃª nhÃ  TÃ¢n PhÃº, nhÃ  cho thuÃª TÃ¢n PhÃº, Cho thuÃª nhÃ  nguyÃªn cÄƒn Quáº­n TÃ¢n PhÃº, thuÃª nhÃ  TÃ¢n PhÃº dÆ°á»›i 12 triá»‡u, cáº§n thuÃª nhÃ  Quáº­n TÃ¢n PhÃº, thuÃª nhÃ  nguyÃªn cÄƒn giÃ¡ ráº» TÃ¢n PhÃº.",NhÃ  Äáº¥t Thá»• CÆ°,Cho ThuÃª,60,4.0,4.0,"Giáº¥y CN QSDÄ, Sá»• Ä‘á», Sá»• há»“ng",,,,https://i.meeymedia.com/xykVsf5tVaFG_k0aKdYF5T2pLxPMsEAWuMBq2galf7E/rs:fill:900:600/g:ce/czM6Ly9tZWV5bGFuZC1haS9pbWFnZXMvMjAyNC8wNi8yNDY3NTViODUyOTQxMmFjZDFhMGM5MmNmMDllYzIzNjgyLTI4ODQzODIzNDU5NzkxMDc4NDQuanBn.jpg,"[10.7622289, 106.6323418]",TÃ¢n PhÃº,Há»“ ChÃ­ Minh
Khai trÆ°Æ¡ng studio má»›i toanh full nt mÃ¡y giáº·t riÃªng gáº§n Ä‘h vÄƒn hiáº¿n,"Ä. Trá»‹nh ÄÃ¬nh Tháº£o, P. HÃ²a Tháº¡nh, Q. TÃ¢n PhÃº, Tp. Há»“ ChÃ­ Minh",3.39,"PhÃ²ng tá»« 3tr4 - 3tr9    Trá»‹nh ÄÃ¬nh Tháº£o , TÃ¢n PhÃº    Äiá»‡n : 4k   NÆ°á»›c : 20k/ khá»‘i  Dv : 200k/1p  Xe free 1c , chiáº¿c t2 150k","NhÃ  Trá», PhÃ²ng Trá»",Cho ThuÃª,28,,,,,,,https://i.meeymedia.com/qU65OyEgTAsBDvD2SOKBLWA9ZqT9QSLQ6q20rvB8LN0/rs:fill:900:600/g:ce/czM6Ly9tZWV5bGFuZC1haS9pbWFnZXMvMjAyNC8wNi8yNGNjOTkwMjc5Y2ZhOWNhZTI2ODNiNjgzOTc2YjAyNjE3LTI4ODQzNzg0MzY3MzUwNzY1MDQuanBn.jpg,"[10.7748167, 106.6357158]",TÃ¢n PhÃº,Há»“ ChÃ­ Minh
Compass One 2PN full ná»™i tháº¥t,"Ä. Tráº§n PhÃº, P. ChÃ¡nh NghÄ©a, Tp. Thá»§ Dáº§u Má»™t, T. BÃ¬nh DÆ°Æ¡ng",9.01,"- Cho thuÃª cÄƒn há»™ Compassone ChÃ¡nh NghÄ©a- Thá»§ Dáº§u Má»™t  - CÄƒn 2pn 2wc-77m2  - Full ná»™i tháº¥t Ä‘áº¹p  - GiÃ¡ thuÃª 9 triá»‡u/ thÃ¡ng  ThuÃª dÃ i háº¡n, Ä‘áº·t cá»c 2 thÃ¡ng  LH    - Compassone Chanh Nghia apartment for rent - Thu Dau Mot  - 2 bedroom apartment, 2bathroom - 77m2  - Full beautiful interior  - Rental price 9million/month  Long-term rental, 2 months deposit   Contact     Compassone Chanh Nghia å…¬å¯“å‡ºç§Ÿ - Thu Dau Mot  - 2 é—´å§å®¤å…¬å¯“ï¼Œ2 é—´æµ´å®¤ - 77 å¹³æ–¹ç±³  - å®Œæ•´ç¾ä¸½çš„å†…é¥°  - ä»·æ ¼900ä¸‡/æœˆ  ç§ŸèµæœŸé™ï¼Œ2ä¸ªæœˆæŠ¼é‡‘  -------------------------------------   . Giang",CÄƒn Há»™ Chung CÆ°,Cho ThuÃª,77,2.0,2.0,"Giáº¥y CN QSDÄ, Sá»• Ä‘á», Sá»• há»“ng",,,,https://i.meeymedia.com/nN7tgVA854yq-R6M8cJS0eR4R70pdKQn9hI3Os1BjpY/rs:fill:900:600/g:ce/czM6Ly9tZWV5bGFuZC1haS9pbWFnZXMvMjAyNC8wNi8yNDdhNDczYWVhY2JjNTUzMzgyMjQyMjE1Yzc0YWRhNWIyLTI4ODQzNjgxNDQ3NDM0NzE2MjAuanBn.jpg,"[10.973727, 106.6650201]",Thá»§ Dáº§u Má»™t,BÃ¬nh DÆ°Æ¡ng
"CÄƒn há»™ 1 phÃ²ng ngá»§ tÃ¡ch báº¿p, báº¿p lá»›n full ná»™i tháº¥t NgÃ£ TÆ° PhÃº Nhuáº­n","Ä. HoÃ ng VÄƒn Thá»¥, P. 08, Q. PhÃº Nhuáº­n, Tp. Há»“ ChÃ­ Minh",6,"Cho thuÃª cÄƒn há»™ 1 phÃ²ng ngá»§ full ná»™i tháº¥t, phÃ²ng ngá»§ vÃ  phÃ²ng báº¿p riÃªng biá»‡t, phÃ²ng cÃ³ cá»­a sá»• thoÃ¡ng mÃ¡t khu an ninh, yÃªn tÄ©nh.   Vá»‹ trÃ­: HoÃ ng VÄƒn Thá»¥ Quáº­n PhÃº Nhuáº­n thuáº­n tiá»‡n di chuyá»ƒn Quáº­n 1, Quáº­n 2, Quáº­n 3, Quáº­n PhÃº Nhuáº­n, Quáº­n TÃ¢n BÃ¬nh...    Dáº¡ng phÃ²ng:    1 phÃ²ng ngá»§ tÃ¡ch báº¿p cá»­a sá»• (báº¿p lá»›n)    Khu an ninh yÃªn tÄ©nh.   Giá» giáº¥c tá»± do khÃ´ng chung chá»§.   PhÃ²ng Ä‘áº§y Ä‘á»§ tiá»‡n nghi (chá»‰ viá»‡c xÃ¡ch vali vÃ o á»Ÿ).",CÄƒn Há»™ Chung CÆ°,Cho ThuÃª,30,1.0,1.0,,,,,https://i.meeymedia.com/-xM7Wp9VaUaOvM1XzWP86uKIxJ8X_dIB-xRZFeoxCTg/rs:fill:900:600/g:ce/czM6Ly9tZWV5bGFuZC1haS9pbWFnZXMvMjAyNC8wNi8yNGYzNjhmMmM4NGFiYTBmY2Q1NzA4NDg2MDAwOWI2YWVmLTI4ODQzNjcwNTUwMDkzNjM4OTYuanBn.jpg,"[10.7992863, 106.678908]",PhÃº Nhuáº­n,Há»“ ChÃ­ Minh
Duplex ban cÃ´ng siÃªu rá»™ng pháº¡m vÄƒn chiÃªu,"Ä. Pháº¡m VÄƒn ChiÃªu, P. 14, Q. GÃ² Váº¥p, Tp. Há»“ ChÃ­ Minh",3.99,"phÃ²ng ban cÃ´ng 100 pháº¡m vÄƒn chiÃªu    4.000.000 siÃªu rá»™ng    Ná»™i tháº¥y: mÃ¡y láº¡nh, quáº¡t mÃ¡y,tá»§ quáº§n Ã¡o, báº¿p tá»«, áº¥m Ä‘un, wifi riÃªng tá»«ng phÃ²ng.   Lh ***","NhÃ  Trá», PhÃ²ng Trá»",Cho ThuÃª,30,,,,,,,https://i.meeymedia.com/7qYqIRrGFM4y743EBMngmFmfa_5KtQcmKklnWWzlIDw/rs:fill:900:600/g:ce/czM6Ly9tZWV5bGFuZC1haS9pbWFnZXMvMjAyNC8wNi8yNDZkNjYzMDkzOGNlMjkwYjIxNjU2ZDE4OTA4NzlmNmEzLTI4ODQzNzk1NzQ1MTA0NTc2MDUuanBn.jpg,"[10.848352, 106.6429581]",GÃ² Váº¥p,Há»“ ChÃ­ Minh
Cho thuÃª CÄ‚N Há»˜ HÃ€ ÄÃ” nguyá»…n vÄƒn cÃ´ng P3 GÃ² Váº¥p,"Ä. Nguyá»…n VÄƒn CÃ´ng, P. 03, Q. GÃ² Váº¥p, Tp. Há»“ ChÃ­ Minh",14.01,"Cho thuÃª cÄƒn há»™ hÃ  Ä‘Ã´ nguyá»…n cÄƒn cÃ´ng f3 GÃ² Váº¥p  - 87m2, 3pn, 2wc  - 14triá»‡u  - Full Nt  - Gáº§n ngay CV gia Ä‘á»‹nh, sÃ¢n bay TSN,â€¦  BÃ n giao 2014  Khu Chung CÆ° HÃ  ÄÃ´ Nguyá»…n VÄƒn CÃ´ng  Chá»§ Ä‘áº§u tÆ°:  CÃ”NG TY Cá»” PHáº¦N Táº¬P ÄOÃ€N FLC",CÄƒn Há»™ Chung CÆ°,Cho ThuÃª,87,2.0,2.0,"Giáº¥y CN QSDÄ, Sá»• Ä‘á», Sá»• há»“ng",,,,https://i.meeymedia.com/gbtIlIQhSq9zaSJyCddTn7k43u3L0yGwYTCf2AVGY6g/rs:fill:900:600/g:ce/czM6Ly9tZWV5bGFuZC1haS9pbWFnZXMvMjAyNC8wNi8yNGFmYmFhM2QwYmVjMDYyZWM4MWE4Mjg5MDBlNjhjYmVmLTI4ODQzNjczNjQ0MDEzMzg4ODQuanBn.jpg,"[10.8165032, 106.6777987]",GÃ² Váº¥p,Há»“ ChÃ­ Minh
GiÃ¡ ráº» cho thuÃª gáº¥p officetel chung cÆ° sunrise cityview quáº­n 7,"Ä. Nguyá»…n Há»¯u Thá», P. TÃ¢n HÆ°ng, Q. 7, Tp. Há»“ ChÃ­ Minh",8.99,"ChÃ­nh chá»§ cáº§n cho thuÃª láº¡i gáº¥p cÄƒn há»™ chung cÆ° cao cáº¥p - Sunrise cityview - 33 Nguyá»…n Há»¯u Thá» - Quáº­n 7  Tiá»‡n Ã­ch ná»™i khu cao cáº¥p, sá»­ dá»¥ng miá»…n phÃ­: Há»“ bÆ¡i, gym, yoga, bÃ³ng bÃ n....  Giao thÃ´ng thuáº­n lá»£i, an ninh 24/24  Ra vÃ o báº±ng tháº» tá»«   GiÃ¡ thuÃª: 9tr/thÃ¡ng  LiÃªn há»‡ xem nhÃ : *** - Hoáº·c SMS - Zalo. Xin cÃ¡m Æ¡n!  BÃ n giao 2018  Sunrise CityView  Chá»§ Ä‘áº§u tÆ°:  Táº­p Ä‘oÃ n Novaland",CÄƒn Há»™ Chung CÆ°,Cho ThuÃª,42,1.0,1.0,ÄÃ£ cÃ³ giáº¥y háº¹n láº¥y sá»‘,,,,https://i.meeymedia.com/8FrKmwm6WbRrLHwcN0GVq5SNzN9IJVatSYCxyU_tnEU/rs:fill:900:600/g:ce/czM6Ly9tZWV5bGFuZC1haS9pbWFnZXMvMjAyNC8wNi8yNDUxNzNjNTM1ZWYyYWQ4OTY2MmQzZTQyYWZkMTYyOGUzLTI4NzQ2MzcwMzk0OTA4MDM0NjcuanBn.jpg,"[10.7422368, 106.7012863]",7,Há»“ ChÃ­ Minh
"PhÃ²ng trá» BÃ¬nh Tháº¡nh giá» giáº¥c tá»± do, háº»m UBND an ninh","Ä. Äiá»‡n BiÃªn Phá»§, P. 17, Q. BÃ¬nh Tháº¡nh, Tp. Há»“ ChÃ­ Minh",3,"NhÃ  mÃ¬nh má»›i cÃ³ ngÆ°á»i dá»n Ä‘i nÃªn dÆ° 1 phÃ²ng trá» cho thuÃª, Æ°u tiÃªn khÃ¡ch Ä‘ang Ä‘i lÃ m á»•n Ä‘á»‹nh vÃ  á»Ÿ 1 ngÆ°á»i (do Ä‘Ã³ giá» ngÆ°á»i thuÃª nhÃ  mÃ¬nh toÃ n á»Ÿ lÃ¢u nÄƒm)   - vá»‹ trÃ­ náº±m trong háº»m ubnd phÆ°á»ng 17 bao an ninh vÃ  yÃªn tÄ©nh  - phÃ²ng trá»‘ng diá»‡n tÃ­ch 24m2  - giá» giáº¥c tá»± do  - cÃ³ sÃ¢n thÆ°á»£ng phÆ¡i Ä‘á»“   GiÃ¡ thuÃª 3tr, cá»c trÆ°á»›c 1 thÃ¡ng  KhÃ¡ch á»Ÿ 2 ngÆ°á»i thÃ¬ giÃ¡ cáº£ thÆ°Æ¡ng lÆ°á»£ng vá»›i máº¹ mÃ¬nh nha   MÃ¬nh lÃ  chá»§ nhÃ  Ä‘Äƒng dÃ¹m ba máº¹ ko pháº£i cÃ² lÃ¡i do cÃ´ chÃº lá»›n tuá»•i ko rÃ nh cÃ´ng nghá»‡  Tiáº¿p khÃ¡ch thiá»‡n chÃ­, cá»© qua xem phÃ²ng trá»±c tiáº¿p rá»“i trao Ä‘á»•i thÃªm vá»›i cÃ´ Nga máº¹ mÃ¬nh nha   LiÃªn há»‡ : nháº¯n tin zalo sá»‘ chotot (zalo cÃ´ Nga) hoáº·c gá»i trá»±c tiáº¿p mÃ¬nh (QuÃ¢n 28t) qua sá»‘ Ä‘á»ƒ trong hÃ¬nh cuá»‘i","NhÃ  Trá», PhÃ²ng Trá»",Cho ThuÃª,24,,,,,,,https://i.meeymedia.com/714qIWyDwe1ogZVyTz2Q66DUULQdlYLyGoLzd9jHiaI/rs:fill:900:600/g:ce/czM6Ly9tZWV5bGFuZC1haS9pbWFnZXMvMjAyNC8wNi8yNDgxZWM2MDIyZTQ2ODBkYTlhZTFmZjM5MzNmNjExOWE1LTI4ODQzNzk4MDY2ODk5ODA2OTYuanBn.jpg,"[10.7982841, 106.7054329]",BÃ¬nh Tháº¡nh,Há»“ ChÃ­ Minh
PhÃ²ng trá» 22m2 gáº§n khu cÃ´ng nghá»‡ cao giÃ¡ ráº»,"Ä. Quá»‘c lá»™ 1A, P. Linh Trung, Q. Thá»§ Äá»©c, Tp. Há»“ ChÃ­ Minh",990 NghÃ¬n/ThÃ¡ng,"ChÃ­nh chá»§ cho thuÃª phÃ²ng dt 3x4m cÃ³ gÃ¡c, phÃ²ng trá» quay ra máº·t tiá»n Ä‘Æ°á»ng xe hÆ¡i gáº§n Ä‘áº¡i há»c Khoa há»c XÃ£ há»™i NhÃ¢n vÄƒn, chá»‰ 5 phÃºt Ä‘i khu cÃ´ng nghá»‡ cao hoáº·c Suá»‘i TiÃªn, 10 phÃºt Ä‘i ngÃ£ tÆ° Thá»§ Äá»©c. Khu vá»±c táº­p trung Ä‘Ã´ng sv nÃªn sinh hoáº¡t phÃ­ ráº¥t ráº», Ä‘á»§ tiá»‡n Ã­ch trÆ°á»ng há»c, bá»‡nh viá»‡n, quÃ¡n Äƒn, chá»£, siÃªu thá»‹...bÃ¡n kÃ­nh 1km. Náº¥u Äƒn, wc trong phÃ²ng. Giá» tá»± do. Æ¯u tiÃªn thuÃª dÃ i háº¡n.","NhÃ  Trá», PhÃ²ng Trá»",Cho ThuÃª,22,,,,,,,https://i.meeymedia.com/NnrKKa8W7eTuWUvac7q92OJjzXUQv-ABeeeFOSR4Okk/rs:fill:900:600/g:ce/czM6Ly9tZWV5bGFuZC1haS9pbWFnZXMvMjAyNC8wNi8yNGI3YjNhOGJhNjhmMGM0ZTdlZWJjZWQ3OTYwMDdmOWQ3LTI4ODQzODA1NTY2MzU4NzE3NDguanBn.jpg,"[10.84863, 106.77209]",Thá»§ Äá»©c,Há»“ ChÃ­ Minh
cá»±c mÃª vá»›i chiáº¿c phÃ²ng bancol view city - hÃ¬nh tháº­t giÃ¡ tháº­t,"Ä. Nguyá»…n VÄƒn Cá»«, P. 01, Q. 5, Tp. Há»“ ChÃ­ Minh",6,"SIÃŠU XINH - SIÃŠU Äáº¸P - SIÃŠU THOÃNG   [ HÃ¬nh tháº­t - khÃ´ng áº£o ]    â€¢ Full ná»™i tháº¥t má»›i, bancol   â€¢ Thang mÃ¡y di chuyá»ƒn   â€¢ ToÃ  nhÃ  cÃ³ háº§m xe   â€¢ XÃ¢y dá»±ng chuáº©n an toÃ n PCCC   â€¢ Ra vÃ o vÃ¢n tay, giá» giáº¥c tá»± do   LiÃªn há»‡ ngay xem phÃ²ng trá»±c tiáº¿p",CÄƒn Há»™ Chung CÆ°,Cho ThuÃª,30,1.0,1.0,,,,,https://i.meeymedia.com/-SuiMrrigJSv5_z_3BWjDBugZdI2dWksLfrGAoASxx4/rs:fill:900:600/g:ce/czM6Ly9tZWV5bGFuZC1haS9pbWFnZXMvMjAyNC8wNi8yNDA3ODVhN2E5Mjc5ODU3Y2M3MGUwMmQ0MjMxMDk5OTljLTI4ODQzNjk0OTQ3MzI0MTE2NTMuanBn.jpg,"[10.7553692, 106.685805]",5,Há»“ ChÃ­ Minh
Em pass phÃ²ng cÃ²n há»£p Ä‘á»“ng 4 thÃ¡ng cá»§a nhÃ  trá» sáº¡ch sáº½ áº¡,"Q. Thá»§ Äá»©c, Tp. Há»“ ChÃ­ Minh",2.49,"PhÃ²ng 2tr5 á»Ÿ Ä‘Æ°á»£c 4 báº¡n  giÃ¡ dá»‹ch vá»¥ 150k (rÃ¡c,wifi,vá»‡ sinh chung)  Xe 100k/xe  Äiá»‡n 3.8k/kw  NÆ°á»›c 20k/m3   Cá»c 1 thÃ¡ng   HÄ‘ 6 thÃ¡ng -12 thÃ¡ng   Giá» giáº¥c tá»± do  LiÃªn há»‡ em ***","NhÃ  Trá», PhÃ²ng Trá»",Cho ThuÃª,30,,,,,,,https://i.meeymedia.com/k4Lj6BiWOArejxfW_OuMe-O3u1eBoKdnh2pbwSstUxw/rs:fill:900:600/g:ce/czM6Ly9tZWV5bGFuZC1haS9pbWFnZXMvMjAyNC8wNi8yNDIwNDE2MDBhNjBhN2MzZTIxMmNmNzVhYmNhODAwYjg3LTI4ODQzODA3NTU2ODU0ODA5NjQuanBn.jpg,"[10.7873629, 106.7619248]",Thá»§ Äá»©c,Há»“ ChÃ­ Minh
"Cho thuÃª 2phÃ²ng ngá»§ thang mÃ¡y ngay cÃ´ng viÃªn hoÃ ng vÄƒn thá»¥,khu sÃ¢n bay","Ä. Phá»• Quang, P. 02, Q. TÃ¢n BÃ¬nh, Tp. Há»“ ChÃ­ Minh",9,"Toáº¡ láº¡c trÃªn Ä‘Æ°á»ng phá»• quang P2 TÃ¢n BÃ¬nh, ngay cÃ¡c trá»¥c Ä‘Æ°á»ng lá»›n nhÆ° LÃª VÄƒn Sá»¹, Huá»³nh VÄƒn BÃ¡nh, Pháº¡m VÄƒn Hai, Äáº·ng VÄƒn Ngá»¯, gáº§n cáº§u LÄƒng Cha Cáº£, cÃ´ng viÃªn HoÃ ng VÄƒn Thá»¥, gáº§n sÃ¢n bay,... Dá»… Ä‘i ra cÃ¡c Ä‘Æ°á»ng TrÆ°á»ng Sa - HoÃ ng Sa, Nguyá»…n VÄƒn Trá»—i, gáº§n ngÃ£ tÆ° PhÃº Nhuáº­n, Nguyá»…n Kiá»‡m, HoÃ ng VÄƒn Thá»¥,....  Dá»… Ä‘i qua Quáº­n 3, Quáº­n 1, PhÃº Nhuáº­n, Quáº­n 10,...  1.  TÃ¬nh tráº¡ng phÃ²ng : 2 phÃ²ng ngá»§ thoÃ¡ng mÃ¡t Ä‘á»u Má»›i, thoÃ¡ng, Ä‘áº§y Ä‘á»§ tiá»‡n nghi.cÃ³ thang mÃ¡y  Ná»™i tháº¥t bao gá»“m : 2 giÆ°á»ng , 2 ná»‡m , 2 mÃ¡y láº¡nh , 2 tá»§ quáº§n Ã¡o , bÃ n gháº¿ , rÃ¨m vá»­a , bÃ n trang Ä‘iá»ƒm , ká»‡ báº¿p ,â€¦  Tiá»‡n Ã­ch : toÃ  nhÃ  má»›i 100% , nhÃ  xe rá»™ng , khÃ´ng giá»›i háº¡n ngÆ°á»i á»Ÿ , ra vÃ o báº±ng vÃ¢n tay , â€¦.    Gáº§n cÃ¡c tuyáº¿n Ä‘Æ°á»ng lá»›n nhÆ° HoÃ ng Sa, TrÆ°á»ng Sa, Phan ÄÃ¬nh PhÃ¹ng, Phan ÄÄƒng LÆ°u, Phan XÃ­ch Long, Nguyá»…n VÄƒn Trá»—i,....",CÄƒn Há»™ Chung CÆ°,Cho ThuÃª,60,2.0,1.0,,,,,https://i.meeymedia.com/jFfs_xKYXsvHsxTVzhbh6145gOUAoDTaI4RW2myvZm0/rs:fill:900:600/g:ce/czM6Ly9tZWV5bGFuZC1haS9pbWFnZXMvMjAyNC8wNi8yNGNhZmQ5YzRlYzczYzkzZTlkMzljZGI4MWMyODU5OTZmLTI4ODQzNjk4MTY4Mjk0NjEyNDcuanBn.jpg,"[10.8062151, 106.669114]",TÃ¢n BÃ¬nh,Há»“ ChÃ­ Minh
Studio 152 VÃµ chÃ­ cÃ´ng Alo xem phÃ²ng ***,"Ä. VÃµ ChÃ­ CÃ´ng, P. BÆ°á»Ÿi, Q. TÃ¢y Há»“, Tp. HÃ  Ná»™i",3.9,"CHÃNH CHá»¦ Cáº¦N CHO THUÃŠ STUDIO Táº I 152 VÃ• CHÃ CÃ”NG   GiÃ¡ chá»‰ 4tr  - Sáºµn Ä‘á»“ chá»‰ viá»‡c á»Ÿ   - Äá»ƒ xe táº§ng 1free ,Giao thÃ´ng thuáº­n tiá»‡n gáº§n chá»£ cÃ¡c trÆ°á»ng há»c.  - KhÃ´ng chung chá»§ giá» giáº¥c thoáº£i mÃ¡i   LiÃªn há»‡ xem phÃ²ng : *** miá»…n mg","NhÃ  Trá», PhÃ²ng Trá»",Cho ThuÃª,30,,,,,,,https://i.meeymedia.com/X_z8gYcuJ_L-iIT4YSFpQca12Tus381ktIUVX7c4AnQ/rs:fill:900:600/g:ce/czM6Ly9tZWV5bGFuZC1haS9pbWFnZXMvMjAyNC8wNi8yNDA1OWM3NmRiYjI4ZGVmODQ5ODJhODg2MjM4ZTZhZjRkLTI4ODQzODI0MjI4MTM4OTY5ODQuanBn.jpg,"[37.83333, 12.66667]",TÃ¢y Há»“,HÃ  Ná»™i
"CHO THUÃŠ SHOPHOUSE SARICA CHá»ˆ 110TR/TH, DT 300m2 VIEW CÃ”NG VIÃŠN","Q. Thá»§ Äá»©c, Tp. Há»“ ChÃ­ Minh",110.1,"CHO THUÃŠ SHOPHOUSE SARICA CHá»ˆ 110tr/th VIEW CÃ”NG VIÃŠN  Káº¿t cáº¥u : 1 trá»‡t 2 láº§u  Diá»‡n tÃ­ch : DTSD 300M2  GiÃ¡ thuÃª: 110tr/th  View cÃ´ng viÃªn sala  PhÃ¡p lÃ½: Há»£p Ä‘á»“ng mua bÃ¡n (Äang lÃ m sá»• há»“ng)  Tiá»‡n Ã­ch 5* Ä‘áº³ng cáº¥p , thuá»™c khu Ä‘Ã´ thá»‹ cao cáº¥p nháº¥t Q2, Shop náº±m á»Ÿ máº·t view cÃ´ng viÃªn, kinh doanh, lÃ m vÄƒn phÃ²ng, F&B,.  LH *** Hannah Tráº§n Ä‘á»ƒ Ä‘Æ°á»£c tÆ° váº¥n vÃ  xem shop thá»±c táº¿","VÄƒn phÃ²ng, TTTM, Cá»­a hÃ ng, Kiot",Cho ThuÃª,300,,,ÄÃ£ cÃ³ giáº¥y háº¹n láº¥y sá»‘,,,,https://i.meeymedia.com/pRFtC4NvixBlgBtj732CF0I4TyGE3gCvoafGHXq_zGA/rs:fill:900:600/g:ce/czM6Ly9tZWV5bGFuZC1haS9pbWFnZXMvMjAyNC8wNi8yNDg1NDk3NWQ3YTlhODdhZTAyMTI1NjMwNjE1NTY0MjQzLTI4ODQzNjc1NTY0NjU4NDg2MDAuanBn.jpg,"[10.7873629, 106.7619248]",Thá»§ Äá»©c,Há»“ ChÃ­ Minh
HÃ¬nh tháº­t giÃ¡ tháº­t. mÃ£ Ä‘áº¹p cÃ³ ban cÃ´ng á»Ÿ vÃµ vÄƒn hÃ¡t,"Q. Thá»§ Äá»©c, Tp. Há»“ ChÃ­ Minh",3.99,"Ä‘iá»‡n 3,8k, nÆ°á»›c 22k/khá»‘i, xe 150k/chiáº¿c,   dv 200k/phÃ²ng (rÃ¡c, wifi, vá»‡ sinh chung, thang mÃ¡y)  Cá»c 1 thÃ¡ng    QUY Äá»ŠNH KHÃC:   - Miá»…n phÃ­ nÆ°á»›c uá»‘ng, cá»•ng vÃ¢n tay, camera an ninh  - KhÃ´ng nuÃ´i pet, khÃ´ng nháº­n khÃ¡ch cÃ³ xe Ä‘iá»‡n, khÃ´ng dÃ¹ng bÃ¬nh ga lá»›n  - á»Ÿ Ä‘Æ°á»£c 3-4 ngÆ°á»i  - Ná»™i tháº¥t nhÆ° hÃ¬nh, thÃªm tá»§ láº¡nh +300k/thÃ¡ng",CÄƒn Há»™ Chung CÆ°,Cho ThuÃª,30,1.0,1.0,,,,,https://i.meeymedia.com/BWX663gw5QNuKUkeZ0_P9vor-gq-MWi5--3rvvrDAq8/rs:fill:900:600/g:ce/czM6Ly9tZWV5bGFuZC1haS9pbWFnZXMvMjAyNC8wNi8yNDNhZTU1ZmYyZDM3ZDc1ZTZiZDJjMDAzMGFmMjNmY2RkLTI4ODQzNzg0NzY5ODY2MDIyNDUuanBn.jpg,"[10.7873629, 106.7619248]",Thá»§ Äá»©c,Há»“ ChÃ­ Minh
"Cáº§n cho thuÃª máº·t báº±ng má»Ÿ cÃ´ng ty 100m2, táº¡i BÃ¬nh Tháº¡nh, 35 triá»‡u/thÃ¡ng","Ä. Ung VÄƒn KhiÃªm, P. 25, Q. BÃ¬nh Tháº¡nh, Tp. Há»“ ChÃ­ Minh",35,"Cáº§n cho thuÃª máº·t báº±ng má»Ÿ cÃ´ng ty 100m2, táº¡i BÃ¬nh Tháº¡nh, 35 triá»‡u/thÃ¡ng  - Äá»‹a chá»‰: Ung VÄƒn KhiÃªm, p25, q BÃ¬nh Tháº¡nh  - Diá»‡n tÃ­ch: 100 m2  - HÆ°á»›ng: ÄÃ´ng  - Tiá»‡n tÃ­ch: Cafe, tiáº¿p khÃ¡ch táº¡i sáº£nh, phÃ²ng gym, nhÃ  hÃ ng sÃ¢n thÆ°á»£ng, 2 thang mÃ¡y, miá»…n    phÃ­ xe bus Thá»© 2 - Chá»§ Nháº­t (trá»« thá»© 5) Ä‘áº¿n quáº­n 1, 2-3 chuyáº¿n/ngÃ y.  - Thanh toÃ¡n: hÃ ng thÃ¡ng  - Äáº·t cá»c: 2 thÃ¡ng 90 Triá»‡u  - Há»£p Ä‘á»“ng: 2 nÄƒm","NhÃ  XÆ°á»Ÿng, Máº·t Báº±ng, Kho BÃ£i",Cho ThuÃª,100,,,KhÃ¡c,,,,https://i.meeymedia.com/CPVV2s1_0RXNi6_GgmC37i7zCYT2M6uDnXEXrxiY2VI/rs:fill:900:600/g:ce/czM6Ly9tZWV5bGFuZC1haS9pbWFnZXMvMjAyNC8wNi8yNGI2ZjlkZDVkM2U2YWI4NjQxNTIyYmQ4YTJlYzJlZTIzLTI4ODQzNjYyMzY3OTg4OTE5NjAuanBn.jpg,"[10.8063236, 106.720263]",BÃ¬nh Tháº¡nh,Há»“ ChÃ­ Minh
"ChÃ­nh chá»§ cho thuÃª nguyÃªn cÄƒn ngang 7m HXH Nguyá»…n Thá»‹ Minh Khai, Q1","Ä. Nguyá»…n Thá»‹ Minh Khai, P. Äa Kao, Q. 1, Tp. Há»“ ChÃ­ Minh",35.03,"- Diá»‡n tÃ­ch : 7 x 12m  - Káº¿t cáº¥u: 1 trá»‡t, 2 láº§u, 1 sÃ¢n thÆ°á»£ng, 5 phÃ²ng, 3 wc  - GiÃ¡ thuÃª: 35 triá»‡u ( cÃ³ thÆ°Æ¡ng lÆ°á»£ng )  NhÃ  má»›i, phÃ²ng rá»™ng rÃ£i, nhÃ  trong khu dÃ¢n cÆ° Ä‘Ã´ng Ä‘Ãºc, Ä‘Æ°á»ng xe Ã´ tÃ´ ra vÃ o  PhÃ¹ há»£p lÃ m vÄƒn phÃ²ng cÃ´ng ty, spa, tháº©m má»¹, trung tÃ¢m dáº¡y há»c,.....","VÄƒn phÃ²ng, TTTM, Cá»­a hÃ ng, Kiot",Cho ThuÃª,84,,3.0,"Giáº¥y CN QSDÄ, Sá»• Ä‘á», Sá»• há»“ng",,,,https://i.meeymedia.com/Yy6T78y8FCe5GqPR7T7ei5o_Bb1xcAK8AXxVZ5WnxH4/rs:fill:900:600/g:ce/czM6Ly9tZWV5bGFuZC1haS9pbWFnZXMvMjAyNC8wNi8yNGI0M2E0ZWNjZTFmNzY5YzYyOGJhMmEyNWFiZjYzYjljLTI4ODQzNjgyMDgzMjg0OTU4NzcuanBn.jpg,"[10.7899773, 106.7047475]",1,Há»“ ChÃ­ Minh
Cho thuÃª VÄƒn phÃ²ng - Officetel â€“ TÃ²a Sky Center .,"Ä. Phá»• Quang, P. 02, Q. TÃ¢n BÃ¬nh, Tp. Há»“ ChÃ­ Minh",13,Ná»™i tháº¥t vÄƒn phÃ²ng Ä‘áº§y Ä‘á»§ cho hoáº¡t Ä‘á»™ng kinh doanh CÃ´ng ty. Khu trung tÃ¢m gáº§n SÃ¢n bay hÆ°á»›ng Ä‘i ra ÄÆ°á»ng TrÆ°á»ng SÆ¡n â€“ cÃ¡ch SÃ¢n bay TÃ¢n SÆ¡n nháº¥t 200 mÃ©t. Äi láº¡i thuáº­n tiá»‡n cÃ³ nhiá»u dá»‹ch vá»¥ tiá»‡n Ã­ch trong khu vá»±c tÃ²a Officetel.,"VÄƒn phÃ²ng, TTTM, Cá»­a hÃ ng, Kiot",Cho ThuÃª,50,,,"Giáº¥y CN QSDÄ, Sá»• Ä‘á», Sá»• há»“ng",,,,https://i.meeymedia.com/wfgHkH3VEcbWyjWggTIvSeaVbFjF0nMWfI9gdRgfAyk/rs:fill:900:600/g:ce/czM6Ly9tZWV5bGFuZC1haS9pbWFnZXMvMjAyNC8wNi8yNDY1MDJjYmFlOTAwNmZjMDNlNjlmODc5NzJhOTg1ZWExLTI4ODQzNjkzMzI1NDY2NDAzODguanBn.jpg,"[10.8062151, 106.669114]",TÃ¢n BÃ¬nh,Há»“ ChÃ­ Minh
NhÃ  siÃªu Ä‘áº¹p MT Háº£i ChÃ¢u ngay trung tÃ¢m TP,"Ä. Nguyá»…n TrÃ¡c, P. HÃ²a Thuáº­n TÃ¢y, Q. Háº£i ChÃ¢u, Tp. ÄÃ  Náºµng",20,"NHÃ€ CHO THUÃŠ NGUYÃŠN CÄ‚N   ÄÆ°á»ng Nguyá»…n TrÃ¡c - hÆ°á»›ng TÃ¢y  Khu quÃ¢n Ä‘á»™i,  Diá»‡n tÃ­ch 100m2 x 3 táº§ng  3PN - 4 toilet - 2 phÃ²ng khÃ¡ch - sÃ¢n trá»“ng cÃ¢y táº§ng 1  Ban cÃ´ng táº§ng 3   Khu vá»±c trá»“ng rau  NhÃ  ná»™i tháº¥t gá»—  GiÃ¡ cho thuÃª 20 triá»‡u/ thÃ¡ng",NhÃ  Äáº¥t Thá»• CÆ°,Cho ThuÃª,100,3.0,4.0,"Giáº¥y CN QSDÄ, Sá»• Ä‘á», Sá»• há»“ng",,,3.0,https://i.meeymedia.com/Lybmr7YXVd42Lj9TztI3XNy-nFGhXXC1VyXpVNOf2oQ/rs:fill:900:600/g:ce/czM6Ly9tZWV5bGFuZC1haS9pbWFnZXMvMjAyNC8wNi8yNGM0ZDUyZWU4MGM1NmNmMWQwYzE5OWZkZmZhOGI3MTM5LTI4ODQzNjA1NTcyMzI3OTAwMjAuanBn.jpg,"[16.0407105, 108.2096132]",Háº£i ChÃ¢u,ÄÃ  Náºµng
Cho thuÃª nhÃ  hxh 371/7 LÃª Quang Äá»‹nh - 4.5x17m 3Láº§u,"Ä. LÃª Quang Äá»‹nh, P. 05, Q. BÃ¬nh Tháº¡nh, Tp. Há»“ ChÃ­ Minh",28,"Cho thuÃª nhÃ  hxh 371/7 LÃª Quang Äá»‹nh, PhÆ°á»ng 5, BÃ¬nh Tháº¡nh,  DT: 4.5x17m ná»Ÿ háº­u 7m, 1 trá»‡t 3 láº§u, CÃ³ táº§ng háº§m Ä‘á»ƒ xe.  Gá»“m: 6 PN, 8WC, 1 phÃ²ng kho, 1 sáº£nh  phÃ¹ há»£p vpcty, shop, spa, á»Ÿ...",NhÃ  Äáº¥t Thá»• CÆ°,Cho ThuÃª,76.5,6.0,6.0,"Giáº¥y CN QSDÄ, Sá»• Ä‘á», Sá»• há»“ng",,,,https://i.meeymedia.com/5SrblKqIM53B7SRJII7Yi_nsNEESbigpGmYPumzKXkQ/rs:fill:900:600/g:ce/czM6Ly9tZWV5bGFuZC1haS9pbWFnZXMvMjAyNC8wNi8yNGExYjkyNGRiOTliM2FhM2ZjNTg5MDZhZWZhYjk4NzBmLTI4ODQzNjI5NzM0NDQ0MzI2MTYuanBn.jpg,"[10.804544, 106.6985656]",BÃ¬nh Tháº¡nh,Há»“ ChÃ­ Minh
Cho thuÃª nhÃ  hxh Ä‘áº·ng vÄƒn ngá»¯ p14 phÃº nhuáº­n 60m2 3 táº§ng 16tr,"Ä. Äáº·ng VÄƒn Ngá»¯, P. 13, Q. PhÃº Nhuáº­n, Tp. Há»“ ChÃ­ Minh",16.02,"Khu kinh doanh sáº§m uáº¥t, dÃ¢n cÆ° Ä‘Ã´ng Ä‘Ãºc, tiá»‡n Ã­ch xung quanh khÃ´ng thiáº¿u thá»© gÃ¬ nhÆ°: Bá»‡nh viá»‡n, trÆ°á»ng há»c cÃ¡c cáº¥p, chá»£, khu tÃ²a nhÃ  vÄƒn phÃ²ng.   NhÃ  vÃ´ á»Ÿ vÃ  kinh doanh ngay BTCT cháº¯c cháº¯n 1 trá»‡t 1 lá»­ng 1 láº§u 3 phÃ²ng ngá»§ 2wc, háº»m nhÆ°a tháº³ng 1 trá»¥c xe hÆ¡i thÃ´ng thoÃ¡ng.  Náº±m ngay ngÃ£ tÆ° LÃª VÄƒn Sá»¹ giao Huá»³nh VÄƒn BÃ¡nh, xung quanh lÃ  cÃ¡c Ä‘Æ°á»ng TrÆ°á»ng Sa, HoÃ ng Sa, Nguyá»…n VÄƒn Trá»—i, HoÃ ng VÄƒn Thá»¥, Nguyá»…n Trá»ng Tuyá»ƒn, BÃ¹i Thá»‹ XuÃ¢n, Pháº¡m VÄƒn Hai.  Vá»‹ trÃ­ trung tÃ¢m PhÃº Nhuáº­n Ä‘i Quáº­n 1, Quáº­n 3, BÃ¬nh Tháº¡nh, TÃ¢n BÃ¬nh, sÃ¢n bay chá»‰ hÆ¡n 10 phÃºt.  Gá»i ngay: Toáº¡i Ä‘á»ƒ Ä‘Æ°á»£c tÆ° váº¥n vÃ  xem nhÃ  miá»…n phÃ­, xin lá»—i khÃ´ng tiáº¿p mÃ´i giá»›i, trung gian vÃ  quáº£ng cÃ¡o cáº£m Æ¡n.",NhÃ  Äáº¥t Thá»• CÆ°,Cho ThuÃª,60,3.0,2.0,"Giáº¥y CN QSDÄ, Sá»• Ä‘á», Sá»• há»“ng",,,3.0,https://i.meeymedia.com/b4Hcxhs_XmiEI_YFwQ_rPHNSinAh5sMoHgLr-xc8-Ss/rs:fill:900:600/g:ce/czM6Ly9tZWV5bGFuZC1haS9pbWFnZXMvMjAyNC8wNi8yNGQxMzE5NDc1YzMzNGYxZWY0Zjc4NmVmYzRjNTkxYmI2LTI4ODQzNjMzNzUxOTMzNzcyNjYuanBn.jpg,"[10.7922702, 106.6678821]",PhÃº Nhuáº­n,Há»“ ChÃ­ Minh
Cho thuÃª nhÃ  HXH 6m Tráº§n Quang Diá»‡u TM cáº§u thang cuá»‘i nhÃ ,"Ä. Tráº§n Quang Diá»‡u, P. 14, Q. 3, Tp. Há»“ ChÃ­ Minh",38.02,"Cho thuÃª nhÃ  HXH 6m Tráº§n Quang Diá»‡u TM cáº§u thang cuá»‘i nhÃ   HXH 118/ Tráº§n Quang Diá»‡u, P.14, Quáº­n 3  Káº¿t cáº¥u: 1 trá»‡t 1 lá»­ng 2 láº§u sÃ¢n thÆ°á»£ng (TM, cáº§u thang cuá»‘i nhÃ )  Diá»‡n tÃ­ch: 4x18m  GiÃ¡ thuÃª: 38 triá»‡u/thÃ¡ng  PhÃ¹ há»£p lÃ m vpcty, spa, shop, dáº¡y há»c,....  Xem nhÃ  liÃªn há»‡",NhÃ  Äáº¥t Thá»• CÆ°,Cho ThuÃª,72,4.0,,"Giáº¥y CN QSDÄ, Sá»• Ä‘á», Sá»• há»“ng",,,,https://i.meeymedia.com/EufBE1hB5HxKE_g-U2zC8l5kC9SAmfs7PqDrg7XdF38/rs:fill:900:600/g:ce/czM6Ly9tZWV5bGFuZC1haS9pbWFnZXMvMjAyNC8wNi8yNDg1ZWE5MjJhODE3MzI4YzY0MjBhYzEwZTIzOWI0YzgyLTI4ODQzNjM1ODA4ODc4NjU4NjAuanBn.jpg,"[10.7837366, 106.6784859]",3,Há»“ ChÃ­ Minh
"Cho thuÃª nhÃ  Ä‘Æ°á»ng sá»‘ 5, bÃ¬nh chiá»ƒu, thá»§ Ä‘á»©c","Ä. Sá»‘ 5, P. BÃ¬nh Chiá»ƒu, Q. Thá»§ Äá»©c, Tp. Há»“ ChÃ­ Minh",5.52,"Cho thuÃª nhÃ  Ä‘Æ°á»ng sá»‘ 5, bÃ¬nh chiá»ƒu, thá»§ Ä‘á»©c  Dt 40m2  NhÃ  1 trá»‡t 1 láº§u.  2 phÃ²ng ngá»§ ( 1pn lá»›n, 1pn nhá» ), 2wc  GiÃ¡ 5.5tr",NhÃ  Äáº¥t Thá»• CÆ°,Cho ThuÃª,40,2.0,2.0,"Giáº¥y CN QSDÄ, Sá»• Ä‘á», Sá»• há»“ng",,,2.0,https://i.meeymedia.com/wK85qW6j0ngzm3VGys_Ypxk6RcJIttQJJWfOv3O2GHE/rs:fill:900:600/g:ce/czM6Ly9tZWV5bGFuZC1haS9pbWFnZXMvMjAyNC8wNi8yNDc3ODQzZDU1MjVhYzExNjIxNzM2MTI3M2FmMjQ1YmU0LTI4ODQzNjM4NzMzMjE4MTg2MjguanBn.jpg,,Thá»§ Äá»©c,Há»“ ChÃ­ Minh
NhÃ  Ä‘áº¹p FULL Ná»˜I THáº¤T 5x20m - 4 Táº§ng 4PN Ä‘Æ°á»ng 16m gáº§n AEON,"Ä. Sá»‘ 5, P. BÃ¬nh Trá»‹ ÄÃ´ng, Q. BÃ¬nh TÃ¢n, Tp. Há»“ ChÃ­ Minh",22,"Cho thuÃª nhÃ  Äáº¹p Khu Ao Sen, BÃ¬nh Trá»‹ ÄÃ´ng B, BÃ¬nh TÃ¢n  - FULL Ná»˜I THáº¤T, nhÃ  thiáº¿t káº¿ hiá»‡n Ä‘áº¡i VÃ€O á» LIá»€N  - ÄÆ°á»ng rá»™ng 16m thÃ´ng thoÃ¡ng    DT: 5 x 20m. DTSD : 289M2  - Káº¿t cáº¥u: 1 trá»‡t 2 láº§u sÃ¢n thÆ°á»£ng gá»“m 4PN 5WC    GiÃ¡: 22 triá»‡u cÃ²n TL cho KH thiá»‡n chÃ­  - LH NGAY Ä‘á»ƒ xem nhÃ ",NhÃ  Äáº¥t Thá»• CÆ°,Cho ThuÃª,100,4.0,5.0,"Giáº¥y CN QSDÄ, Sá»• Ä‘á», Sá»• há»“ng",,,4.0,https://i.meeymedia.com/pDD6o3VAymppsYKlQk0SjDRyC5S0Cn-hAu18G55rad8/rs:fill:900:600/g:ce/czM6Ly9tZWV5bGFuZC1haS9pbWFnZXMvMjAyNC8wNi8yNDUxMjA4MWRjOTQyNjU0YmU3ZjA3ODFmZWE4NjMxYjExLTI4ODQzNjM5MjUwOTQxNTIxMjAuanBn.jpg,"[10.7491183, 106.6101654]",BÃ¬nh TÃ¢n,Há»“ ChÃ­ Minh
Cáº§n thuÃª nhÃ ,"Ä. Nguyá»…n Há»¯u Cáº£nh, P. 19, Q. BÃ¬nh Tháº¡nh, Tp. Há»“ ChÃ­ Minh",20,"MÃ¬nh cáº§n thuÃª nhÃ  khu vá»±c BÃ¬nh Tháº¡nh cho anh em á»Ÿ Ä‘i lÃ m dá»± Ã¡n á»Ÿ SG. Chá»§ yáº¿u ngá»§ nghá»‰ khÃ´ng sinh hoáº¡t nhiá»u, trong vÃ²ng 2 thÃ¡ng. Äáº§u thÃ¡ng 7- Ä‘áº§u thÃ¡ng 9.   - GiÃ¡ khoáº£ng 15-23tr  - Gá»“m 4PN cÃ³ sÃ¢n Ä‘á»ƒ xe  - KhÃ´ng quan trá»ng háº»m bao nhiÃªu sáº¹c hay xe hÆ¡i  - Cho phÃ©p á»Ÿ 2 thÃ¡ng, cá»c 1 thÃ¡ng  - á» sáº½ Ä‘áº£m báº£o an ninh, sáº¡ch sáº½ cho chá»§ nhÃ , khÃ´ng gÃ¢y hÆ° há»ng tháº¥t thoÃ¡t  Anh Chá»‹ cÃ³ nhÃ  cho thuÃª khu vá»±c trÃªn xin gá»­i thÃ´ng tin cho Em vá»›i áº¡, Em Ä‘i coi nhÃ  luÃ´n áº¡.",NhÃ  Äáº¥t Thá»• CÆ°,Cho ThuÃª,50,4.0,4.0,"Giáº¥y CN QSDÄ, Sá»• Ä‘á», Sá»• há»“ng",,,4.0,https://i.meeymedia.com/QTBFaC6Z9MWtmzdGG_iXMiKelnk7oR-0to2Wi4wL5Jo/rs:fill:900:600/g:ce/czM6Ly9tZWV5bGFuZC1haS9pbWFnZXMvMjAyNC8wNi8yNGVkMjRlYTRjNmNhNjI2MTljNmUzODJkZmI3MmRkZTBjLTI4ODQzNjQ1ODAxNDM4MTgzOTkuanBn.jpg,"[10.7966197, 106.719169]",BÃ¬nh Tháº¡nh,Há»“ ChÃ­ Minh
NhÃ  nguyÃªn cÄƒn háº»m 463 cmt8 quáº­n 10 2PN,"P. 13, Q. 10, Tp. Há»“ ChÃ­ Minh",7.5,"cáº§n cho thuÃª gáº¥p nhÃ  nguyÃªn cÄƒn giÃ¡ ráº» nhÆ° hÃ¬nh. Hem 463B cmt8 q10. 30m2, 1 tret 1 láº§u, 2 phÃ²ng ngá»§ rá»™ng rÃ£i, cÃ³ ban cÃ´ng thoÃ¡ng mÃ¡t, nhÃ  má»›i sÆ¡n sua láº¡i nhÆ° má»›i  Gáº§n chá»£ hÃ²a hÆ°ng ,cÃ´ng viÃªn lÃª thá»‹ riÃªng   GiÃ¡ 7.5trieu. Miá»…n tráº£ giÃ¡ lien há»‡",NhÃ  Äáº¥t Thá»• CÆ°,Cho ThuÃª,30,2.0,1.0,"Giáº¥y CN QSDÄ, Sá»• Ä‘á», Sá»• há»“ng",,,2.0,https://i.meeymedia.com/XvNIzZORsj5IAWjE3OC66Qcf3OJu2a4Tm_khbIYEntc/rs:fill:900:600/g:ce/czM6Ly9tZWV5bGFuZC1haS9pbWFnZXMvMjAyNC8wNi8yNGIwY2QwNTAxMDhkODY2NjViYTNmZTkyOWMzYmJmMWUyLTI4ODQzNjQ5ODQ0MTE4MTIxMjAuanBn.jpg,"[10.7793424, 106.6706065]",10,Há»“ ChÃ­ Minh
Cho thuÃª nhÃ  cáº¥p 4 ngay cty Viá»‡t HÆ°Æ¡ng giÃ¡p visip1 giÃ¡ ráº»,"P. An PhÃº, Tx. Thuáº­n An, T. BÃ¬nh DÆ°Æ¡ng",2.48,"NhÃ  cho thuÃª ráº» nhanh cÃ²n ká»‹p ace ,nhÃ  cáº¥p 4 gÃ¡c lá»­ng thuáº­n an ngÃ y cÃ´ng ty vá»‡t hÆ°Æ¡ng ,giÃ¡p bÃªn vá»‹ sÃ­p 1 ,dt 40 m 2 pH ngá»§ nhÃ  cuá»‘i th ,trá»‘ng Ä‘iá»‡n nÆ°á»›c riÃªng ,giÃ¡ cho thuÃª ,2 tr500 1 th cá»c 1 th , ace nhanh cÃ²n ká»‹p LH ngay ***",NhÃ  Äáº¥t Thá»• CÆ°,Cho ThuÃª,40,1.0,,Viáº¿t tay,,,,https://i.meeymedia.com/QK14JibXIrl_S-GHreXvziFjKD0YepVUXW_NtJoRO10/rs:fill:900:600/g:ce/czM6Ly9tZWV5bGFuZC1haS9pbWFnZXMvMjAyNC8wNi8yNDk4MmFjNzY3NzUxZTVkOTkwN2ExMzM3Njc2ZGFmM2E0LTI4ODQzNjU1Mzk4Njc1NTQwNzIuanBn.jpg,"[11.16667, 106.66667]",Thuáº­n An,BÃ¬nh DÆ°Æ¡ng
NhÃ  MTKD Äs 10 4.5x18m 3 láº§u giÃ¡ 18 triá»‡u 5 phÃ²ng ngá»§,"Ä. Sá»‘ 10, P. 13, Q. 6, Tp. Há»“ ChÃ­ Minh",17.98,"NhÃ  máº·t tiá»n Ä‘Æ°á»ng kinh doanh sáº§m uáº¥t, gáº§n khu phá»‘ áº©m thá»±c, khu vá»±c dÃ¢n cÆ° Ä‘Ã´ng Ä‘Ãºc, sang trá»ng, thÃ­ch há»£p kinh doanh mua bÃ¡n nhiá»u ngÃ nh nghá» hoáº·c cho thuÃª, xung quanh cÃ²n cÃ³ Ä‘áº§y Ä‘á»§ cÃ¡c tiá»‡n Ã­ch nhÆ° siÃªu thá»‹ Coop Mart, chá»£ PhÃº LÃ¢m, ngÃ¢n hÃ ng, trÆ°á»ng há»c cÃ¡c cáº¥p, Galaxy Kinh DÆ°Æ¡ng VÆ°Æ¡ng, ráº¥t thuáº­n tiá»‡n cho cÃ¡c sinh hoáº¡t háº±ng ngÃ y.  - Vá»‹ trÃ­: MT Ä‘Æ°á»ng sá»‘ 10, P.hÆ°á»ng 13, Quáº­n 6, TP.HCM.  - Diá»‡n tÃ­ch: 4.5 x 18m.   - Káº¿t cáº¥u: 3.5 táº¥m.   - GiÃ¡: 18 triá»‡u",NhÃ  Äáº¥t Thá»• CÆ°,Cho ThuÃª,81,5.0,,"Giáº¥y CN QSDÄ, Sá»• Ä‘á», Sá»• há»“ng",,,,https://i.meeymedia.com/QX7rJGnCyZaDUBJM004wYHJI5fk3sBkd79fsqVu1zGk/rs:fill:900:600/g:ce/czM6Ly9tZWV5bGFuZC1haS9pbWFnZXMvMjAyNC8wNi8yNGU5NjQ1YmM2MTgxOTAyMzA4YWMxZTY1NzJmYTlmMWJmLTI4ODQzNzQzOTg1ODA1NDkyNzkuanBn.jpg,"[10.7530031, 106.6274838]",6,Há»“ ChÃ­ Minh
nhÃ  NC cÃ³ gÃ¡c Ä‘iá»‡n biÃªn phá»§ gáº§n hÃ ng xanh XVNT Xe khÃ¡ch Phi Long,"Ä. Äiá»‡n BiÃªn Phá»§, P. 21, Q. BÃ¬nh Tháº¡nh, Tp. Há»“ ChÃ­ Minh",7,"488 Äiá»‡n BiÃªn Phá»§, BÃ¬nh Tháº¡nh   Dáº¡ng: GÃ¡c, Cá»­a sá»• giáº¿ng trá»i  Dáº¡ng gÃ¡c, nhÃ  nguyÃªn cÄƒn   Full ná»™i tháº¥t Ä‘áº§y Ä‘á»§ nhÆ° hÃ¬nh, an ninh yÃªn tÄ©nh, sáº¡ch sáº½   Ra vÃ o vÃ¢n tay giá» giáº¥c tá»± do khÃ´ng chung chá»§   Dá»‹ch Vá»¥: Ä‘iá»‡n 4k, nÆ°á»›c 100k, pdv 150k/phÃ²ng, xe free",NhÃ  Äáº¥t Thá»• CÆ°,Cho ThuÃª,35,1.0,1.0,"Giáº¥y CN QSDÄ, Sá»• Ä‘á», Sá»• há»“ng",,,1.0,https://i.meeymedia.com/hzT8z4t_6kgz8fMlEUx8Pp1tbzq1z8ePNYKFdcXvZ6E/rs:fill:900:600/g:ce/czM6Ly9tZWV5bGFuZC1haS9pbWFnZXMvMjAyNC8wNi8yNGUwODczZTZlYWQ5MTlhMDllYmNmYTQ1YWQxYjczYTM0LTI4ODQzNjU5NTU0MjU4MzEwNjQuanBn.jpg,"[10.8012827, 106.7129585]",BÃ¬nh Tháº¡nh,Há»“ ChÃ­ Minh
PhÃ²ng Trá» Chá»‰ Cá»c 1Triá»‡u,"Ä. Ã‚u CÆ¡, P. 09, Q. TÃ¢n BÃ¬nh, Tp. Há»“ ChÃ­ Minh",2.5,Trá»‘ng sáºµn phÃ²ng nhÆ° hÃ¬nh  Gia 2tr2-2tr4-2tr5-2tr6  CÃ³ thá»ƒ á»Ÿ ngÃ¢y  Giá» giáº¥c tá»± do - tolet RiÃªng  Äáº·c Biá»‡t Chá»‰ cá»c 1triá»‡u,"NhÃ  Trá», PhÃ²ng Trá»",Cho ThuÃª,18,,,,,,,https://i.meeymedia.com/cr6BLS1aGqsAUaLHsB_vL9Og3Mq6jznpg5yn2DnZrr0/rs:fill:900:600/g:ce/czM6Ly9tZWV5bGFuZC1haS9pbWFnZXMvMjAyNC8wNi8yNGVhNDhiZGEwYWRlMzY2ODk2M2NiZGUxZjQ1ZDhkMDg4LTI4ODQzNjI2NzY4NTEwMjAxMDQuanBn.jpg,"[10.7700793, 106.6511669]",TÃ¢n BÃ¬nh,Há»“ ChÃ­ Minh
PhÃ²ng Trá» GiÃ¡ Sinh ViÃªn Full ná»™i tháº¥t gáº§n Pháº¡m VÄƒn ChÃ­ Q6,"Ä. BÃ¬nh TiÃªn, P. 08, Q. 6, Tp. Há»“ ChÃ­ Minh",3.7,"PhÃ²ng trá» giÃ¡ cá»±c tá»‘t chá»‰ tá»« 3,X   LÃ² Gá»‘m, Háº­u Giang Q6   (SÃ¡t cáº§u Pháº¡m VÄƒn ChÃ­)    Äáº§y Ä‘á»§ ná»™i tháº¥t nhÆ° áº£nh, cÃ³ sÃ¢n phÆ¡i, mÃ¡y giáº·t chung, nhiá»u tiá»‡n Ã­ch: Gym, Khu Äƒn uá»‘ng, Chá»£,â€¦   Ra vÃ o vÃ¢n tay, tá»± do 24/7, khÃ´ng chung chá»§    Äang trá»‘ng sáºµn, cÃ³ thá»ƒ á»Ÿ ngay   LiÃªn há»‡ em Ngá»c TrÆ°á»ng  Äá»ƒ Ä‘Æ°á»£c há»— trá»£ xem phÃ²ng","NhÃ  Trá», PhÃ²ng Trá»",Cho ThuÃª,25,,,,,,,https://i.meeymedia.com/Fi7DExjS09s8KSzrd2bCE1qHrjKuS1aB_a9O2dtp474/rs:fill:900:600/g:ce/czM6Ly9tZWV5bGFuZC1haS9pbWFnZXMvMjAyNC8wNi8yNDA2MzViMGRkYWIzMDI2Mjc1Y2EzMGViMGQ5MDkzZGJhLTI4ODQzNjYxMDY2MDI4Mzg1MzIuanBn.jpg,"[10.7434889, 106.6432068]",6,Há»“ ChÃ­ Minh
Cho thuÃª phÃ²ng á»Ÿ nhÃ  phá»‘ 20m2 wc ban cÃ´ng thoÃ¡ng mÃ¡t giÃ¡p Q2,"Q. Thá»§ Äá»©c, Tp. Há»“ ChÃ­ Minh",3,"Cáº§n cho thuÃª phÃ²ng á»Ÿ nhÃ  phá»‘ rá»™ng 20m2   PhÃ²ng náº±m táº§ng 3 , cÃ³ wc rá»™ng , sáº¡ch sáº½ , thoÃ¡ng mÃ¡t , cÃ³ tá»§ quáº§n Ã¡o, ban cÃ´ng.  á» an ninh, chÃ¬a khÃ³a riÃªng.  Vá»‹ trÃ­ Ä‘Æ°á»ng 109 KDC Báº¯c Ráº¡ch Chiáº¿c phÆ°á»ng PhÆ°á»›c Long A, TP Thá»§ Äá»©c. NgÃ y sÃ¡t cáº§u Ráº¡ch Chiáº¿c.  HÃ¬nh áº£nh thá»±c táº¿  Æ¯u tiÃªn cho ná»¯ thuÃª , yÃªn tÄ©nh sáº¡ch sáº½, lá»‹ch sá»±.  Xem phÃ²ng liÃªn há»‡ : a SÆ¡n ( Zalo)  GiÃ¡ cho thuÃª : 3 triá»‡u /thÃ¡ng","NhÃ  Trá», PhÃ²ng Trá»",Cho ThuÃª,20,,,,,,,https://i.meeymedia.com/7xsn03XJsa97VaPICrYNUQrIisuB_7hW2sWT4RKgdrU/rs:fill:900:600/g:ce/czM6Ly9tZWV5bGFuZC1haS9pbWFnZXMvMjAyNC8wNi8yNGFlOTI5MjYwMThhMmY2NDA4ZDZmYjIyY2MxYWU3MDU0LTI4ODQzNjU0MDExMDc4Mjk1MDkuanBn.jpg,"[10.7873629, 106.7619248]",Thá»§ Äá»©c,Há»“ ChÃ­ Minh
Cho thuÃª nhanh - nhÃ  1 trá»‡t 2 láº§u - kdc hÆ°ng phÃº 1 - giÃ¡ 10 triá»‡u,"P. HÆ°ng PhÃº, Q. CÃ¡i RÄƒng, Tp. Cáº§n ThÆ¡",9.99,"NhÃ  Trá»‡t 2 Láº§u -  GiÃ¡ thuÃª chá»‰: 10 triá»‡u/thÃ¡ng   ï¸ï¸ CHO THUÃŠ NHÃ€ - TRá»†T 2 Láº¦U - ÄÆ¯á»œNG B5 - KDC HÆ¯NG PHÃš 1 - CÃI RÄ‚NG, Cáº¦N THÆ     GiÃ¡ thuÃª: 10 triá»‡u/thÃ¡ng   - Diá»‡n tÃ­ch: 4,5 x 15 = 67,5m2. DTSD: ~270m2  - HÆ°á»›ng: ÄÃ´ng Nam  - Lá»™ giá»›i: 12m  - NhÃ  1 trá»‡t 2 láº§u gá»“m: phÃ²ng khÃ¡ch, 6 phÃ²ng ngá»§ (cÃ³ 2 phÃ²ng thá» cÃ³ thá»ƒ lÃ m phÃ²ng ngá»§), 3 toilet, báº¿p, cÃ³ ban cÃ´ng thoÃ¡ng mÃ¡t  - Cá»c 2 thÃ¡ng, Há»£p Ä‘á»“ng dÃ i háº¡n tá»« 1 nÄƒm  - Vá»‹ trÃ­: náº±m Ä‘oáº¡n ngoÃ i gáº§n máº¥y nhÃ  hÃ ng TÃ¢y ÄÃ´, CÃ¢y BÆ°á»Ÿi, Diamond Palace. KDC an ninh, bÃ¡n kÃ­nh 1km cÃ³ Ä‘áº§y Ä‘á»§ tiá»‡n Ã­ch    LiÃªn há»‡ xem nhÃ : Ngá»c VÃ ng   ï¸ Nháº­n kÃ½ gá»­i mua bÃ¡n, cho thuÃª nhÃ  Ä‘áº¥t   Cáº£m Æ¡n KH, ACE Ä‘Ã£ xem tin  BÃ n giao 2021  Khu dÃ¢n cÆ° HÆ°ng PhÃº Cáº§n ThÆ¡  Chá»§ Ä‘áº§u tÆ°:  CIC8",NhÃ  Äáº¥t Thá»• CÆ°,Cho ThuÃª,67.5,6.0,3.0,"Giáº¥y CN QSDÄ, Sá»• Ä‘á», Sá»• há»“ng",,,3.0,https://i.meeymedia.com/l24flvecT-Q1SOgxEZAEp20NTdyV-t1051EdtNGXMQY/rs:fill:900:600/g:ce/czM6Ly9tZWV5bGFuZC1haS9pbWFnZXMvMjAyNC8wNi8yNGFkZjMwMjVmM2NiMWNmMjEzZDViYTZlNjUxZDIxMzdlLTI4ODQzODM2OTAyMDg4OTkzNTIuanBn.jpg,"[10.0215307, 105.7892182]",CÃ¡i RÄƒng,Cáº§n ThÆ¡
"KTX tÆ° nhÃ¢n ngay Äá»— XuÃ¢n Há»£p, NgÃ£ 4 BÃ¬nh ThÃ¡i- CÄ CÃ´ng ThÆ°Æ¡ng, KTÄN,..","Q. Thá»§ Äá»©c, Tp. Há»“ ChÃ­ Minh",1.3,"PHÃ’NG KTX CAO Cáº¤P NGAY Äá»– XUÃ‚N Há»¢P, NGÃƒ TÆ¯ BÃŒNH THÃI - GIÃ SIÃŠU Ráºº CHá»ˆ 1,3 TRIá»†U Äá»’NG (BAO TRá»ŒN GÃ“I)  Thuáº­n tiá»‡n cho cÃ¡c báº¡n theo há»c táº¡i cÃ¡c trÆ°á»ng Cao Ä‘áº³ng Kinh Táº¿ Äá»‘i Ngoáº¡i, CÃ´ng ThÆ°Æ¡ng, SÆ° pháº¡m ká»¹ thuáº­t, Hutech, khu CNC...   CÃ¡c thuáº­n lá»£i báº¡n cÃ³ Ä‘Æ°á»£c:  â€¢Gáº§n cÃ¡c Ä‘Æ°á»ng lá»›n nhÆ°: Äá»— XuÃ¢n Há»£p, ngÃ£ 4 BÃ¬nh ThÃ¡i, Xa Lá»™ HÃ  Ná»™i, DÆ°Æ¡ng ÄÃ¬nh Há»™iâ€¦  â€¢TrÆ°á»›c nhÃ  lÃ  chá»£ 339, BÃ¡ch HÃ³a Xanh, Food, Cá»­a hÃ ng tiá»‡n lá»£iâ€¦    Nhá»¯ng tiá»‡n Ã­ch:  -An ninh vá»›i cá»•ng vÃ¢n tay vÃ  camera giÃ¡m sÃ¡t 24/7  -PhÃ²ng ngá»§ sáºµn cÃ³ giÆ°á»ng, ná»‡m, tá»§ Ä‘á»±ng Ä‘á»“ vÃ  rÃ¨m che  -Äiá»u hÃ²a 24/7  -PhÃ²ng vá»‡ sinh cÃ³ nÆ°á»›c nÃ³ng láº¡nh  -CÃ³ mÃ¡y giáº·c, mÃ¡y lá»c nÆ°á»›c uá»‘ng, tá»§ láº¡nh vÃ  tá»§ Ä‘Ã´ng  -Dá»‹ch vá»¥ dá»n dáº¹p, vá»‡ sinh hÃ ng ngÃ y    LiÃªn há»‡ Ä‘áº·t phÃ²ng vÃ  xem thÃªm thÃ´ng tin táº¡i:   - Äá»‹a chá»‰: 92B Ä‘Æ°á»ng 339, P. PhÆ°á»›c Long B, TP.Thá»§ Äá»©c","NhÃ  Trá», PhÃ²ng Trá»",Cho ThuÃª,35,,,,,,,https://i.meeymedia.com/Yl8b-0z1Huk77wz8BGooqiG-na16qRdq0aLmpg9lER4/rs:fill:900:600/g:ce/czM6Ly9tZWV5bGFuZC1haS9pbWFnZXMvMjAyNC8wNi8yNDYxMzcwMWZjYjI5NGI5MDY5NWQzYzNlYzNkMWQzZDBlLTI4ODQzNjY2NDY0MDgwNzE2NjYuanBn.jpg,"[10.7873629, 106.7619248]",Thá»§ Äá»©c,Há»“ ChÃ­ Minh
PhÃ²ng Ban CÃ´ng cho thuÃª nhÃ  máº·t tiá»n Pháº¡m HÃ¹ng,"Ä. Pháº¡m HÃ¹ng, P. 05, Q. 8, Tp. Há»“ ChÃ­ Minh",3.6,"PhÃ²ng Ban CÃ´ng cho thuÃª nhÃ  máº·t tiá»n Pháº¡m HÃ¹ng  Äá»§ ná»™i tháº¥t. Ban cÃ´ng láº§u 2 , cho náº¥u Äƒn trong phÃ²ng.    LiÃªn há»‡ xem nhÃ  thÃ¬ nháº¯n tin trÆ°á»›c 1 ngÃ y.",NhÃ  Äáº¥t Thá»• CÆ°,Cho ThuÃª,25,1.0,1.0,"Giáº¥y CN QSDÄ, Sá»• Ä‘á», Sá»• há»“ng",,,,https://i.meeymedia.com/kbkeNwmlDc1PK4yv23mWA-THjvjzCoM9jxblUe-Azwk/rs:fill:900:600/g:ce/czM6Ly9tZWV5bGFuZC1haS9pbWFnZXMvMjAyNC8wNi8yNDcxMWIyZDU0ZDFlMjMzOTcxMWU0NGQ1NTZiOWI1NDAxLTI4ODQzODQ3ODc1MTA3MTg3NDQuanBn.jpg,"[10.740635, 106.6688905]",8,Há»“ ChÃ­ Minh
"cho thuÃª nhÃ  5x18m cÃ³ 4PN,5WC kinh doanh tá»± do","Ä. Pháº¡m VÄƒn Báº¡ch, P. 15, Q. TÃ¢n BÃ¬nh, Tp. Há»“ ChÃ­ Minh",25.02,"Cho ThuÃª NhÃ  MÄƒÌ£t tiÃªÌ€n Ä‘Æ°Æ¡Ì€ng Pháº¡m VÄƒn Báº¡ch, phÆ°Æ¡Ì€ng 15, quÃ¢Ì£n TÃ¢n BiÌ€nh  NHAÌ€ NGUYÃŠN CÄ‚N- 25.000.000 Ä‘   ğ‘«ğ’Šğ’†Ì£Ì‚ğ’ ğ’•ğ’ŠÌğ’„ğ’‰: 5x18m   ğ‘²ğ’†Ì‚Ìğ’• ğ’„ğ’‚Ì‚Ìğ’–: 1 trá»‡t 2 láº§u st, 4PN, 5WC   Máº·t tiá»n Ä‘Æ°á»ng  25.000.000 Ä‘  HÆ°Æ¡Ìng TÃ¢y  ğ‘´ğ’Ì‚ ğ’•ğ’‚Ì‰:  - NhÃ  náº±m ngay trÃªn tuyáº¿n Ä‘Æ°á»ng sáº§m uáº¥t, Ä‘Ã´ng Ä‘Ãºc, thuáº­n lá»£i cho viá»‡c kinh doanh, gÃ¢Ì€n Ä‘Æ°Æ¡Ì€ng nÃ´Ì£i bÃ´Ì£ sÃ¢n bay TÃ¢n SÆ¡n NhÃ¢Ìt.  - Bao quanh lÃ  cÃ¡c tiá»‡n Ã­ch nhÆ° trung tÃ¢m thÆ°Æ¡ng máº¡i, nhÃ  hÃ ng, quÃ¡n cÃ  phÃª, ngÃ¢n hÃ ng, vÃ  nhiá»u dá»‹ch vá»¥ khÃ¡c.  - NhaÌ€ thiÃªÌt kÃªÌ theo lÃ´Ìi hiÃªÌ£n Ä‘aÌ£i,coÌ sÃ¢n thÆ°Æ¡Ì£ng rÃ´Ì£ng raÌƒi, hÃªÌ£ thÃ´Ìng Ä‘iÃªÌ£n tirjn nghi, nhaÌ€ mÆ¡Ìi xÃ¢y, khu vÆ°Ì£c xung quanh an ninh  - PhuÌ€ hÆ¡Ì£p Ä‘ÃªÌ‰ Æ¡Ì‰ vaÌ€ kinh doanh caÌc ngaÌ€nh nghÃªÌ€ saÌ£ch seÌƒ  => CHO LÃ€M CHDV ( KhÃ´ng caÌ‰i taÌ£o)",NhÃ  Äáº¥t Thá»• CÆ°,Cho ThuÃª,90,4.0,5.0,"Giáº¥y CN QSDÄ, Sá»• Ä‘á», Sá»• há»“ng",,,3.0,https://i.meeymedia.com/5W4aYs3LfiuRYSl2x1SDaeIhQA1S3AyTfnmPw12nnII/rs:fill:900:600/g:ce/czM6Ly9tZWV5bGFuZC1haS9pbWFnZXMvMjAyNC8wNi8yNDFlNmUzZDUzZmJhN2E3YmUyZDkwMzcxMWUyYzFlNTk4LTI4ODQzODEwMzQyOTAwMjUzNDIuanBn.jpg,"[10.8177371, 106.6373709]",TÃ¢n BÃ¬nh,Há»“ ChÃ­ Minh
ThuÃª ngay cÄƒn há»™ phÃº Ä‘Ã´ng premier 2pn cÃ³ nt Ä‘áº¹p thoÃ¡ng mÃ¡t 9tr/ thÃ¡ng,"Ä. ÄÃ o Trinh Nháº¥t, P. An BÃ¬nh, Tx. DÄ© An, T. BÃ¬nh DÆ°Æ¡ng",8.98,"CHO THUÃŠ CÄ‚N Há»˜ PHÃš ÄÃ”NG PREMIER  + Diá»‡n tÃ­ch: 68mÂ², 2 phÃ²ng ngá»§, 2 WC.  + GiÃ¡ thuÃª 9tr/thÃ¡ng, cá»c 2 thÃ¡ng Ä‘Ã³ng tiá»n 1 thÃ¡ng.  + PhÃ­ quáº£n lÃ½: Miá»…n phÃ­ nÄƒm Ä‘áº§u.   + Ná»™i tháº¥t bÃ n giao theo chá»§ Ä‘áº§u tÆ°: Ná»™i tháº¥t sÃ n gá»— trong cÃ¡c phÃ²ng ngá»§, bá»™ thiáº¿t bá»‹ vá»‡ sinh ToTo, phÃ²ng kÃ­nh táº¯m Ä‘á»©ng, bá»™ tá»§ báº¿p gá»— trÃªn dÆ°á»›i, báº¿p Teka cáº£m á»©ng, mÃ¡y nÆ°á»›c nÃ³ng Ferroli, mÃ¡y hÃºt mÃ¹i, khÃ³a tá»«. TÆ°á»ng, tráº§n tháº¡ch cao sÆ¡n nÆ°á»›c tráº¯ng, há»‡ thá»‘ng Ä‘Ã¨n chiáº¿u sÃ¡ng.   + Tiá»‡n Ã­ch ná»™i khu Ä‘áº§y Ä‘á»§: 2 táº§ng trung tÃ¢m thÆ°Æ¡ng máº¡i, khu mua sáº¯m, há»“ bÆ¡i, gym, spa, khu cafe, cÃ´ng viÃªn, Ä‘Æ°á»ng cháº¡y bá»™, khu BBQ. 4 táº§ng Ä‘á»ƒ xe, tháº» tá»« thang mÃ¡y. Giá»¯ xe: 110 ngÃ n/thÃ¡ng.  BÃ n giao 2019  PhÃº ÄÃ´ng Premier (Him Lam PhÃº ÄÃ´ng giai Ä‘oáº¡n 2)  Chá»§ Ä‘áº§u tÆ°:  CÃ´ng ty Cá»• Pháº§n Äá»‹a á»c PhÃº ÄÃ´ng",CÄƒn Há»™ Chung CÆ°,Cho ThuÃª,68,2.0,2.0,Há»£p Ä‘á»“ng mua bÃ¡n,,,2.0,https://i.meeymedia.com/QnUTY4ju_6B48RDV_TD-qNODJ-1cj7AuOvz2UEroWCo/rs:fill:900:600/g:ce/czM6Ly9tZWV5bGFuZC1haS9pbWFnZXMvMjAyNC8wNi8yNDQ0MTBmMzI4ZjZhNDg2OGVlODc1YmVlZGFkNDBhYWYzLTI4Njk4NjY5NTYwNDEyOTMyODcuanBn.jpg,"[10.90682, 106.7694]",DÄ© An,BÃ¬nh DÆ°Æ¡ng
Cho thuÃª nhÃ  nguyÃªn cÄƒn 5PN LÃ¢m VÄƒn Bá»n giÃ¡ 65tr,"Ä. LÃ¢m VÄƒn Bá»n, P. BÃ¬nh Thuáº­n, Q. 7, Tp. Há»“ ChÃ­ Minh",64.97,"NguyÃªn cÄƒn máº·t tiá»n LÃ¢m VÄƒn Bá»n, phÆ°á»ng BÃ¬nh Thuáº­n  + Diá»‡n tÃ­ch: 5x23m.   NhÃ  máº·t tiá»n 1 trá»‡t, 3 láº§u, 5 phÃ²ng ngá»§, 5wc  Máº·t tiá»n Ä‘Æ°á»ng lá»›n, vá»‹ trÃ­ Ä‘áº¹p, thuáº­n tiá»‡n kinh doanh, buÃ´n bÃ¡n, lÃ m vÄƒn phÃ²ng  + GiÃ¡ thuÃª: 65 triá»‡u/thÃ¡ng  + LiÃªn há»‡: HÃ¹ng  mÃ£ tin 18981",NhÃ  Äáº¥t Thá»• CÆ°,Cho ThuÃª,115,5.0,5.0,"Giáº¥y CN QSDÄ, Sá»• Ä‘á», Sá»• há»“ng",,,,https://i.meeymedia.com/bRuIeGWCFiHmc4L0EEZtfgn-QVzxaABU7sK61tdvKT4/rs:fill:900:600/g:ce/czM6Ly9tZWV5bGFuZC1haS9pbWFnZXMvMjAyNC8wNi8yNDgwNGJiZTljNmJhZTIxZmMzNzI5ZmM3ODIxMjM0Nzg3LTI4ODQzNjA3NDMyOTc3MzgzOTkuanBn.jpg,"[10.7481242, 106.7158596]",7,Há»“ ChÃ­ Minh
1pn 45m2 gáº§n sÃ¢n bay_cá»­a sá»• ban cÃ´ng thoÃ¡ng chá»‰ tá»« 8tr5 - 9tr5,"Ä. Báº¡ch Äáº±ng, P. 02, Q. TÃ¢n BÃ¬nh, Tp. Há»“ ChÃ­ Minh",8.51,"Báº¡ch Ä‘áº±ng, P2, TB  8tr5 phÃ²ng cá»­a sá»•  9tr5 phÃ²ng ban cÃ´ng  GiÃ¡ cÃ³ thÆ°Æ¡ng lÆ°á»£ng cho khÃ¡ch thiá»‡n chÃ­  Vá»‹ trÃ­ dá»… di chuyá»ƒn qua sÃ¢n bay, CÃ´ng ViÃªn Gia Äá»‹nh, CÃ´ng ViÃªn HoÃ ng VÄƒn Thá»¥  Gáº§n há»c viá»‡n hÃ ng khÃ´ng, Ä‘áº¡i há»c Huflit TrÆ°á»ng SÆ¡n, gáº§n Swinburne, Äáº¡i há»c Greenwich, VÄƒn Hiáº¿n  Náº±m gáº§n cÃ¡c trá»¥c Ä‘Æ°á»ng chÃ­nh Cá»­u Long, TrÆ°á»ng SÆ¡n, Há»“ng HÃ , HoÃ ng VÄƒn Thá»¥, Cá»™ng HÃ²a,...  Khu vá»±c gáº§n vÃ²ng xoay LÄƒng Cha Cáº£, Thuáº­n tiá»‡n di chuyá»ƒn vÃ o quáº­n PhÃº Nhuáº­n, Quáº­n 3, Quáº­n 1, GÃ² Váº¥p  Thang mÃ¡y, an ninh tá»‘t, giá» giáº¥c tá»± do",CÄƒn Há»™ Chung CÆ°,Cho ThuÃª,45,1.0,1.0,,,,,https://i.meeymedia.com/fz530TOUQvUGObRBkIo1qrCkXDiRV_J2e7vY0dh10_8/rs:fill:900:600/g:ce/czM6Ly9tZWV5bGFuZC1haS9pbWFnZXMvMjAyNC8wNi8yNGI5MTQ4MDcwNzJhNDBhMGZlNzU0M2Y2NzAxOWQ1M2VlLTI4NjMzMjIyNjMzMzQ0Mzk0MTEuanBn.jpg,"[10.8150569, 106.6743842]",TÃ¢n BÃ¬nh,Há»“ ChÃ­ Minh
"Cho thuÃª nhÃ  nguyÃªn cÄƒn 3 táº§ng Ä‘Æ°á»ng TrÆ°Æ¡ng CÃ´ng Hy, Nam Viá»‡t Ã","Ä. TrÆ°Æ¡ng CÃ´ng Hy, P. KhuÃª Má»¹, Q. NgÅ© HÃ nh SÆ¡n, Tp. ÄÃ  Náºµng",9.98,Cho thuÃª nhÃ  3 táº§ng nguyÃªn cÄƒn TrÆ°Æ¡ng CÃ´ng Hy   4 phÃ²ng ngá»§ Ä‘á»u cÃ³ ban cÃ´ng   3 phÃ²ng vá»‡ sinh  thoÃ¡ng mÃ¡t Ä‘á»‘i diá»‡n cÃ´ng viÃªn Ä‘Æ°á»ng TrÆ°Æ¡ng CÃ´ng Hy khu Nam Viá»‡t Ã   giÃ¡ thuÃª 10tr/ thÃ¡ng ( thanh toÃ¡n linh Ä‘á»™ng )    Mr DÄ©nh Ä‘á»ƒ xem nhÃ  trá»±c tiáº¿p,NhÃ  Äáº¥t Thá»• CÆ°,Cho ThuÃª,105,4.0,3.0,"Giáº¥y CN QSDÄ, Sá»• Ä‘á», Sá»• há»“ng",,,3.0,https://i.meeymedia.com/MH4T7fOJ0dknAdMIeKNEKJX8MvxvcxhUW2y_Hg2oiO8/rs:fill:900:600/g:ce/czM6Ly9tZWV5bGFuZC1haS9pbWFnZXMvMjAyNC8wNi8yNGUxOGEyYjFiYmU0MWY3MmNlNjZlY2EzZjk0NmJlMzJhLTI4ODQzNjE1ODEwNzg1NzkzNTIuanBn.jpg,"[16.0270514, 108.2403407]",NgÅ© HÃ nh SÆ¡n,ÄÃ  Náºµng
Cho thuÃª cÄƒn 1 PN EcoXuan giÃ¡ tá»‘t ráº» Ä‘áº¹p nhÆ° khÃ¡ch sáº¡n,"Ä. Quá»‘c Lá»™ 13, P. LÃ¡i ThiÃªu, Tx. Thuáº­n An, T. BÃ¬nh DÆ°Æ¡ng",4.51,"Cho thuÃª cÄƒn 1 PN y hÃ¬nh giÃ¡ tá»‘t nhÆ° hÃ¬nh khu EcoXuan chá»‰ 4tr5 .  Alo *** xem nhÃ  thá»±c táº¿.  NgoÃ i ra em cÃ²n náº¯m nhiá»u cÄƒn giÃ¡ ráº».  BÃ n giao 2019  CÄƒn há»™ Eco XuÃ¢n LÃ¡i ThiÃªu  Chá»§ Ä‘áº§u tÆ°:  CÃ´ng ty TNHH MTV Setia LÃ¡i ThiÃªu  Quy mÃ´:  3 block, 740 cÄƒn há»™",CÄƒn Há»™ Chung CÆ°,Cho ThuÃª,47,1.0,1.0,"Giáº¥y CN QSDÄ, Sá»• Ä‘á», Sá»• há»“ng",,,,https://i.meeymedia.com/tdFRsJVFp_EfaEN4WGdJEQxc8kE3CskT-1G5N22vrPg/rs:fill:900:600/g:ce/czM6Ly9tZWV5bGFuZC1haS9pbWFnZXMvMjAyNC8wNi8yNGY3NTVjYjU4OTdiN2MwOTU4MjFlNjVhMTU1ZGY3NzhhLTI4ODQzNjM1MDA5MzE3MDM1MjguanBn.jpg,"[15.5, 108.68333]",Thuáº­n An,BÃ¬nh DÆ°Æ¡ng
"phÃ²ng má»›i Ä‘áº¹p LÃª Trá»ng Táº¥n, BÃ¬nh TÃ¢n giÃ¡ 2,8tr","P. LÃª Trá»ng Táº¥n, P. BÃ¬nh HÆ°ng HÃ²a, Q. BÃ¬nh TÃ¢n, Tp. Há»“ ChÃ­ Minh",2.8,"Cá»c ngay giáº£m liá»n tay  PhÃ²ng má»›i Ä‘áº¹p ngay LÃª Trá»ng Táº¥n BÃ¬nh TÃ¢n  Diá»‡n tÃ­ch 25m2   Gáº§n ngay chá»£ Pháº¡m ÄÄƒng Giáº£ng   GiÃ¡ 2,8tr/ thÃ¡ng cá»c 1 thÃ¡ng  Gá»i xem hÃ²ng ngay",CÄƒn Há»™ Chung CÆ°,Cho ThuÃª,25,1.0,1.0,,,,,https://i.meeymedia.com/ELM2fmhdTsTBc6aFFilxCkAtgvNYP_F0Y0gTB6Rrc_I/rs:fill:900:600/g:ce/czM6Ly9tZWV5bGFuZC1haS9pbWFnZXMvMjAyNC8wNi8yNDI3N2Y0YTM3NWZhYjJiODE3N2RjNzBiNDkwNDQ0ZTM3LTI4ODQzNjM2ODcxNjI4NjQzNjAuanBn.jpg,"[10.8162029, 106.601385]",BÃ¬nh TÃ¢n,Há»“ ChÃ­ Minh
Cho thuÃª nhÃ  HXH 96/3A Phan ÄÃ¬nh PhÃ¹ng P.2 Q.PhÃº Nhuáº­n,"Ä. Phan ÄÃ¬nh PhÃ¹ng, P. 02, Q. PhÃº Nhuáº­n, Tp. Há»“ ChÃ­ Minh",20.02,"Cho thuÃª nhÃ  HXH 96/3A Phan ÄÃ¬nh PhÃ¹ng P.2 Q.PhÃº Nhuáº­n thÃ´ng ra TrÆ°á»ng Sa. Diá»‡n tÃ­ch 4x18m. Káº¿t cáº¥u 1 trá»‡t 3 láº§u sÃ¢n thÆ°á»£ng. NhÃ  gá»“m phÃ²ng khÃ¡ch, báº¿p, phÃ²ng thá», 4pn ( cÃ³ mÃ¡y láº¡nh ) 5wc. NhÃ  Ä‘áº¹p sáº¡ch sáº½, háº»m rá»™ng thÃ´ng thoÃ¡ng. ThÃ­ch há»£p kd online, á»Ÿ gia Ä‘Ã¬nh, vpcty... GiÃ¡ 20 triá»‡u/thÃ¡ng cÃ²n TL tiáº¿p a/c thiá»‡n chÃ­.",NhÃ  Äáº¥t Thá»• CÆ°,Cho ThuÃª,72,4.0,5.0,"Giáº¥y CN QSDÄ, Sá»• Ä‘á», Sá»• há»“ng",,,4.0,https://i.meeymedia.com/EX6MYtTNIGfmjtawT1foXJacg2AYShVxa5mSwXls_b4/rs:fill:900:600/g:ce/czM6Ly9tZWV5bGFuZC1haS9pbWFnZXMvMjAyNC8wNi8yNDlhYTNmOGU0MjVlOWU5ZDQwNzNlMTI2NWU5YzRjMGU5LTI4ODQzNjI0MzU4MjMzMzAwMjQuanBn.jpg,"[10.7980924, 106.6817924]",PhÃº Nhuáº­n,Há»“ ChÃ­ Minh
Cho thuÃª opal boulevard 2pn ntcb cá»c 1th giÃ¡ 9.5tr,"Ä. An BÃ¬nh, P. An BÃ¬nh, Tx. DÄ© An, T. BÃ¬nh DÆ°Æ¡ng",9.52,"ÄÆ¯á»¢C CHÃNH CHá»¦ TIN TÆ¯á»NG KÃ Gá»¬I CÄ‚N Há»˜ CHO THUÃŠ OPAL BOULEVARD  ThÃ´ng tin cÄƒn há»™:  + Thiáº¿t káº¿: 2PN2WC  + Diá»‡n tÃ­ch 85m2  NhÃ  cÃ³ ná»™i tháº¥t cÆ¡ báº£n  + Tiá»‡n Ã­ch: trung tÃ¢m thÆ°Æ¡ng máº¡i, khu thá»ƒ thao Ä‘a nÄƒng, há»“ bÆ¡i, khu vui chÆ¡i tráº» em, cÃ´ng viÃªn, sÃ¢n cá» Ä‘a nÄƒng, khu BBQ,â€¦  - Tiá»‡n Ã­ch: Há»“ bÆ¡i, khu vui chÆ¡i tráº» em, khu trung tÃ¢m mua sáº¯m, nhÃ  tráº», phÃ²ng táº­p gym vÃ  spa.  Vá»‹ trÃ­: Ngay máº·t tiá»n Pháº¡m VÄƒn Äá»“ng.  + Tá»« Opal Boulevard - Ä‘áº¿n sÃ¢n bay TÃ¢n SÆ¡n Nháº¥t: 15 phÃºt.  + Tá»« Opal Boulevard - Thá»§ ThiÃªm Quáº­n 2: 15 phÃºt.  + Tá»« Opal Boulevard - trung tÃ¢m thÃ nh phá»‘: 20 phÃºt.  BÃ n giao 2021  Opal Boulevard  Chá»§ Ä‘áº§u tÆ°:  Táº­p Ä‘oÃ n Äáº¥t Xanh  Quy mÃ´:  1446 cÄƒn há»™",CÄƒn Há»™ Chung CÆ°,Cho ThuÃª,85,2.0,2.0,Há»£p Ä‘á»“ng mua bÃ¡n,,,,https://i.meeymedia.com/qUhZ5AvbLNJlNe-9eln78Q0d5B70In1q4qlN_Ibyhcg/rs:fill:900:600/g:ce/czM6Ly9tZWV5bGFuZC1haS9pbWFnZXMvMjAyNC8wNi8yNGRlYTZmNmFjZWU3MmFhZmZmYTI0NmExN2EyNzU1OWM1LTI4ODQzNjUwMjA0NTQyNzA5MDQuanBn.jpg,"[41.12902, 1.24901]",DÄ© An,BÃ¬nh DÆ°Æ¡ng
Cho thuÃª cÄƒn há»™ 2 phÃ²ng ngá»§ cÃ³ ban cÃ´ng giÃ¡ 12 triá»‡u/thÃ¡ng khu tttp,"Ä. Tuá»‡ TÄ©nh, P. Lá»™c Thá», Tp. Nha Trang, T. KhÃ¡nh HÃ²a",12,"CHO THUÃŠ CÄ‚N Há»˜ 2 PHÃ’NG NGá»¦ CÃ“ BAN CÃ”NG GIÃ 12 TRIá»†U/THÃNG KHU TTTP  MÃ£ nhÃ : CH-2286  - Khu vá»±c: Lá»™c Thá»  - CÃ¡c tiá»‡n Ã­ch xung quanh: gáº§n trung tÃ¢m thÃ nh phá»‘, khu vá»±c Ä‘Ã´ng dÃ¢n cÆ°, khu Ä‘Ã´ thá»‹ an ninh cao  - Máº·t tiá»n Ä‘Æ°á»ng 4m   - GiÃ¡: 12 triá»‡u/thÃ¡ng  - Cá»c 1 thÃ¡ng thanh toÃ¡n tá»«ng thÃ¡ng  - Há»£p Ä‘á»“ng 1 nÄƒm  - Diá»‡n TÃ­ch: 75m2  - Thiáº¿t káº¿: 1 phÃ²ng khÃ¡ch liÃªn thÃ´ng vá»›i báº¿p, 2 phÃ²ng ngá»§, 2 WC  - Ná»™i tháº¥t: Ä‘áº§y Ä‘á»§ tiá»‡n nghi, mÃ¡y giáº·t riÃªng  - CÄƒn há»™ khÃ´ng chung chá»§  - Lá»‘i Ä‘i thang mÃ¡y    - Giá» giáº¥c tá»± do  - HÆ°á»›ng: ÄÃ´ng Nam  - Chi phÃ­:  + Äiá»‡n : 4000/KW  + NÆ°á»›c: 15000k/ khá»‘i  - LiÃªn há»‡: ***",CÄƒn Há»™ Chung CÆ°,Cho ThuÃª,75,2.0,2.0,Há»£p Ä‘á»“ng mua bÃ¡n,,,,https://i.meeymedia.com/luI2Ce0ZudSu_aq8xvSEDbMCwWcEuCTbsZoHqu0f_Tw/rs:fill:900:600/g:ce/czM6Ly9tZWV5bGFuZC1haS9pbWFnZXMvMjAyNC8wNi8yNGMwNDEzM2FkMzkxMmU5NDEwZjBjM2RmODk3N2RlMzRhLTI4ODQzNjU5NTUyNTMzNTIzNzYuanBn.jpg,"[41.12902, 1.24901]",Nha Trang,KhÃ¡nh HÃ²a
Cho thuÃª nhÃ  1trá»‡t 1láº§u 3pn 2wc 1báº¿p phun ná»™i tháº¥t,"Ä. Phan VÄƒn Há»›n, P. TÃ¢n Thá»›i Nháº¥t, Q. 12, Tp. Há»“ ChÃ­ Minh",8.97,Cho thuÃª nhÃ  1trá»‡t 1láº§u 3pn 2wc 1báº¿p  nhÃ  tÃ¢n thá»›i nháº¥t 08.ngay ngÃ£ tÆ°   Háº½m.xe otÃ´ nhÃ  cÃ³ sÃ¢n bÃ n ngháº¿  cÃ³ ná»™i tháº¥t Ä‘áº§y Ä‘á»§ khu an ninh  Äiá»‡n nÆ°á»›c mÃ¡y Ä‘áº§y Ä‘á»§ sáº¡ch sáº½  khÃ¡ch cÃ³ nhu cáº§u thuÃª nhÃ  GiÃ¡ ráº½  LH: Em Hiáº¿u xem nhÃ  Miá»…n phÃ­,NhÃ  Äáº¥t Thá»• CÆ°,Cho ThuÃª,65,3.0,2.0,"Giáº¥y CN QSDÄ, Sá»• Ä‘á», Sá»• há»“ng",,,1.0,https://i.meeymedia.com/4cyv_b3rYxNb7Zqp0wlbSSh_Gn3uLsaenuFhWRfS5kc/rs:fill:900:600/g:ce/czM6Ly9tZWV5bGFuZC1haS9pbWFnZXMvMjAyNC8wNi8yNDdmZjhkOTMxODA3YWI1NWE1MTA2Yzc5MGIwZjMwZDhhLTI4ODQzODA3NDA0MTEzODgxODQuanBn.jpg,"[10.8282636, 106.6202489]",12,Há»“ ChÃ­ Minh
Cho thuÃª MB trá»‡t toÃ  Cantavil Q2. Tráº§n cao 8m phÃ¹ há»£p má»i ngÃ nh nghá».,"Ä. Xa Lá»™ HÃ  Ná»™i, Q. Thá»§ Äá»©c, Tp. Há»“ ChÃ­ Minh",114.8,"Cho thuÃª MB trá»‡t toÃ  nhÃ  Cantavil Q2 Ä‘Æ°á»ng Song HÃ nh, Q2:   Diá»‡n tÃ­ch: 680m2  KC: MB táº§ng trá»‡t toÃ  nhÃ   GiÃ¡: Gá»i Ä‘á»ƒ nháº­n giÃ¡ tá»‘t   MÃ´ táº£ chung: phÃ¹ há»£p Ä‘a ngÃ nh nghá», BBQ, vÄƒn phÃ²ng cÃ´ng ty, gym, yoga, trÆ°á»ng há»c, studio... Vui lÃ²ng áº¥n nÃºt gá»i Ä‘á»ƒ nghe giÃ¡ *** !!!  BÃ n giao 2012  Cantavil An PhÃº - Cantavil Premier  Chá»§ Ä‘áº§u tÆ°:  CÃ´ng ty TNHH XÃ¢y dá»±ng Daewon","VÄƒn phÃ²ng, TTTM, Cá»­a hÃ ng, Kiot",Cho ThuÃª,700,,,"Giáº¥y CN QSDÄ, Sá»• Ä‘á», Sá»• há»“ng",,,,https://i.meeymedia.com/AVn3SgRK0tpGU6YExn2IMv7M9BpmZQMYruXPaD2h3dU/rs:fill:900:600/g:ce/czM6Ly9tZWV5bGFuZC1haS9pbWFnZXMvMjAyNC8wNi8yNDQ5ZjU0MzZmOWVhYzcyZWZkMzhhY2FjNmFiZTRiMjE1LTI4ODQzNjIzNDk0NzU0ODIwOTguanBn.jpg,"[10.8136475, 106.7579485]",Thá»§ Äá»©c,Há»“ ChÃ­ Minh
Há»‡ thá»‘ng ktx cao cáº¥p ngay pháº¡m vÄƒn Ä‘á»“ng - giÃ¡ ráº» 1tr5 (bao trá»n gÃ³i),"Ä. 11, P. TrÆ°á»ng Thá», Q. Thá»§ Äá»©c, Tp. Há»“ ChÃ­ Minh",1.49,"THUáº¬N TIá»†N CHO Báº N ÄI Há»ŒC Táº I CÃC TRÆ¯á»œNG CÄ CÃ”NG NGHá»† THá»¦ Äá»¨C, ÄH SPKT  GIáº¢M 200K CHO THÃNG Äáº¦U TIÃŠN   Vá»Š TRÃ THUáº¬N Lá»¢I :  - Gáº§n cÃ¡c Ä‘Æ°á»ng lá»›n Pháº¡m VÄƒn ÄÃ²ng, Äáº·ng VÄƒn Bi, Kha Váº¡n CÃ¢n  - CÃ¡ch chá»£ Thá»§ Äá»©c chá»‰ 6p   CÃC TIá»†N ÃCH:  - NhÃ  cá»•ng vÃ¢n tay an ninh, giá» giáº¥c tá»± do  - Camera theo dÃµi 24/7  - PhÃ²ng vá»‡ sinh cÃ³ nÆ°á»›c nÃ³ng láº¡nh  - PhÃ²ng ngá»§ mÃ¡y láº¡nh, giÆ°á»ng ná»‡m, rÃ¨m che riÃªng tÆ°  - Má»—i báº¡n cÃ³ tá»§ cÃ¡ nhÃ¢n riÃªng   - PhÃ²ng báº¿p sáºµn dá»¥ng cá»¥ náº¥u nÆ°á»›ng Äƒn uá»‘ng  - Wifi tá»‘c Ä‘á»™ cao   - CÃ³ tá»§ láº¡nh, mÃ¡y lá»c nÆ°á»›c uá»‘ng, mÃ¡y giáº·t  - CÃ³ nhÃ¢n viÃªn dá»n dáº¹p vá»‡ sinh sáº¡ch sáº½ hÃ ng ngÃ y    LiÃªn há»‡ Ä‘áº·t phÃ²ng vÃ  xem thÃªm thÃ´ng tin táº¡i:    Äá»‹a chá»‰: 101A Ä‘Æ°á»ng 11, P. TrÆ°á»ng Thá», TP. Thá»§ Äá»©c","NhÃ  Trá», PhÃ²ng Trá»",Cho ThuÃª,45,,,,,,,https://i.meeymedia.com/TZuRqjgdmSdAd8HEEmh98EsTHCC4lZMC435rr3JTzKE/rs:fill:900:600/g:ce/czM6Ly9tZWV5bGFuZC1haS9pbWFnZXMvMjAyNC8wNi8yNDlhYmFjNDdlZWViMjA4YjczMTBkYTEyM2M4MjFjYmZjLTI4ODQzODA0MjQ5NzU1NjczNDYuanBn.jpg,,Thá»§ Äá»©c,Há»“ ChÃ­ Minh
"Trá»‡t - MÃ¡y láº¡nh - CÃ³ sÃ¢n riÃªng , dá»… ngÄƒn tÃ¡ch báº¿p, cÃ³ mÃ¡y giáº·t chung","Ä. BÃ u BÃ ng, P. 13, Q. TÃ¢n BÃ¬nh, Tp. Há»“ ChÃ­ Minh",3,PhÃ²ng dá»‹ch vá»¥ tá»± do 24/24  CÃ³ mÃ¡y láº¡nh  SÃ¢n phÆ¡i - náº¥u Äƒn riÃªng biá»‡t  ThoÃ¡ng mÃ¡t  Khu phá»‘ an ninh - yÃªn tÄ©nh nhiá»u cÃ¢y xanh   Xem phÃ²ng - kÃ½ cá»c chÃ­nh chá»§,"NhÃ  Trá», PhÃ²ng Trá»",Cho ThuÃª,20,,,,,,,https://i.meeymedia.com/Y_KFA9OPbtMAufjI56_W50wsmFQivbhQOd8v1fJ7hDY/rs:fill:900:600/g:ce/czM6Ly9tZWV5bGFuZC1haS9pbWFnZXMvMjAyNC8wNi8yNGIwYmJiZjg4ZDhjN2E5YmY3Y2FhNDNlYjZmMzZkNDlkLTI4ODQzNjEyODQxNzA2MTkzOTYuanBn.jpg,"[10.8008028, 106.6442347]",TÃ¢n BÃ¬nh,Há»“ ChÃ­ Minh
Cho thuÃª máº·t báº±ng Ä‘Æ°á»ng 23/10 gáº§n lotte mart,"P. PhÆ°Æ¡ng SÆ¡n, Tp. Nha Trang, T. KhÃ¡nh HÃ²a",39.96,"Cho thuÃª máº·t báº±ng máº·t tiá»n Ä‘Æ°á»ng 23/10 Nha Trang  Gáº§n siÃªu thá»‹ Lotte Mart. ThÃ­ch há»£p kinh doanh nhiá»u ngÃ nh nghá», vÄƒn phÃ²ng...  Diá»‡n tÃ­ch 120m2 (12 x 10)  CÃ³ sáºµn nhÃ  cáº¥p 4   BÃ n giao máº·t báº±ng Ä‘áº§u thÃ¡ng 7  GiÃ¡: 40triá»‡u/thÃ¡ng  Cá»c 3 thÃ¡ng thanh toÃ¡n 6 thÃ¡ng","VÄƒn phÃ²ng, TTTM, Cá»­a hÃ ng, Kiot",Cho ThuÃª,120,,,"Giáº¥y CN QSDÄ, Sá»• Ä‘á», Sá»• há»“ng",,,,https://i.meeymedia.com/pszAwQQIkxLTPGdz7sPKRSKkT_9rSvzvV_mHa-zMHLI/rs:fill:900:600/g:ce/czM6Ly9tZWV5bGFuZC1haS9pbWFnZXMvMjAyNC8wNi8yNDRlNmFiY2RiMGNjMDY5MTVjYTk2ZjE4NGQwOTQwN2M4LTI4ODQzNjM1NDAxMzUyNzQxNDMuanBn.jpg,"[12.33333, 109.0]",Nha Trang,KhÃ¡nh HÃ²a
PhÃ²ng trá» siÃªu rá»™ng giÃ¡ giáº£m cá»±c ráº» nhanh tay ngay NgÃ£ TÆ° Bá»‘n XÃ£,"Ä. LÃª VÄƒn Quá»›i, P. BÃ¬nh HÆ°ng HoÃ  A, Q. BÃ¬nh TÃ¢n, Tp. Há»“ ChÃ­ Minh",2.91,"/LÃŠ VÄ‚N QUá»šI, BÃŒNH TÃ‚N.    - 3.5t Giáº£m cÃ²n 3.2t suá»‘t 6 thÃ¡ng hÄ‘   PhÃ²ng ráº¥t lá»›n, gÃ¡c, Cá»­a sá»• trá»i, mÃ¡y láº¡nh    PhÃ²ng 30m2, gÃ¡c, cá»­a sá»• hÃ nh lang, mÃ¡y láº¡nh 3tr   Äiá»‡n 3.8k  nÆ°á»›c 80k/ng  xe 100k/c  dv 200k/p ( wifi, rÃ¡c, vá»‡ sinh chung, giáº·t chung, thang mÃ¡y, báº£o trÃ¬â€¦)","NhÃ  Trá», PhÃ²ng Trá»",Cho ThuÃª,30,,,,,,,https://i.meeymedia.com/O9utHPNPiv3hOFQmm9Q0dcuqDahgouKiXklheXzXIjs/rs:fill:900:600/g:ce/czM6Ly9tZWV5bGFuZC1haS9pbWFnZXMvMjAyNC8wNi8yNDc0YzczZjU5M2Y4MDUyMzJjZTljNTIwMDk2ZjllYTE5LTI4ODQzNjE0MzYyMzMxNzU4MTMuanBn.jpg,"[10.7762875, 106.6099588]",BÃ¬nh TÃ¢n,Há»“ ChÃ­ Minh
CÄƒn Há»™1PNHAI BÃ€ TRÆ¯NGQUáº¬N 1,"P. Hai BÃ  TrÆ°ng, P. Äa Kao, Q. 1, Tp. Há»“ ChÃ­ Minh",7.2,"CÃ²n nhiá»u cÄƒn há»™ á»Ÿ cÃ¡c khu vá»±c trung tÃ¢m TP. Khu vá»±c: PhÃº Nhuáº­n, BÃ¬nh Tháº¡nh, Q1,2,â€¦ Vá»›i má»©c giÃ¡ tá»«: 5tr ~> 20tr.    Vá»›i há»‡ thá»‘ng gáº§n #1000 cÄƒn há»™ thiáº¿t káº¿ sang trá»ng, hiá»‡n Ä‘áº¡i  âœ“Rá»™ng kháº¯p cÃ¡c Quáº­n trung tÃ¢m nhÆ° #Quáº­n1 #Quáº­n3 #Quáº­n4 #Quáº­n5 #BÃ¬nhTháº¡nh   âœ“Äa dáº¡ng cÃ¡c loáº¡i phÃ²ng nhÆ° #Studio #1phÃ²ngngá»§ #2phÃ²ngngá»§ #Duplex    âœ“GiÃ¡ *** thá»‹ trÆ°á»ng chá»‰ tá»« 6.000.000Ä‘ - 15.000.000Ä‘  âœ“ An ninh - sáº¡ch Ä‘áº¹p luÃ´n lÃ  tiÃªu chÃ­ hÃ ng Ä‘áº§u.",CÄƒn Há»™ Chung CÆ°,Cho ThuÃª,60,1.0,1.0,,,,,https://i.meeymedia.com/3ecPHNdOUHOIOkX80p345kP2RHR_g-XFFQ1JgKLxay8/rs:fill:900:600/g:ce/czM6Ly9tZWV5bGFuZC1haS9pbWFnZXMvMjAyNC8wNi8yNGFkZjlmNmQ4YTQzZTFlOTYxYmI5MTJiZjRjNzU4OTM4LTI4NDEyODcxODg2NjQwNDIyMzIuanBn.jpg,"[10.7871912, 106.6928238]",1,Há»“ ChÃ­ Minh
"Cho thuÃª 1 phÃ²ng trong cÄƒn 2n2w full Ä‘á»“,chung cÆ° PhÆ°Æ¡ng ÄÃ´ng Greenpark","Ä. Tráº§n Thá»§ Äá»™, P. HoÃ ng Liá»‡t, Q. HoÃ ng Mai, Tp. HÃ  Ná»™i",4.48,"MÃ¬nh cáº§n cho thuÃª 01 phÃ²ng trong cÄƒn 2n2wc full Ä‘á»“, chung cÆ° PhÆ°Æ¡ng ÄÃ´ng GreenPark. Äáº§u thÃ¡ng 7 cÃ³ thá»ƒ chuyá»ƒn vÃ o hoáº·c chuyá»ƒn vÃ o luÃ´n mÃ¬nh free tiá»n nhÃ  thÃ¡ng nÃ y.  -Æ¯u tiÃªn nhá»¯ng báº¡n á»Ÿ 1 mÃ¬nh vÃ  Ä‘Ã£ Ä‘i lÃ m, á»Ÿ sáº¡ch sáº½, gá»n gÃ ng, nhÃ  chá»‰ cÃ³ 1 mÃ¬nh lÃ  con gÃ¡i    ThÃ´ng tin:  - GiÃ¡ 4,5tr triá»‡u/phÃ²ng/thÃ¡ng (Ä‘Ã³ng 3 cá»c 1)   - Äiá»‡n nÆ°á»›c giÃ¡ dÃ¢n, Ä‘Ã£ full Ä‘á»“  CÄƒn gÃ³c táº§ng 29 rá»™ng rÃ£i view Ä‘áº¹p  LH: ***",CÄƒn Há»™ Chung CÆ°,Cho ThuÃª,70,2.0,2.0,,,,,https://i.meeymedia.com/-fS2vsqIkEuSB00aE_FhFurF8PZaPT6XBa61jXYEDa0/rs:fill:900:600/g:ce/czM6Ly9tZWV5bGFuZC1haS9pbWFnZXMvMjAyNC8wNi8yNDViZTg1MWYwNmQ4MmZiNWEwNWZjNDM0YmM5ZWNjYjRkLTI4ODQzNzk3MjY5MTMwMDc4OTYuanBn.jpg,"[20.953142, 105.8474008]",HoÃ ng Mai,HÃ  Ná»™i
Sang cá»­a hÃ ng má»¹ pháº©m Nháº­t Quáº­n 1,"P. Hai BÃ  TrÆ°ng, P. TÃ¢n Äá»‹nh, Q. 1, Tp. Há»“ ChÃ­ Minh",1.25 Tá»·/ThÃ¡ng,"[Hai BÃ  Trung, Khu sáº§m uáº¥t, HCM]  Do khÃ´ng cÃ³ thá»i gian quáº£n lÃ½, mÃ¬nh cáº§n cáº¯t sang lá»— 1 tá»· 250 tr nay mÃ¬nh sang nhÆ°á»£ng lá»— giÃ¡ ráº» chá»‰ : 575 tr quÃ¡ ráº» áº¡ ( tiá»n cáº£i táº¡o, thiáº¿t káº¿ cá»­a hÃ ng, tá»§ ká»‡ gáº§n 700tr, mÃ¡y láº¡nh Xá»‹n, pháº§n má»m bÃ¡n hÃ ng, mÃ¡y tÃ­nh Apple, dÃ n Ä‘Ã¨n xá»‹n, báº£ng hiá»‡u xá»‹n..gáº§n 100 tr, hÃ ng hÃ³a 1 tá»· 250 tr)  ToÃ n bá»™ Má»¹ Pháº©m, Thá»±c pháº©m chá»©c nÄƒng, thá»±c pháº©m, hÃ ng tiÃªu dÃ¹ng Nháº­t Báº£nâ€¦hÃ ng má»›i, chÃ­nh hÃ£ng 100%, giáº¥y cÃ´ng bá»‘ Ä‘áº§y Ä‘á»§, an tÃ¢m kinh doanh.  Chá»‰ cáº§n vÃ´ kinh doanh liá»n, Ä‘Æ°á»£c mÃ¬nh hÆ°á»›ng dáº«n táº­n tÃ¬nh, cam káº¿t cÃ³ lá»£i nhuáº­n ngay vÃ¬ ngÃ nh nÃ y hiá»‡n nay ráº¥t hot ai ai cÅ©ng cáº§n lÃ m Ä‘áº¹p vÃ  quan tÃ¢m sá»©c khá»e. Do ngÆ°á»i Nháº­t sá»‘ng thá» nháº¥t tháº¿ giá»›i nÃªn giá» ai ai giá» cÅ©ng chuá»™ng hÃ ng Nháº­t.   Äá»‘i vá»›i Má»¹ pháº©m, thá»±c pháº©m chá»©c nÄƒng khi kinh doanh bÃ¡n cháº­m hay cáº­n date mÃ¬nh há»— trá»£ cho Ä‘á»•i luÃ´n, trÃ¡nh rá»§i ro kinh doanh, nháº­p Ä‘Æ°á»£c giÃ¡ táº­n gá»‘c.. (mÃ¬nh Ä‘ang lÃ m kÃªnh phÃ¢n phá»‘i nhiá»u nÃªn ko thá»i gian chÄƒm sÃ³c lÃ m kÃªnh láº»)  Chá»— mÃ¬nh cÃ³ lÃ m quáº§y Cafe cho khÃ¡ch, báº¡n nÃ o biáº¿t pha cháº¿, kinh doanh thÃªm cafe take away, cÃ³ ráº¥t nhiá»u ngÆ°á»i há»i mÃ¬nh thuÃª máº·t báº±ng trÆ°á»›c cá»­a Ä‘á»ƒ bÃ¡n.   HÃ ng bÃªn mÃ¬nh hÃ ng quá»‘c dÃ¢n Nháº­t, cÃ³ thÆ°Æ¡ng hiá»‡u trÃªn tháº¿ giá»›i: Shiseido, Anessa, Tsubaki, Senka, Transino, Meishoku, DHC, Orihio, Collagen Shiseido, Kose, Hatomugiâ€¦.nÃªn ráº¥t dá»… bÃ¡n áº¡.   GiÃ¡ máº·t báº±ng thuÃª hÃ ng thÃ¡ng: 29 tr. Báº¡n nÃ o sang mÃ¬nh táº·ng tiá»n cá»c luÃ´n. NÃ³i chung vÃ´ kinh doanh khÃ´ng pháº£i phÃ¡t sinh báº¥t cá»© gÃ¬ Ä‘Æ°á»£c mÃ¬nh há»— trá»£ suá»‘t quÃ¡ trÃ¬nh kinh doanh.    Tel/Zalo: *** (ChÃ­nh chá»§)","NhÃ  XÆ°á»Ÿng, Máº·t Báº±ng, Kho BÃ£i",Cho ThuÃª,48,,,"Giáº¥y CN QSDÄ, Sá»• Ä‘á», Sá»• há»“ng",,,,https://i.meeymedia.com/G3BO72K6CIm0R6aa45Q6Og9vEvvgaJWpmrOX3dpi-qk/rs:fill:900:600/g:ce/czM6Ly9tZWV5bGFuZC1haS9pbWFnZXMvMjAyNC8wNi8yNGY5NTBjYjcwYzgyNGFjMjY2NWEzODJhZjUwOTQ1M2I0LTI4ODQzNjU1NTQyNTYzMTY1NjguanBn.jpg,"[10.7910362, 106.6879928]",1,Há»“ ChÃ­ Minh
"Cho thuÃª cÄƒn 3PN giÃ¡ chá»‰ 15tr, nhÃ  má»›i nháº­n","Q. Thá»§ Äá»©c, Tp. Há»“ ChÃ­ Minh",14.98,"Cho thuÃª cÄƒn há»™ chung cÆ° Paris HoÃ ng Kim, PhÆ°á»ng An KhÃ¡nh, Quáº­n 2.   CÄƒn 3PN 2WC dt 95m2   - Vá»‹ trÃ­ cÄƒn há»™ Paris Thá»§ ThiÃªm tá»a láº¡c ngay gÃ³c LÆ°Æ¡ng Äá»‹nh Cá»§a, Tráº§n NÃ£o vÃ  Äáº¡i lá»™ VÃ²ng Cung, PhÆ°á»ng An KhÃ¡nh, TP. Thá»§ Äá»©c. Liá»n ká» khu Ä‘Ã´ thá»‹ An PhÃº An KhÃ¡nh, cáº¡nh Khu Ä‘Ã´ thá»‹ Sala, CÃ¡ch háº§m Thá»§ ThiÃªm Quáº­n 1 chá»‰ máº¥t 5 phÃºt xe mÃ¡y.   - Tiá»‡n Ã­ch Há»“ bÆ¡i, gym, spa, cá»§a hÃ ng tiá»‡n lá»£i, phÃ²ng táº­p golf, phÃ²ng hÃ¡t karaoke, Shophouse vÃ  ráº¥t nhiá»u tiá»‡n Ã­ch khÃ¡c táº¡i dá»± Ã¡n.  BÃ n giao 2018  De Capella  Chá»§ Ä‘áº§u tÆ°:  Quá»‘c CÆ°á»ng Gia Lai  Quy mÃ´:  2 block, cao 22 táº§ng",CÄƒn Há»™ Chung CÆ°,Cho ThuÃª,96,3.0,2.0,Há»£p Ä‘á»“ng mua bÃ¡n,,,22.0,https://i.meeymedia.com/6x4jwmyklvNIbpkWkY6owUKpu2hz-N83xCLnz5g7iK8/rs:fill:900:600/g:ce/czM6Ly9tZWV5bGFuZC1haS9pbWFnZXMvMjAyNC8wNi8yNGE4NTMyN2MzZjBmNjBkMDNiYTM5YjYwOTcxMGZhN2Y5LTI4NzQwMzYyMTAwMDEzMjc0MTkuanBn.jpg,"[10.7873629, 106.7619248]",Thá»§ Äá»©c,Há»“ ChÃ­ Minh
"Cho ThuÃª cÄƒn há»™ trong KÄ‘t WATERPOINT cao cáº¥p gáº§n KCN PhÃº An Tháº¡nh,","X. An Tháº¡nh, H. Báº¿n Lá»©c, T. Long An",6.53,"Cho thuÃª ehome Southgate   CÄƒn gÃ³c 64m2 (2pn + 2wc) hÆ°á»›ng tÃ¢y báº¯c view ngoáº¡i khu,   full ná»™i tháº¥t: Full sÃ n gá»—, full thiáº¿t bá»‹ vá»‡ sinh, báº¿p tá»«, rÃ¨m cá»­a, 2 mÃ¡y láº¡nh phÃ²ng ngá»§, 1 mÃ¡y láº¡nh phÃ²ng khÃ¡ch (ráº¥t hiáº¿m cÃ³ cÄƒn láº¯p mÃ¡y láº¡nh phÃ²ng khÃ¡ch), mÃ¡y giáº·t lÃ²ng ngang, tá»§ láº¡nh, mÃ¡y nÆ°á»›c nÃ³ng, mÃ¡y quáº¡t, 2 tá»§ quáº§n Ã¡o, 2 ná»‡m gá»‘i má»n, bá»™ sofa, bá»™ bÃ n Äƒn, bÃ n ká»‡, sÃ o phÆ¡i, ká»‡ giÃ y dÃ©p, ká»‡ chÃ©n bÃ¡t inox. GiÃ¡ thuÃª: 6tr5/thÃ¡ng cá»c 2 thÃ¡ng",CÄƒn Há»™ Chung CÆ°,Cho ThuÃª,64,2.0,2.0,,,,,https://i.meeymedia.com/4hlL-qnI20KTv2katPOPMIab2F_tuDAAIcEiWJW3DjA/rs:fill:900:600/g:ce/czM6Ly9tZWV5bGFuZC1haS9pbWFnZXMvMjAyNC8wNi8yNDkyMDc1ODc5MTY0ZmIwYmFhYjllMDg0MjY1Y2E4NDVmLTI4ODQzODEwNTgwNjQ5NzYwMjQuanBn.jpg,"[10.7, 106.16667]",Báº¿n Lá»©c,Long An
Cho thuÃª cÄƒn 3PN ngay Tráº§n NÃ£o giÃ¡ chá»‰ 15tr má»›i,"Q. Thá»§ Äá»©c, Tp. Há»“ ChÃ­ Minh",15.01,"Cho thuÃª cÄƒn há»™ chung cÆ° Paris HoÃ ng Kim, PhÆ°á»ng An KhÃ¡nh, Quáº­n 2.   CÄƒn 3PN 2WC dt 95m2   - Vá»‹ trÃ­ cÄƒn há»™ Paris Thá»§ ThiÃªm tá»a láº¡c ngay gÃ³c LÆ°Æ¡ng Äá»‹nh Cá»§a, Tráº§n NÃ£o vÃ  Äáº¡i lá»™ VÃ²ng Cung, PhÆ°á»ng An KhÃ¡nh, TP. Thá»§ Äá»©c. Liá»n ká» khu Ä‘Ã´ thá»‹ An PhÃº An KhÃ¡nh, cáº¡nh Khu Ä‘Ã´ thá»‹ Sala, CÃ¡ch háº§m Thá»§ ThiÃªm Quáº­n 1 chá»‰ máº¥t 5 phÃºt xe mÃ¡y.   - Tiá»‡n Ã­ch Há»“ bÆ¡i, gym, spa, cá»§a hÃ ng tiá»‡n lá»£i, phÃ²ng táº­p golf, phÃ²ng hÃ¡t karaoke, Shophouse vÃ  ráº¥t nhiá»u tiá»‡n Ã­ch khÃ¡c táº¡i dá»± Ã¡n.",CÄƒn Há»™ Chung CÆ°,Cho ThuÃª,95,3.0,2.0,Há»£p Ä‘á»“ng mua bÃ¡n,,,,https://i.meeymedia.com/ktRb1r5rvNYghtAgeFGs9onI0XjJf3C1vr6rXlqERyM/rs:fill:900:600/g:ce/czM6Ly9tZWV5bGFuZC1haS9pbWFnZXMvMjAyNC8wNi8yNGVlZWM3MTMzZmNkM2JlZTQxZmJhNDRjY2IzNmYxNmE2LTI4NzQwMzU3NTQ1MTk2MzY3NDQuanBn.jpg,"[10.7873629, 106.7619248]",Thá»§ Äá»©c,Há»“ ChÃ­ Minh
Cho thuÃª cÄƒn há»™ office botanica há»“ng hÃ  11tr full ná»™i tháº¥t,"Ä. Há»“ng HÃ , P. 02, Q. TÃ¢n BÃ¬nh, Tp. Há»“ ChÃ­ Minh",10.98,Cáº§n cho thuÃª cÄƒn há»™ chung cÆ° botanica premier Ä‘Æ°á»ng Há»“ng HÃ    dt 38m vÃ o á»Ÿ ngay Ä‘á»§ ná»™i tháº¥t  giÃ¡ thuÃª 11 tr thandg  xem nhÃ  lh ThuyÃªn  BÃ n giao 2018  Botanica Premier  Chá»§ Ä‘áº§u tÆ°:  Táº­p Ä‘oÃ n Novaland,CÄƒn Há»™ Chung CÆ°,Cho ThuÃª,38,1.0,1.0,Há»£p Ä‘á»“ng mua bÃ¡n,,,,https://i.meeymedia.com/Ix4V_eHbjb1iSvOPTapl-Bnxn-4GVXJsnB2jOmnoiAw/rs:fill:900:600/g:ce/czM6Ly9tZWV5bGFuZC1haS9pbWFnZXMvMjAyNC8wNi8yNDU1OTc0NTg4YjZkNGYxMGM2NTNkMDExNTk0NWZkZGVjLTI4ODQzODE1MzU2Njc1NDg0NDAuanBn.jpg,"[10.8133061, 106.6700451]",TÃ¢n BÃ¬nh,Há»“ ChÃ­ Minh
Ra ráº¥t nhiá»u cÄƒn opal boulevard 3pn 10tr full nt (ráº¥t Ä‘áº¹p),"Ä. An BÃ¬nh, P. An BÃ¬nh, Tx. DÄ© An, T. BÃ¬nh DÆ°Æ¡ng",9.95,LAYOUT 3PN 2WC 107m2 giÃ¡ 10.000.000 thÃ¡ng  CÃ“ Sáº´N FULL Ná»˜I THáº¤T Cá»°C Xá»ŠN.  - NhÃ  má»›i view Ä‘áº¹p  An ninh khu vá»±c Ä‘áº£m báº£o   NhÃ  cÃ³ ban cÃ´ng rá»™ng thoÃ¡ng mÃ¡t  Tiá»‡n Ã­ch ná»™i khu:  - Vá»›i Ã½ tÆ°á»Ÿng Ä‘Æ°a cÃ¡c tiá»‡n Ã­ch ná»™i khu lÃªn lÆ°ng chá»«ng trá»i sáº½ mang láº¡i cho cÆ° dÃ¢n sá»± tráº£i nghiá»‡m Ä‘áº§y thÃº vá»‹ vÃ  hoÃ n toÃ n khÃ¡c biá»‡t:  * Báº£ng hiá»‡u vÃ  Ä‘Ã i phun nÆ°á»›c.  * Há»“ bÆ¡i vÃ´ cá»±c.  * SÃ¢n vÆ°á»n trÃªn cao.  CHá»ˆ MÃŒNH EM CÃ“  LIÃŠN Há»† BÃŠN EM Há»– TRá»¢ XEM NHÃ€ VÃ€ CUNG Cáº¤P THÃŠM THÃ”NG TIN áº   BÃ n giao 2021  Opal Boulevard  Chá»§ Ä‘áº§u tÆ°:  Táº­p Ä‘oÃ n Äáº¥t Xanh  Quy mÃ´:  1446 cÄƒn há»™,CÄƒn Há»™ Chung CÆ°,Cho ThuÃª,107,3.0,2.0,Há»£p Ä‘á»“ng mua bÃ¡n,,,,https://i.meeymedia.com/8x-UdwsTa_B4yfLnfnFe7_4CMDG4xdPcit1UtlhaDNY/rs:fill:900:600/g:ce/czM6Ly9tZWV5bGFuZC1haS9pbWFnZXMvMjAyNC8wNi8yNDRmMGYyNjRjOTEyY2VmYmZhY2QzMzE3YTYwMGI2Y2JkLTI4ODE5MTIwMDIzMzMxODY4NzAuanBn.jpg,"[41.12902, 1.24901]",DÄ© An,BÃ¬nh DÆ°Æ¡ng
CÄƒn há»™ view sÃ´ng 2PN 2WC 88m2 Saigon Royal,"Ä. VÃ¢n Äá»“n, P. 13, Q. 4, Tp. Há»“ ChÃ­ Minh",24.99,"Cho th.uÃª cÄƒn há»™ view sÃ´ng g.i.Ã¡ t.á»‘.t SAIGON ROYAL quáº­n 4   ...88m2_2 PhÃ²ng ngá»§_2 WC cÃ³ bá»“n táº¯m  ....Äáº§y Ä‘á»§ ná»™i tháº¥t dá»n á»Ÿ liá»n  ...Ban cÃ´ng rá»™ng view toÃ n cáº£nh sÃ´ng Saigon  ...Miá»…n phÃ­ sá»­ dá»¥ng cÃ¡c tiá»‡n Ã­ch cá»§a toÃ  nhÃ    Gi.Ã¡:  tri.á»‡u/thÃ¡ng    Gá»i ngay: (zalo, viber, whatsapp, sms..)  Há»— trá»£ tÆ° váº¥n vÃ  thÆ°Æ¡ng lÆ°á»£ng giÃ¡ tá»‘t 24/7 hoÃ n toÃ n miá»…n phÃ­   CHUYÃŠN CHO TH.UÃŠ NGáº®N - DÃ€I Háº N - SANG NHÆ¯.á»¢NG CÄ‚N Há»˜ CAO Cáº¤P  BÃ n giao 2019  Saigon Royal Residence  Chá»§ Ä‘áº§u tÆ°:  Táº­p Ä‘oÃ n Novaland",CÄƒn Há»™ Chung CÆ°,Cho ThuÃª,88,2.0,2.0,ÄÃ£ cÃ³ giáº¥y háº¹n láº¥y sá»‘,,,,https://i.meeymedia.com/1a9mev5V2UPTs5bWGmDaHe9WAZPuwtSgW4ifswI4RCI/rs:fill:900:600/g:ce/czM6Ly9tZWV5bGFuZC1haS9pbWFnZXMvMjAyNC8wNi8yNDdkMDdkMzI3MWM0NjU2OGFjNzQzNzRjMDg0NTljMDZjLTI4ODQzODE1MDk3OTM4NDYwMjEuanBn.jpg,"[10.82327, 106.62978]",4,Há»“ ChÃ­ Minh
Cho thuÃª nhÃ  nguyÃªn cÄƒn cho cÃ¡c loáº¡i hÃ¬nh kinh doanh,"Ä. Huá»³nh Táº¥n PhÃ¡t, P. BÃ¬nh Thuáº­n, Q. 7, Tp. Há»“ ChÃ­ Minh",23.94,"Cho thuÃª nhÃ  nguyÃªn cÄƒn cho cÃ¡c loáº¡i hÃ¬nh kinh doanh (vÄƒn phÃ²ng, buÃ´n bÃ¡n, spa...) khu vá»±c sáº§m uáº¥t, cÃ³ 4 phÃ²ng, 5 WC, cÃ³ sÃ¢n Ä‘á»ƒ xe mÃ¡y...","VÄƒn phÃ²ng, TTTM, Cá»­a hÃ ng, Kiot",Cho ThuÃª,252,,5.0,"Giáº¥y CN QSDÄ, Sá»• Ä‘á», Sá»• há»“ng",,,,https://i.meeymedia.com/hb9dqtOiw1REmhPlKlOY6JQHBJcgdDxlKhzhWQw6dNY/rs:fill:900:600/g:ce/czM6Ly9tZWV5bGFuZC1haS9pbWFnZXMvMjAyNC8wNi8yNDhmZTJjOThhNTRjZmRkM2VmYjQ2NGU5MTBlZjVmNmQ1LTI4ODQzODE2OTA1NDY4ODcxNzIuanBn.jpg,"[10.7417054, 106.7297588]",7,Há»“ ChÃ­ Minh
"Cáº§n pass phÃ²ng ná»™i tháº¥t cÆ¡ báº£n phÆ°á»ng LÃª Äá»©c Thá», quáº­n GÃ² Váº¥p","Ä. LÃª Äá»©c Thá», P. 15, Q. GÃ² Váº¥p, Tp. Há»“ ChÃ­ Minh",4,"Cáº¦N PASS PHÃ’NG Ná»˜I THáº¤T CÆ  Báº¢N PHÆ¯á»œNG LÃŠ Äá»¨C THá»Œ, QUáº¬N GÃ’ Váº¤P.
Diá»‡n tÃ­ch: 35m2.
â€“ VÃ¬ lÃ½ do cÃ´ng viá»‡c nÃªn mÃ¬nh pháº£i chuyá»ƒn phÃ²ng qua chá»— khÃ¡c. NÃªn cáº§n sang nhÆ°á»£ng cho báº¡n nÃ o cáº§n.
â€“ Tiá»‡n Ã­ch xung quanh Ä‘áº§y Ä‘á»§: Gáº§n cÃ¡c tiá»‡n Ã­ch nhÆ° chá»£, bÃ¡ch hÃ³a xanh, trÆ°á»ng há»c, quÃ¡n cÃ  phÃª, quÃ¡n Äƒn,â€¦
â€“ Ná»™i tháº¥t cÃ³: mÃ¡y láº¡nh, nÆ°á»›c nÃ³ng, quáº¡t, ká»‡ báº¿p, thang mÃ¡y, háº§m xe, mÃ¡y giáº·t chung ). Äáº·c biá»‡t cÃ³ cáº§u thang bá»™ vÃ  thang mÃ¡y, Ä‘Æ°á»£c trang bá»‹ há»‡ thá»‘ng PCCC Ä‘áº¡t tiÃªu chuáº©n an toÃ n.
â€“ PhÃ­ dá»‹ch vá»¥: 180k/phÃ²ng.
â€“ Äiá»‡n : 3,8k/kw, nÆ°á»›c 100k/ngÆ°á»i, xe MIá»„N PHÃ.
â€“ Giá» giáº¥c tá»± do, an ninh tá»‘t.
â€“ PhÃ²ng rá»™ng rÃ£i sáº¡ch sáº½ thoÃ¡ng mÃ¡t.
GiÃ¡ thuÃª: 4 triá»‡u/thÃ¡ng cá»c 1 thÃ¡ng.
LiÃªn há»‡: 0987478005 - C NhÆ° ( cÃ³ zalo ).
Äá»‹a chá»‰: ÄÆ°á»ng LÃª Äá»©c Thá», PhÆ°á»ng 15, Quáº­n GÃ² Váº¥p, Tp Há»“ ChÃ­ Minh.","NhÃ  Trá», PhÃ²ng Trá»",Cho ThuÃª,35,,,"Giáº¥y CN QSDÄ, Sá»• Ä‘á», Sá»• há»“ng",,,,https://io.meeymedia.com/meeyland/images/2024/06/24/z5570462474879ea3cbf41f2cb095cf50781e26d83b6c51719239416509-1719239417082-596827.jpg?d=900x600,"[10.8549371, 106.6559029]",GÃ² Váº¥p,Há»“ ChÃ­ Minh
VÄƒn phÃ²ng 100m2 chá»‰ 15 triá»‡u/thÃ¡ng bao phÃ­ Nguyá»…n LÆ°Æ¡ng Báº±ng. Chá»— Ä‘á»— oto,"Ä. Nguyá»…n LÆ°Æ¡ng Báº±ng, P. Quang Trung, Q. Äá»‘ng Äa, Tp. HÃ  Ná»™i",15,"Cho thuÃª phÃ²ng diá»‡n tÃ­ch dá»­ dá»¥ng chuáº©n 100m2 Ä‘Ã£ chia sáºµn thÃªm phÃ²ng há»p, káº¿ toÃ¡n, giÃ¡m Ä‘á»‘c

Äá»‹a chá»‰: Nguyá»…n LÆ°Æ¡ng Báº±ng, Äá»‘ng Äa.

Trang bá»‹ sáºµn: tháº£m sÃ n, Ä‘Ã¨n Ä‘iÃªn Ä‘iá»u hoÃ .
Â 
Chá»‰ phÃ¹ há»£p lÄ©nh vá»±c vÄƒn phÃ²ng, studio.
Â 
ÄÆ°á»£c cáº£i táº¡o thÃ´ng sÃ n tuá»³ má»¥c Ä‘Ã­ch sá»­ dá»¥ng.
Â 
Äiá»‡n ráº» chá»‰ 2900 / sá»‘ giÃ¡ tá»‘t khi sá»­ dá»¥ng Ä‘iá»u hoÃ  mÃ¹a hÃ¨, lÃ m viá»‡c 24h cáº£ lá»… Táº¿t, cÃ³ báº£o vá»‡.
Â 
Wc nam ná»¯ riÃªng biá»‡t, cÃ³ chá»— Ä‘á»— oto.
Â 
GiÃ¡ há»£p lÃ½ chá»‰ 15TR / thÃ¡ng (bao gá»“m cáº£ phÃ­ dá»‹ch vá»¥).
Â 
BÃ n giao : khoáº£ng ngÃ y 10/7/2024.","VÄƒn phÃ²ng, TTTM, Cá»­a hÃ ng, Kiot",Cho ThuÃª,100,,,KhÃ¡c,,,,https://io.meeymedia.com/meeyland/images/2024/06/24/z194408990051997562e8cfffc36de8f8fb2c98ede91511719239256828-1719239257250-808375.jpg?d=900x600,"[21.0146357, 105.8286272]",Äá»‘ng Äa,HÃ  Ná»™i
Giáº£m giÃ¡ sá»‘c cÄƒn há»™ mini full ná»™i tháº¥t gáº§n lotte mart vÃ  cv lÃ ng hoa,"Ä. LÃª VÄƒn Thá», P. 8, Q. GÃ² Váº¥p, Tp. Há»“ ChÃ­ Minh",5.92,"GIáº¢M GIÃ Sá»C CÄ‚N Há»˜ MINI FULL Ná»˜I THáº¤T Gáº¦N LOTTE MART VÃ€ CÃ”NG VIÃŠN LÃ€NG HOA    BÃ¹ lá»— giáº£m sá»‘c 3 phÃ²ng cuá»‘i chá»‰ cÃ²n ã€Š 6tr - 6tr5 ã€‹ Æ°u tiÃªn thÆ°Æ¡ng lÆ°á»£ng cho khÃ¡ch liÃªn há»‡ chá»‘t sá»›m   Ä/c: LÃª VÄƒn Thá», phÆ°á»ng 8, quáº­n GÃ² Váº¥p, TP HCM - Gáº§n giao lá»™ Quang Trung, Nguyá»…n VÄƒn khá»‘i, cÃ¡ch sÃ¢n bay, IUH, VLU cs3, cÄ‘ FPT 10p Ä‘i xe, gáº§n cÃ´ng viÃªn LÃ ng Hoa, chá»£ Háº¡nh ThÃ´ng TÃ¢y, Lotte Mart, Coopmart, Vincom Plaza...   TIá»†N ÃCH TÃ’A NHÃ€:  TÃ²a nhÃ  thang mÃ¡y   Háº§m xe camera an ninh 24/7  Ra vÃ o cá»•ng vÃ¢n tay   Giá» giáº¥c tá»± do, khÃ´ng chung chá»§  Khu mÃ¡y giáº·t, mÃ¡y sáº¥y chung  Vá»‡ sinh chung, Internet, PCCC...    Nhanh tay liÃªn há»‡ ( Mr. PhÃºc ) qua call or Zalo Ä‘á»ƒ Ä‘Æ°á»£c tÆ° váº¥n chi tiáº¿t vÃ  nháº­n cÃ¡c Æ°u Ä‘Ã£i khi thuÃª phÃ²ng nhÃ©!",CÄƒn Há»™ Chung CÆ°,Cho ThuÃª,35,1.0,1.0,,,,,https://i.meeymedia.com/U2us9x5K2MQA5u7tbsSsQQRVXgzwr_qcJGuP9fh45lY/rs:fill:900:600/g:ce/czM6Ly9tZWV5bGFuZC1haS9pbWFnZXMvMjAyNC8wNi8yNDAxNzdiYTE0ZDk4NDM0NzVlNjA5ODU3Y2I3OTUyMmUxLTI4ODQzNzIxODY2OTkzMzU4MzIuanBn.jpg,"[10.851933, 106.6561065]",GÃ² Váº¥p,Há»“ ChÃ­ Minh
"Q7 riverside cho thuÃª ch 2pn giÃ¡ háº¡t dáº» 10,5tr Ä‘á»§ nt hiá»‡n Ä‘áº¡i","Ä. ÄÃ o TrÃ­, P. PhÃº Thuáº­n, Q. 7, Tp. Há»“ ChÃ­ Minh",10.52,"Cáº§n cho thuÃª gáº¥p nhá»¯ng cÄƒn há»™ giÃ¡ tá»‘t hÆ¡n thá»‹ trÆ°á»ng   - CÄƒn 2pn 2wc 67m2, giÃ¡ thuÃª 10,5tr/thÃ¡ng, cÃ³ rÃ¨m rá»­a + mÃ¡y láº¡nh, full nt  NhÃ  má»›i 100%, nháº­n nhÃ  á»Ÿ ngay Ä‘Æ°á»£c  Äa dáº¡ng táº§ng/hÆ°á»›ng  Äa dáº¡ng view  Xem nhÃ  chá»‰ sau 10 phÃºt háº¹n, vÄƒn phÃ²ng táº¡i dá»± Ã¡n  Ná»™i tháº¥t bÃ n giao cao cáº¥p: há»‡ thá»‘ng báº¿p+ hÃºt mÃ¹i Malocca, há»‡ thá»‘ng Ä‘Ã¨n Smart home, full toilet, cá»­a khoÃ¡ 3 chá»©c nÄƒng..  HÆ¡n 53 tiá»‡n Ã­ch ná»™i khu Ä‘áº³ng cáº¥p: quáº£ng trÆ°á»ng nháº¡c nÆ°á»›c, cÃ´ng viÃªn cáº£nh quan, 2 há»“ bÆ¡i vÃ´ cá»±c,..  Äá»‹a chá»‰: chung cÆ° Q7 Riverside, sá»‘ 4 ÄÃ o TrÃ­, quáº­n 7  BÃ n giao 2020  Saigon Riverside Complex Q7  Chá»§ Ä‘áº§u tÆ°:  HÆ°ng Thá»‹nh corp.",CÄƒn Há»™ Chung CÆ°,Cho ThuÃª,67,2.0,2.0,Há»£p Ä‘á»“ng mua bÃ¡n,,,,https://i.meeymedia.com/VUmRaS7lTxzuhj60ncsQY3xDmuQhvjlX-22nKK8BMhA/rs:fill:1044:464/g:ce/czM6Ly9tZWV5bGFuZC1haS9pbWFnZXMvMjAyNC8wNi8yNDFhNGZjZjU4NDQ2YTk0NDg4NGViNjRjYTkwNGFlOWY4LTI4NTY1NDIwMzI2MzM4MzQ0MTkuanBn.jpg,"[10.7382094, 106.7385923]",7,Há»“ ChÃ­ Minh
CÄƒn há»™ duplex siÃªu rá»™ng - siÃªu thoÃ¡ng mÃ¡t - full ná»™i tháº¥t quáº­n 2,"Q. Thá»§ Äá»©c, Tp. Há»“ ChÃ­ Minh",5.01,"CÄ‚N Há»˜ DUPLEX SIÃŠU Rá»˜NG - SIÃŠU THOÃNG MÃT - FULL Ná»˜I THáº¤T QUáº¬N 2  Vá»‹ trÃ­ : Nguyá»…n Thá»‹ Äá»‹nh, Tháº¡nh Má»¹ Lá»£i, Q2   Tiá»‡n Ã­ch cÄƒn há»™ :  - Cho nuÃ´i pet  - BÃ£i giá»¯ xe rá»™ng rÃ£i  - CÄƒn há»™ náº±m trong khu vá»±c an ninh, camera 24/7  - Giá» giáº¥c tá»± do, ra vÃ o tháº» tá»«, Ä‘áº£m báº£o PCCC   Tiá»‡n Ã­ch di chuyá»ƒn :  - Gáº§n cÃ¡c tuyáº¿n Ä‘Æ°á»ng : Nguyá»…n Duy Trinh, LÃª VÄƒn Thá»‹nh, Äá»— XuÃ¢n Há»£p, Mai Chi Thá», quáº­n 1, 9, Thá»§ Äá»©c,....",CÄƒn Há»™ Chung CÆ°,Cho ThuÃª,30,1.0,1.0,,,,,https://i.meeymedia.com/WVIUByB-ZE8UjcFoj8LKY5TZ654YwWqUPrQRMssFlxU/rs:fill:900:600/g:ce/czM6Ly9tZWV5bGFuZC1haS9pbWFnZXMvMjAyNC8wNi8yNDMzZWE3OTgzOGIyZWZkMzRhN2NmYjE5ZWM1N2M0MzBmLTI4ODQzNzk0ODYxOTA4MzE3NjguanBn.jpg,"[10.7873629, 106.7619248]",Thá»§ Äá»©c,Há»“ ChÃ­ Minh
Cho thuÃª duplex trung tÃ¢m gáº§n huflit - ueh quáº­n 10,"Ä. Nguyá»…n Giáº£n Thanh, P. 15, Q. 10, Tp. Há»“ ChÃ­ Minh",3.9,". Äá»‹a chá»‰: 40 Nguyá»…n Giáº£n Thanh  Xung quanh nhiá»u tiá»‡n Ã­ch, gym, spa, siÃªu thá»‹ BÃ¡ch HÃ³a Xanh,...   . Äáº·c Ä‘iá»ƒm:  Full ná»™i tháº¥t  Free 2 xe   PhÃ²ng rá»™ng rÃ£i, thoÃ¡ng mÃ¡t  Giá» giáº¥c tá»± do, k chung chá»§    LiÃªn há»‡: *** (DÆ°Æ¡ng Nguyá»…n ) há»— trá»£ tÃ¬m phÃ²ng cÃ¡c quáº­n trung tÃ¢m",CÄƒn Há»™ Chung CÆ°,Cho ThuÃª,30,1.0,1.0,,,,,https://i.meeymedia.com/0rH9u_1TvDvjuNYamTjQ0tbK5CWS2Zi8pgyEZF5Bej4/rs:fill:900:600/g:ce/czM6Ly9tZWV5bGFuZC1haS9pbWFnZXMvMjAyNC8wNi8yNGI2ODBkYmQzMWQ5ZWY4MTBiN2IzOGViMWVlMGUzM2QzLTI4ODQzODA1MTAxNzg3Nzc2MDQuanBn.jpg,"[10.7824712, 106.6641694]",10,Há»“ ChÃ­ Minh
CÄƒn há»™ full Ä‘á»“ 40 m Ä‘áº·ng thai mai thanh toÃ¡n linh hoáº¡t,"Ä. Äáº·ng Thai Mai, P. Quáº£ng An, Q. TÃ¢y Há»“, Tp. HÃ  Ná»™i",10.98,"Äáº·ng Thai Mai - TÃ¢y Há»“   - phÃ²ng 45 m1 ngá»§ 1 Ä‘Æ¡n gÃ³c.  - giÃ¡ 11 dá»‹ch vá»¥ 200k/ng full gá»“m ( nÆ°á»›c, mÃ¡y giáº·t, mÃ¡y sáº¥y, máº¡ng, phÃ­ vs )  - phÃ²ng 303 cÃ³ thang mÃ¡y  Sdt ***",CÄƒn Há»™ Chung CÆ°,Cho ThuÃª,45,1.0,1.0,"Giáº¥y CN QSDÄ, Sá»• Ä‘á», Sá»• há»“ng",,,,https://i.meeymedia.com/bGjTguvhsyOp0KHyczgygPM75A5CWD0mbb5aJ79VJKI/rs:fill:900:600/g:ce/czM6Ly9tZWV5bGFuZC1haS9pbWFnZXMvMjAyNC8wNi8yNDBmYzFmYTdhZGVjYjJkMGZlOGEzNjBhMWU1MGY5MTU5LTI4ODQzODE5NDUyMjk0ODI1MDAuanBn.jpg,"[21.0619698, 105.8211011]",TÃ¢y Há»“,HÃ  Ná»™i
Cho ThuÃª CÄƒn Há»™ Chung CÆ° Mini Ngay VÃ²ng Xoay Cá»‘ng Quá»³nh GiÃ¡ Ráº» ThÃ¡ng06,"Ä. Nguyá»…n TrÃ£i, P. Nguyá»…n CÆ° Trinh, Q. 1, Tp. Há»“ ChÃ­ Minh",5.79,ThuÃª CÄƒn Há»™ Chung CÆ° MiNi Ngay VÃ²ng Xoay Cá»‘ng Quá»³nh Quáº­n 1 GiÃ¡ Ráº» ThÃ¡ng 06/2024  GiÃ¡ Æ°u Ä‘Ã£i   Khu an ninh ra vÃ o Face ID  NhÃ  má»›i full ná»™i tháº¥t cao cáº¥p  CÃ¡ch chá»£ khu Äƒn uá»‘ng bÃ¡n kÃ­nh 100m  LiÃªn há»‡ ngay: (Call/SMS/Zalo/WhatsApp) gáº·p Thanh Ä‘á»ƒ Ä‘Æ°á»£c há»— trá»£ tÃ¬m phÃ²ng xinh kháº¯p Tp.HCM.,CÄƒn Há»™ Chung CÆ°,Cho ThuÃª,30,1.0,1.0,,,,,https://i.meeymedia.com/QcHbCAzTzjQn7A2tzTdpD7TzFff3kG-D1DCJ5qO1AGQ/rs:fill:900:600/g:ce/czM6Ly9tZWV5bGFuZC1haS9pbWFnZXMvMjAyNC8wNi8yNGM3OWVmNmQzNzZjZGRmZGRlZDQ4MzU0NjhhYjAwNzkyLTI4ODQzODIwMDg2MzE3NjE0MTIuanBn.jpg,"[10.7650042, 106.6875984]",1,Há»“ ChÃ­ Minh
Cho thuÃª kho xÆ°á»Ÿng (800m) quáº­n 8,"Ä. An DÆ°Æ¡ng VÆ°Æ¡ng, P. 16, Q. 8, Tp. Há»“ ChÃ­ Minh",64.8,"Cho thuÃª máº·t báº±ng lÃ m kho/ xÆ°á»Ÿng cÃ³ Ä‘iá»‡n 3 pha Ä‘Æ°á»ng an dÆ°Æ¡ng vÆ°Æ¡ng phÆ°á»ng 16 quáº­n 8   DT:12,5x62  - PhÃ¹ há»£p: sáº£n xuáº¥t, chá»©a hÃ ng, cÆ¡ khÃ­, gá»—,...   - Máº·t tiá»n Ä‘Æ°á»ng   - Há»£p Ä‘á»“ng dÃ i háº¡n   - Diá»‡n tÃ­ch 800m2","NhÃ  XÆ°á»Ÿng, Máº·t Báº±ng, Kho BÃ£i",Cho ThuÃª,800,,,"Giáº¥y CN QSDÄ, Sá»• Ä‘á», Sá»• há»“ng",,,,https://i.meeymedia.com/C15LrNQR0H9W3MPIM1ZF9z1kDA-dzOWBnv9Gbj6186o/rs:fill:900:600/g:ce/czM6Ly9tZWV5bGFuZC1haS9pbWFnZXMvMjAyNC8wNi8yNDQzNWE2N2I1MTZkYmMzNmE0ZjIxYmJiY2QyNjg4MjYwLTI4NzIzNTA0NjY1MTQyNDA4NzcuanBn.jpg,"[10.7338984, 106.6210917]",8,Há»“ ChÃ­ Minh
"Cho thuÃª nhÃ  3PN, 3WC, 75m2, KDC Mega Village Khang Äiá»n, PhÃº Há»¯u, Q9","Q. Thá»§ Äá»©c, Tp. Há»“ ChÃ­ Minh",12.98,"Cho thuÃª NhÃ  phá»‘ KDC Mega Village Khang Äiá»n, P. PhÃº Há»¯u, Quáº­n 9:  - DT 75m2, 5x15  - Thiáº¿t káº¿: Trá»‡t + 2 láº§u, gá»“m gara xe hÆ¡i, phÃ²ng khÃ¡ch, báº¿p, 3PN, 3WC.  - BÃ n giao nhÃ  Full ná»™i tháº¥t, chá»‰ viá»‡c dá»n vÃ o á»Ÿ.  - Khu dÃ¢n cÆ° cÃ³ báº£o vá»‡ an ninh 24/24  - NgÃ y 16/7/2024 cÃ³ thá»ƒ nháº­n nhÃ .  - GiÃ¡ cho thuÃª: 13tr/thÃ¡ng bao phÃ­ quáº£n lÃ­, cá»c 02 thÃ¡ng, HÄ lÃ¢u dÃ i  Gá»i Mr. HÃ¢n xem nhÃ  sá»›m áº¡. Xin cáº£m Æ¡n anh chá»‹.",NhÃ  Äáº¥t Thá»• CÆ°,Cho ThuÃª,75,3.0,3.0,"Giáº¥y CN QSDÄ, Sá»• Ä‘á», Sá»• há»“ng",,,,https://i.meeymedia.com/2w5zROy9Lq_AZBpkjtBw9UXx3ffMf8bwLfF_GCTj71E/rs:fill:900:600/g:ce/czM6Ly9tZWV5bGFuZC1haS9pbWFnZXMvMjAyNC8wNi8yNDJmMDA1MmI4Y2Y1ZGQ3MTU3YmNmNzlhMTI0YTZjNGFiLTI4ODQzNjY4MTk2MTIzNTY4ODguanBn.jpg,"[10.7873629, 106.7619248]",Thá»§ Äá»©c,Há»“ ChÃ­ Minh
"Cho thuÃª nhÃ  5 táº§ng 3 ngá»§ full Ä‘á»“ á»Ÿ Äá»‹nh CÃ´ng ThÆ°á»£ng, HoÃ ng Mai. 8tr","Ä. Äá»‹nh CÃ´ng ThÆ°á»£ng, P. Äá»‹nh CÃ´ng, Q. HoÃ ng Mai, Tp. HÃ  Ná»™i",8,"Cho thuÃª nhaÌ€ 5 tÃ¢Ì€ng full Ä‘Ã´Ì€ Æ¡Ì‰ ngoÌƒ 230 ÄiÌ£nh CÃ´ng ThÆ°Æ¡Ì£ng, HoaÌ€ng Mai. 8tr  - DiÃªÌ£n tiÌch: 25m2.  - ThiÃªÌt kÃªÌ 4 tÃ¢Ì€ng 1 tum:  + TÃ¢Ì€ng 1: khaÌch, bÃªÌp, vÃªÌ£ sinh.  + TÃ¢Ì€ng 2, 3, 4: mÃ´Ìƒi tÃ¢Ì€ng 1 phoÌ€ng, 1 vÃªÌ£ sinh.  + TÃ¢Ì€ng 5: phoÌ€ng thÆ¡Ì€, sÃ¢n phÆ¡i.  - NÃ´Ì£i thÃ¢Ìt: 3 Ä‘iÃªÌ€u hoÌ€a, 3 noÌng laÌ£nh, sofa, kÃªÌ£ tuÌ‰ bÃªÌp, giÆ°Æ¡Ì€ng, tuÌ‰.... KhÃ´ng coÌ tuÌ‰ laÌ£nh vaÌ€ maÌy giÄƒÌ£t. CoÌ€n Ä‘Ã¢u khÃ´ng thiÃªÌu thÆ°Ì giÌ€ caÌ‰.  - ViÌ£ triÌ: ngoÌƒ ba gaÌc.  - PhuÌ€ hÆ¡Ì£p: chiÌ‰ hÃ´Ì£ gia Ä‘iÌ€nh gÃ´Ì€m vÆ¡Ì£ chÃ´Ì€ng + con caÌi. KhÃ´ng nhoÌm.  - GiaÌ: 8tr/ thaÌng. ÄoÌng 3 coÌ£c 1. KhÃ´ng TL.  - HiÃªÌ£n traÌ£ng: vaÌ€o ngay.  Quan tÃ¢m goÌ£i ***  Dct8",NhÃ  Äáº¥t Thá»• CÆ°,Cho ThuÃª,25,3.0,4.0,"Giáº¥y CN QSDÄ, Sá»• Ä‘á», Sá»• há»“ng",,,5.0,https://i.meeymedia.com/GQY32FqP-2j-3jAXZmqjvAvYx9JYK_xPQY2xBx-VfTA/rs:fill:900:600/g:ce/czM6Ly9tZWV5bGFuZC1haS9pbWFnZXMvMjAyNC8wNi8yNDZhYzg2Zjg1NzE0ZDY3YjQ4ZDRmODNjMDEzZmI4ZmNjLTI4ODQzNTg5OTI0Mjc1ODYzMDkuanBn.jpg,"[20.9819317, 105.821954]",HoÃ ng Mai,HÃ  Ná»™i
cho thuÃª gáº¥p nhÃ  2pn - hd lÃ¢u dÃ i - dá»n á»Ÿ ngay,"Ä. Huá»³nh Táº¥n PhÃ¡t, Tt. NhÃ  BÃ¨, H. NhÃ  BÃ¨, Tp. Há»“ ChÃ­ Minh",4.51,CHO THUÃŠ NHÃ€ HáººM 3M HUá»²NH Táº¤N PHÃT NHÃ€ BÃˆ.  - DT: 4m  8m ( 1 Lá»®NG 2 PHÃ’NG NGá»¦) 1WC.   - SÆ¡n sá»¯a giao nhÃ  má»›i cho kh.   - Äiá»‡ nÆ°á»›c chÃ­nh  - GiÃ¡ 4tr500   - Lh : ***,NhÃ  Äáº¥t Thá»• CÆ°,Cho ThuÃª,28,2.0,1.0,"Giáº¥y CN QSDÄ, Sá»• Ä‘á», Sá»• há»“ng",,,1.0,https://i.meeymedia.com/UvduI1-U45w2lwT6xIXt1iLFYi9Hl_Vh2wKyv8h7Ug0/rs:fill:900:600/g:ce/czM6Ly9tZWV5bGFuZC1haS9pbWFnZXMvMjAyNC8wNi8yNDUxMDY5NjM4Y2E4MDgwZGM1MGZhZDJlMzYxMmFlNDVhLTI4ODQzNjk2NTk1NTMwOTIzNTcuanBn.jpg,"[10.68333, 106.76667]",NhÃ  BÃ¨,Há»“ ChÃ­ Minh
NhÃ  má»›i gÃ² dáº§u 4x12m 1 láº§u 2 phÃ²ng ngá»§ 8.5tr,"Ä. GÃ² Dáº§u, P. TÃ¢n QuÃ½, Q. TÃ¢n PhÃº, Tp. Há»“ ChÃ­ Minh",8.5,"NhÃ  cho thuÃª háº»m GÃ² Dáº§u , P.TÃ¢n QuÃ½, Quáº­n TÃ¢n PhÃº  - Diá»‡n tÃ­ch: 4 x 12m .  - Káº¿t cáº¥u : trá»‡t, 1 láº§u .2PN.2WC   - NhÃ  má»›i sÆ¡n sá»­a   GiÃ¡ thuÃª : 8.5 triá»‡u/thÃ¡ng",NhÃ  Äáº¥t Thá»• CÆ°,Cho ThuÃª,48,2.0,2.0,"Giáº¥y CN QSDÄ, Sá»• Ä‘á», Sá»• há»“ng",,,,https://i.meeymedia.com/06KGaFKgcgvja0pIxsqcZ-7bDlaejzCRvdOXhUmb43A/rs:fill:900:600/g:ce/czM6Ly9tZWV5bGFuZC1haS9pbWFnZXMvMjAyNC8wNi8yNDJmMjQ1OGEwZjViMGJlZDBlNWI2MmFiOGJlZTNkMTIzLTI4ODQzNjc2NDM5Nzc5MDQ0MDguanBn.jpg,"[10.7957607, 106.6201794]",TÃ¢n PhÃº,Há»“ ChÃ­ Minh
PhÃ²ng Trá» CÃ³ GÃ¡c Rá»™ng RÃ£i á» ÄÆ°á»£c 4 ngÆ°á»i á» BÃ u CÃ¡t TÃ¢n BÃ¬nh,"Ä. BÃ u CÃ¡t, P. 14, Q. TÃ¢n BÃ¬nh, Tp. Há»“ ChÃ­ Minh",3.21,"PHÃ’NG TRá»Œ CÃ“ GÃC Rá»˜NG á» ÄÆ¯á»¢C 4NGÆ¯á»œI Táº I TÃ‚N BÃŒNH    Äá»‹a chá»‰: BÃ u CÃ¡t P14 TÃ¢n BÃ¬nh   GiÃ¡: 3tr2-4tr/thÃ¡ng    CÃ³ gÃ¡c cÃ³ cá»­a sá»• hÃ nh lang thoÃ¡ng mÃ¡t   Hiá»‡n táº¡i khÃ´ng cÃ³ ná»™i tháº¥t, cÃ³ thá»ƒ thÃªm mÃ¡y láº¡nh tá»§ láº¡nh theo yÃªu cáº§u   KhÃ´ng chung chá»§, báº¡n bÃ¨ Ä‘áº¿n chÆ¡i thoáº£i mÃ¡i   Khu dÃ¢n cÆ° Ä‘Ã´ng Ä‘Ãºc, thuáº­n tiá»‡n di chuyá»ƒn, gáº§n Etown , vÃ²ng xoay lÄƒng cháº£ cáº£, sÃ¢n bay TÃ¢n SÆ¡n Nháº¥t, ngÃ£ tÆ° báº£y hiá»n.....   Call/zalo Äá»©c xem phÃ²ng miá»…n phÃ­. Xin cáº£m Æ¡n!!!","NhÃ  Trá», PhÃ²ng Trá»",Cho ThuÃª,30,,,,,,,https://i.meeymedia.com/2iNUZmmwO3rryTskbDhgkaMBI-qKaRyEI4TCZ_JjikI/rs:fill:900:600/g:ce/czM6Ly9tZWV5bGFuZC1haS9pbWFnZXMvMjAyNC8wNi8yNDljZjk1MDkzMzVhYWMxMzJmMTMwYzMyYzk5YjVkODU5LTI4ODQzNjg0NjI1OTA5MjEyMDIuanBn.jpg,"[10.7875674, 106.6439248]",TÃ¢n BÃ¬nh,Há»“ ChÃ­ Minh
